2025-04-28 17:14:16 - Prefeitura ID: 55
2025-04-28 17:14:16 - Total de perguntas recuperadas: 9
2025-04-28 17:14:17 - Respostas recuperadas: {"1":"Prefeito","2":"Sim","14":"Teste|14|87|98|199|199;Secret\u00e1ria da Educa\u00e7\u00e3o|45|58|97|200|399;Educa\u00e7\u00e3p|44|88|88|220|619","4":"N\u00e3o","5":"N\u00e3o|teste","6":"teste","7":"Sim","8":"teste","9":"teste"}
2025-04-28 17:14:17 - Processando pergunta 1, resposta_valor: Prefeito
2025-04-28 17:14:17 - Processando pergunta 2, resposta_valor: Sim
2025-04-28 17:14:17 - Pergunta 2 - resposta_sim_nao: Sim, justificativa_valor: 
2025-04-28 17:14:17 - Processando pergunta 14, resposta_valor: Teste|14|87|98|199|199;Secretária da Educação|45|58|97|200|399;Educaçãp|44|88|88|220|619
2025-04-28 17:14:18 - Pergunta 14 (planilha) - linhas brutas: ["Teste|14|87|98|199|199","Secret\u00e1ria da Educa\u00e7\u00e3o|45|58|97|200|399","Educa\u00e7\u00e3p|44|88|88|220|619"]
2025-04-28 17:14:18 - Pergunta 14 (planilha) - dados da linha: ["Teste","14","87","98","199","199"]
2025-04-28 17:14:18 - Pergunta 14 (planilha) - dados da linha: ["Secret\u00e1ria da Educa\u00e7\u00e3o","45","58","97","200","399"]
2025-04-28 17:14:18 - Pergunta 14 (planilha) - dados da linha: ["Educa\u00e7\u00e3p","44","88","88","220","619"]
2025-04-28 17:14:18 - Pergunta 14 (planilha) - planilha_data: [{"secretaria":"Teste","efetivos":"14","comissionados":"87","temporarios":"98","total_parcial":"199"},{"secretaria":"Secret\u00e1ria da Educa\u00e7\u00e3o","efetivos":"45","comissionados":"58","temporarios":"97","total_parcial":"200"},{"secretaria":"Educa\u00e7\u00e3p","efetivos":"44","comissionados":"88","temporarios":"88","total_parcial":"220"}]
2025-04-28 17:14:19 - Processando pergunta 4, resposta_valor: Não
2025-04-28 17:14:19 - Pergunta 4 - resposta_sim_nao: Não, eixo_selecionado: , justificativa_valor: 
2025-04-28 17:14:19 - Processando pergunta 5, resposta_valor: Não|teste
2025-04-28 17:14:19 - Pergunta 5 - resposta_sim_nao: Não, justificativa_valor: teste
2025-04-28 17:14:19 - Processando pergunta 6, resposta_valor: teste
2025-04-28 17:14:20 - Processando pergunta 7, resposta_valor: Sim
2025-04-28 17:14:20 - Pergunta 7 - resposta_sim_nao: Sim, justificativa_valor: 
2025-04-28 17:14:20 - Processando pergunta 8, resposta_valor: teste
2025-04-28 17:14:20 - Pergunta 8 - resposta_valor: teste, outras_respostas_valor: 
2025-04-28 17:14:21 - Processando pergunta 9, resposta_valor: teste
2025-04-28 17:14:21 - Prefeitura ID: 55
2025-04-28 17:14:21 - Total de perguntas recuperadas: 9
2025-04-28 17:14:22 - Respostas recuperadas: {"1":"Prefeito","2":"Sim","14":"Teste|14|87|98|199|199;Secret\u00e1ria da Educa\u00e7\u00e3o|45|58|97|200|399;Educa\u00e7\u00e3p|44|88|88|220|619","4":"N\u00e3o","5":"N\u00e3o|teste","6":"teste","7":"Sim","8":"teste","9":"teste"}
2025-04-28 17:14:22 - Processando pergunta 1, resposta_valor: Prefeito
2025-04-28 17:14:22 - Processando pergunta 2, resposta_valor: Sim
2025-04-28 17:14:22 - Pergunta 2 - resposta_sim_nao: Sim, justificativa_valor: 
2025-04-28 17:14:22 - Processando pergunta 14, resposta_valor: Teste|14|87|98|199|199;Secretária da Educação|45|58|97|200|399;Educaçãp|44|88|88|220|619
2025-04-28 17:14:23 - Pergunta 14 (planilha) - linhas brutas: ["Teste|14|87|98|199|199","Secret\u00e1ria da Educa\u00e7\u00e3o|45|58|97|200|399","Educa\u00e7\u00e3p|44|88|88|220|619"]
2025-04-28 17:14:23 - Pergunta 14 (planilha) - dados da linha: ["Teste","14","87","98","199","199"]
2025-04-28 17:14:23 - Pergunta 14 (planilha) - dados da linha: ["Secret\u00e1ria da Educa\u00e7\u00e3o","45","58","97","200","399"]
2025-04-28 17:14:23 - Pergunta 14 (planilha) - dados da linha: ["Educa\u00e7\u00e3p","44","88","88","220","619"]
2025-04-28 17:14:23 - Pergunta 14 (planilha) - planilha_data: [{"secretaria":"Teste","efetivos":"14","comissionados":"87","temporarios":"98","total_parcial":"199"},{"secretaria":"Secret\u00e1ria da Educa\u00e7\u00e3o","efetivos":"45","comissionados":"58","temporarios":"97","total_parcial":"200"},{"secretaria":"Educa\u00e7\u00e3p","efetivos":"44","comissionados":"88","temporarios":"88","total_parcial":"220"}]
2025-04-28 17:14:24 - Processando pergunta 4, resposta_valor: Não
2025-04-28 17:14:24 - Pergunta 4 - resposta_sim_nao: Não, eixo_selecionado: , justificativa_valor: 
2025-04-28 17:14:24 - Processando pergunta 5, resposta_valor: Não|teste
2025-04-28 17:14:24 - Pergunta 5 - resposta_sim_nao: Não, justificativa_valor: teste
2025-04-28 17:14:24 - Processando pergunta 6, resposta_valor: teste
2025-04-28 17:14:25 - Processando pergunta 7, resposta_valor: Sim
2025-04-28 17:14:25 - Pergunta 7 - resposta_sim_nao: Sim, justificativa_valor: 
2025-04-28 17:14:25 - Processando pergunta 8, resposta_valor: teste
2025-04-28 17:14:25 - Pergunta 8 - resposta_valor: teste, outras_respostas_valor: 
2025-04-28 17:14:25 - Processando pergunta 9, resposta_valor: teste
2025-04-28 17:14:37 - Prefeitura ID: 55
2025-04-28 17:14:37 - Total de perguntas recuperadas: 9
2025-04-28 17:14:38 - Respostas recuperadas: {"1":"Prefeito","2":"Sim","14":"Teste|14|87|98|199|199;Secret\u00e1ria da Educa\u00e7\u00e3o|45|58|97|200|399;Educa\u00e7\u00e3p|44|88|88|220|619","4":"N\u00e3o","5":"N\u00e3o|teste","6":"teste","7":"Sim","8":"teste","9":"teste"}
2025-04-28 17:14:38 - Formulário enviado: {"resposta":{"1":"Prefeito","2":{"sim_nao":"Sim"},"4":{"sim_nao":"N\u00e3o","eixo":""},"5":"N\u00e3o","6":"teste","7":{"sim_nao":"Sim"},"8":"teste","9":"teste"},"justificativa":{"2":"","4":"","5":"teste","7":""},"secretaria":{"14":["Teste","Secret\u00e1ria da Educa\u00e7\u00e3o","Educa\u00e7\u00e3p"]},"efetivos":{"14":["14","45","44"]},"comissionados":{"14":["87","58","88"]},"temporarios":{"14":["98","97","88"]},"salvar":""}
2025-04-28 17:14:38 - Atualizada resposta para pergunta 1: Prefeito
2025-04-28 17:14:38 - Atualizada resposta para pergunta 2: Sim
2025-04-28 17:14:39 - Pergunta 14 (planilha) - Resposta gerada: Teste|14|87|98|199;Secretária da Educação|45|58|97|200;Educaçãp|44|88|88|220
2025-04-28 17:14:39 - Atualizada resposta para pergunta 14: Teste|14|87|98|199;Secretária da Educação|45|58|97|200;Educaçãp|44|88|88|220
2025-04-28 17:14:39 - Atualizada resposta para pergunta 4: Não
2025-04-28 17:14:39 - Atualizada resposta para pergunta 5: Não|teste
2025-04-28 17:14:39 - Atualizada resposta para pergunta 6: teste
2025-04-28 17:14:40 - Atualizada resposta para pergunta 7: Sim
2025-04-28 17:14:40 - Atualizada resposta para pergunta 8: teste
2025-04-28 17:14:40 - Atualizada resposta para pergunta 9: teste
2025-04-28 17:14:40 - Salvamento concluído com sucesso
2025-04-28 17:14:40 - Prefeitura ID: 55
2025-04-28 17:14:41 - Total de perguntas recuperadas: 9
2025-04-28 17:14:41 - Respostas recuperadas: {"1":"Prefeito","2":"Sim","14":"Teste|14|87|98|199;Secret\u00e1ria da Educa\u00e7\u00e3o|45|58|97|200;Educa\u00e7\u00e3p|44|88|88|220","4":"N\u00e3o","5":"N\u00e3o|teste","6":"teste","7":"Sim","8":"teste","9":"teste"}
2025-04-28 17:14:41 - Processando pergunta 1, resposta_valor: Prefeito
2025-04-28 17:14:41 - Processando pergunta 2, resposta_valor: Sim
2025-04-28 17:14:41 - Pergunta 2 - resposta_sim_nao: Sim, justificativa_valor: 
2025-04-28 17:14:42 - Processando pergunta 14, resposta_valor: Teste|14|87|98|199;Secretária da Educação|45|58|97|200;Educaçãp|44|88|88|220
2025-04-28 17:14:42 - Pergunta 14 (planilha) - linhas brutas: ["Teste|14|87|98|199","Secret\u00e1ria da Educa\u00e7\u00e3o|45|58|97|200","Educa\u00e7\u00e3p|44|88|88|220"]
2025-04-28 17:14:42 - Pergunta 14 (planilha) - dados da linha: ["Teste","14","87","98","199"]
2025-04-28 17:14:42 - Pergunta 14 (planilha) - dados da linha: ["Secret\u00e1ria da Educa\u00e7\u00e3o","45","58","97","200"]
2025-04-28 17:14:42 - Pergunta 14 (planilha) - dados da linha: ["Educa\u00e7\u00e3p","44","88","88","220"]
2025-04-28 17:14:43 - Pergunta 14 (planilha) - planilha_data: [{"secretaria":"Teste","efetivos":"14","comissionados":"87","temporarios":"98","total_parcial":"199"},{"secretaria":"Secret\u00e1ria da Educa\u00e7\u00e3o","efetivos":"45","comissionados":"58","temporarios":"97","total_parcial":"200"},{"secretaria":"Educa\u00e7\u00e3p","efetivos":"44","comissionados":"88","temporarios":"88","total_parcial":"220"}]
2025-04-28 17:14:43 - Processando pergunta 4, resposta_valor: Não
2025-04-28 17:14:43 - Pergunta 4 - resposta_sim_nao: Não, eixo_selecionado: , justificativa_valor: 
2025-04-28 17:14:43 - Processando pergunta 5, resposta_valor: Não|teste
2025-04-28 17:14:44 - Pergunta 5 - resposta_sim_nao: Não, justificativa_valor: teste
2025-04-28 17:14:44 - Processando pergunta 6, resposta_valor: teste
2025-04-28 17:14:44 - Processando pergunta 7, resposta_valor: Sim
2025-04-28 17:14:44 - Pergunta 7 - resposta_sim_nao: Sim, justificativa_valor: 
2025-04-28 17:14:44 - Processando pergunta 8, resposta_valor: teste
2025-04-28 17:14:45 - Pergunta 8 - resposta_valor: teste, outras_respostas_valor: 
2025-04-28 17:14:45 - Processando pergunta 9, resposta_valor: teste
2025-04-28 17:14:58 - Prefeitura ID: 55
2025-04-28 17:14:58 - Total de perguntas recuperadas: 9
2025-04-28 17:14:58 - Respostas recuperadas: {"1":"Prefeito","2":"Sim","14":"Teste|14|87|98|199;Secret\u00e1ria da Educa\u00e7\u00e3o|45|58|97|200;Educa\u00e7\u00e3p|44|88|88|220","4":"N\u00e3o","5":"N\u00e3o|teste","6":"teste","7":"Sim","8":"teste","9":"teste"}
2025-04-28 17:14:59 - Formulário enviado: {"resposta":{"1":"Prefeito","2":{"sim_nao":"Sim"},"4":{"sim_nao":"N\u00e3o","eixo":""},"5":"N\u00e3o","6":"teste","7":{"sim_nao":"Sim"},"8":"teste","9":"teste"},"justificativa":{"2":"","4":"","5":"teste","7":""},"secretaria":{"14":["Teste","Secret\u00e1ria da Educa\u00e7\u00e3o","Educa\u00e7\u00e3o"]},"efetivos":{"14":["14","45","44"]},"comissionados":{"14":["87","58","88"]},"temporarios":{"14":["98","97","88"]},"salvar":""}
2025-04-28 17:14:59 - Atualizada resposta para pergunta 1: Prefeito
2025-04-28 17:14:59 - Atualizada resposta para pergunta 2: Sim
2025-04-28 17:14:59 - Pergunta 14 (planilha) - Resposta gerada: Teste|14|87|98|199;Secretária da Educação|45|58|97|200;Educação|44|88|88|220
2025-04-28 17:15:00 - Atualizada resposta para pergunta 14: Teste|14|87|98|199;Secretária da Educação|45|58|97|200;Educação|44|88|88|220
2025-04-28 17:15:00 - Atualizada resposta para pergunta 4: Não
2025-04-28 17:15:00 - Atualizada resposta para pergunta 5: Não|teste
2025-04-28 17:15:00 - Atualizada resposta para pergunta 6: teste
2025-04-28 17:15:00 - Atualizada resposta para pergunta 7: Sim
2025-04-28 17:15:01 - Atualizada resposta para pergunta 8: teste
2025-04-28 17:15:01 - Atualizada resposta para pergunta 9: teste
2025-04-28 17:15:01 - Salvamento concluído com sucesso
2025-04-28 17:15:01 - Prefeitura ID: 55
2025-04-28 17:15:01 - Total de perguntas recuperadas: 9
2025-04-28 17:15:02 - Respostas recuperadas: {"1":"Prefeito","2":"Sim","14":"Teste|14|87|98|199;Secret\u00e1ria da Educa\u00e7\u00e3o|45|58|97|200;Educa\u00e7\u00e3o|44|88|88|220","4":"N\u00e3o","5":"N\u00e3o|teste","6":"teste","7":"Sim","8":"teste","9":"teste"}
2025-04-28 17:15:02 - Processando pergunta 1, resposta_valor: Prefeito
2025-04-28 17:15:02 - Processando pergunta 2, resposta_valor: Sim
2025-04-28 17:15:02 - Pergunta 2 - resposta_sim_nao: Sim, justificativa_valor: 
2025-04-28 17:15:03 - Processando pergunta 14, resposta_valor: Teste|14|87|98|199;Secretária da Educação|45|58|97|200;Educação|44|88|88|220
2025-04-28 17:15:03 - Pergunta 14 (planilha) - linhas brutas: ["Teste|14|87|98|199","Secret\u00e1ria da Educa\u00e7\u00e3o|45|58|97|200","Educa\u00e7\u00e3o|44|88|88|220"]
2025-04-28 17:15:03 - Pergunta 14 (planilha) - dados da linha: ["Teste","14","87","98","199"]
2025-04-28 17:15:03 - Pergunta 14 (planilha) - dados da linha: ["Secret\u00e1ria da Educa\u00e7\u00e3o","45","58","97","200"]
2025-04-28 17:15:03 - Pergunta 14 (planilha) - dados da linha: ["Educa\u00e7\u00e3o","44","88","88","220"]
2025-04-28 17:15:04 - Pergunta 14 (planilha) - planilha_data: [{"secretaria":"Teste","efetivos":"14","comissionados":"87","temporarios":"98","total_parcial":"199"},{"secretaria":"Secret\u00e1ria da Educa\u00e7\u00e3o","efetivos":"45","comissionados":"58","temporarios":"97","total_parcial":"200"},{"secretaria":"Educa\u00e7\u00e3o","efetivos":"44","comissionados":"88","temporarios":"88","total_parcial":"220"}]
2025-04-28 17:15:04 - Processando pergunta 4, resposta_valor: Não
2025-04-28 17:15:04 - Pergunta 4 - resposta_sim_nao: Não, eixo_selecionado: , justificativa_valor: 
2025-04-28 17:15:04 - Processando pergunta 5, resposta_valor: Não|teste
2025-04-28 17:15:04 - Pergunta 5 - resposta_sim_nao: Não, justificativa_valor: teste
2025-04-28 17:15:05 - Processando pergunta 6, resposta_valor: teste
2025-04-28 17:15:05 - Processando pergunta 7, resposta_valor: Sim
2025-04-28 17:15:05 - Pergunta 7 - resposta_sim_nao: Sim, justificativa_valor: 
2025-04-28 17:15:05 - Processando pergunta 8, resposta_valor: teste
2025-04-28 17:15:06 - Pergunta 8 - resposta_valor: teste, outras_respostas_valor: 
2025-04-28 17:15:06 - Processando pergunta 9, resposta_valor: teste
2025-04-28 17:16:50 - Prefeitura ID: 55
2025-04-28 17:16:50 - Total de perguntas recuperadas: 9
2025-04-28 17:16:51 - Respostas recuperadas: {"1":"Prefeito","2":"Sim","14":"Teste|14|87|98|199;Secret\u00e1ria da Educa\u00e7\u00e3o|45|58|97|200;Educa\u00e7\u00e3o|44|88|88|220","4":"N\u00e3o","5":"N\u00e3o|teste","6":"teste","7":"Sim","8":"teste","9":"teste"}
2025-04-28 17:16:51 - Processando pergunta 1, resposta_valor: Prefeito
2025-04-28 17:16:51 - Processando pergunta 2, resposta_valor: Sim
2025-04-28 17:16:51 - Pergunta 2 - resposta_sim_nao: Sim, justificativa_valor: 
2025-04-28 17:16:52 - Processando pergunta 14, resposta_valor: Teste|14|87|98|199;Secretária da Educação|45|58|97|200;Educação|44|88|88|220
2025-04-28 17:16:52 - Pergunta 14 (planilha) - linhas brutas: ["Teste|14|87|98|199","Secret\u00e1ria da Educa\u00e7\u00e3o|45|58|97|200","Educa\u00e7\u00e3o|44|88|88|220"]
2025-04-28 17:16:52 - Pergunta 14 (planilha) - dados da linha: ["Teste","14","87","98","199"]
2025-04-28 17:16:52 - Pergunta 14 (planilha) - dados da linha: ["Secret\u00e1ria da Educa\u00e7\u00e3o","45","58","97","200"]
2025-04-28 17:16:52 - Pergunta 14 (planilha) - dados da linha: ["Educa\u00e7\u00e3o","44","88","88","220"]
2025-04-28 17:16:53 - Pergunta 14 (planilha) - planilha_data: [{"secretaria":"Teste","efetivos":"14","comissionados":"87","temporarios":"98","total_parcial":"199"},{"secretaria":"Secret\u00e1ria da Educa\u00e7\u00e3o","efetivos":"45","comissionados":"58","temporarios":"97","total_parcial":"200"},{"secretaria":"Educa\u00e7\u00e3o","efetivos":"44","comissionados":"88","temporarios":"88","total_parcial":"220"}]
2025-04-28 17:16:53 - Processando pergunta 4, resposta_valor: Não
2025-04-28 17:16:53 - Pergunta 4 - resposta_sim_nao: Não, eixo_selecionado: , justificativa_valor: 
2025-04-28 17:16:53 - Processando pergunta 5, resposta_valor: Não|teste
2025-04-28 17:16:53 - Pergunta 5 - resposta_sim_nao: Não, justificativa_valor: teste
2025-04-28 17:16:54 - Processando pergunta 6, resposta_valor: teste
2025-04-28 17:16:54 - Processando pergunta 7, resposta_valor: Sim
2025-04-28 17:16:54 - Pergunta 7 - resposta_sim_nao: Sim, justificativa_valor: 
2025-04-28 17:16:54 - Processando pergunta 8, resposta_valor: teste
2025-04-28 17:16:54 - Pergunta 8 - resposta_valor: teste, outras_respostas_valor: 
2025-04-28 17:16:55 - Processando pergunta 9, resposta_valor: teste
2025-04-28 21:11:04 - Prefeitura ID: 32
2025-04-28 21:11:05 - Total de perguntas recuperadas: 9
2025-04-28 21:11:05 - Respostas recuperadas: {"1":"Primeira-Dama J\u00fabia Patr\u00edcia Arruda Ribeiro","2":"Sim"}
2025-04-28 21:11:05 - Processando pergunta 1, resposta_valor: Primeira-Dama Júbia Patrícia Arruda Ribeiro
2025-04-28 21:11:05 - Processando pergunta 2, resposta_valor: Sim
2025-04-28 21:11:06 - Pergunta 2 - resposta_sim_nao: Sim, justificativa_valor: 
2025-04-28 21:11:06 - Processando pergunta 14, resposta_valor: 
2025-04-28 21:11:06 - Processando pergunta 4, resposta_valor: 
2025-04-28 21:11:06 - Processando pergunta 5, resposta_valor: 
2025-04-28 21:11:06 - Processando pergunta 6, resposta_valor: 
2025-04-28 21:11:07 - Processando pergunta 7, resposta_valor: 
2025-04-28 21:11:07 - Processando pergunta 8, resposta_valor: 
2025-04-28 21:11:07 - Processando pergunta 9, resposta_valor: 
2025-04-28 21:11:07 - Prefeitura ID: 32
2025-04-28 21:11:08 - Total de perguntas recuperadas: 9
2025-04-28 21:11:08 - Respostas recuperadas: {"1":"Primeira-Dama J\u00fabia Patr\u00edcia Arruda Ribeiro","2":"Sim"}
2025-04-28 21:11:08 - Processando pergunta 1, resposta_valor: Primeira-Dama Júbia Patrícia Arruda Ribeiro
2025-04-28 21:11:08 - Processando pergunta 2, resposta_valor: Sim
2025-04-28 21:11:08 - Pergunta 2 - resposta_sim_nao: Sim, justificativa_valor: 
2025-04-28 21:11:09 - Processando pergunta 14, resposta_valor: 
2025-04-28 21:11:09 - Processando pergunta 4, resposta_valor: 
2025-04-28 21:11:09 - Processando pergunta 5, resposta_valor: 
2025-04-28 21:11:09 - Processando pergunta 6, resposta_valor: 
2025-04-28 21:11:09 - Processando pergunta 7, resposta_valor: 
2025-04-28 21:11:10 - Processando pergunta 8, resposta_valor: 
2025-04-28 21:11:10 - Processando pergunta 9, resposta_valor: 
2025-04-28 21:11:10 - Prefeitura ID: 32
2025-04-28 21:11:11 - Total de perguntas recuperadas: 9
2025-04-28 21:11:11 - Respostas recuperadas: {"1":"Primeira-Dama J\u00fabia Patr\u00edcia Arruda Ribeiro","2":"Sim"}
2025-04-28 21:11:11 - Processando pergunta 1, resposta_valor: Primeira-Dama Júbia Patrícia Arruda Ribeiro
2025-04-28 21:11:11 - Processando pergunta 2, resposta_valor: Sim
2025-04-28 21:11:12 - Pergunta 2 - resposta_sim_nao: Sim, justificativa_valor: 
2025-04-28 21:11:12 - Processando pergunta 14, resposta_valor: 
2025-04-28 21:11:12 - Processando pergunta 4, resposta_valor: 
2025-04-28 21:11:12 - Processando pergunta 5, resposta_valor: 
2025-04-28 21:11:12 - Processando pergunta 6, resposta_valor: 
2025-04-28 21:11:13 - Processando pergunta 7, resposta_valor: 
2025-04-28 21:11:13 - Processando pergunta 8, resposta_valor: 
2025-04-28 21:11:13 - Processando pergunta 9, resposta_valor: 
2025-04-28 21:35:08 - Prefeitura ID: 32
2025-04-28 21:35:08 - Total de perguntas recuperadas: 9
2025-04-28 21:35:08 - Respostas recuperadas: {"1":"Primeira-Dama J\u00fabia Patr\u00edcia Arruda Ribeiro","2":"Sim"}
2025-04-28 21:35:08 - Formulário enviado: {"resposta":{"1":"Primeira-Dama J\u00fabia Patr\u00edcia Arruda Ribeiro","2":{"sim_nao":"Sim"},"4":{"sim_nao":"N\u00e3o","eixo":""},"5":"Sim","6":"8h","7":{"sim_nao":"Sim"},"8":"Disponibilidade dos servidores para conciliar os hor\u00e1rios das atividades laborais e o PCM 2025","9":"Gest\u00e3o de Riscos, \u00c9tica, Transpar\u00eancia\/Ouvidoria e Capacita\u00e7\u00e3o."},"justificativa":{"2":"","4":"","5":"","7":""},"secretaria":{"14":["Secretaria de Sa\u00fade"]},"efetivos":{"14":["125"]},"comissionados":{"14":["8"]},"temporarios":{"14":["87"]},"salvar":""}
2025-04-28 21:35:09 - Atualizada resposta para pergunta 1: Primeira-Dama Júbia Patrícia Arruda Ribeiro
2025-04-28 21:35:09 - Atualizada resposta para pergunta 2: Sim
2025-04-28 21:35:09 - Pergunta 14 (planilha) - Resposta gerada: Secretaria de Saúde|125|8|87|220
2025-04-28 21:35:09 - Inserida resposta para pergunta 14: Secretaria de Saúde|125|8|87|220
2025-04-28 21:35:09 - Inserida resposta para pergunta 4: Não
2025-04-28 21:35:10 - Inserida resposta para pergunta 5: Sim
2025-04-28 21:35:10 - Inserida resposta para pergunta 6: 8h
2025-04-28 21:35:10 - Inserida resposta para pergunta 7: Sim
2025-04-28 21:35:10 - Inserida resposta para pergunta 8: Disponibilidade dos servidores para conciliar os horários das atividades laborais e o PCM 2025
2025-04-28 21:35:11 - Inserida resposta para pergunta 9: Gestão de Riscos, Ética, Transparência/Ouvidoria e Capacitação.
2025-04-28 21:35:11 - Salvamento concluído com sucesso
2025-04-28 21:35:11 - Prefeitura ID: 32
2025-04-28 21:35:11 - Total de perguntas recuperadas: 9
2025-04-28 21:35:11 - Respostas recuperadas: {"1":"Primeira-Dama J\u00fabia Patr\u00edcia Arruda Ribeiro","2":"Sim","14":"Secretaria de Sa\u00fade|125|8|87|220","4":"N\u00e3o","5":"Sim","6":"8h","7":"Sim","8":"Disponibilidade dos servidores para conciliar os hor\u00e1rios das atividades laborais e o PCM 2025","9":"Gest\u00e3o de Riscos, \u00c9tica, Transpar\u00eancia\/Ouvidoria e Capacita\u00e7\u00e3o."}
2025-04-28 21:35:12 - Processando pergunta 1, resposta_valor: Primeira-Dama Júbia Patrícia Arruda Ribeiro
2025-04-28 21:35:12 - Processando pergunta 2, resposta_valor: Sim
2025-04-28 21:35:12 - Pergunta 2 - resposta_sim_nao: Sim, justificativa_valor: 
2025-04-28 21:35:12 - Processando pergunta 14, resposta_valor: Secretaria de Saúde|125|8|87|220
2025-04-28 21:35:13 - Pergunta 14 (planilha) - linhas brutas: ["Secretaria de Sa\u00fade|125|8|87|220"]
2025-04-28 21:35:13 - Pergunta 14 (planilha) - dados da linha: ["Secretaria de Sa\u00fade","125","8","87","220"]
2025-04-28 21:35:13 - Pergunta 14 (planilha) - planilha_data: [{"secretaria":"Secretaria de Sa\u00fade","efetivos":"125","comissionados":"8","temporarios":"87","total_parcial":"220"}]
2025-04-28 21:35:13 - Processando pergunta 4, resposta_valor: Não
2025-04-28 21:35:13 - Pergunta 4 - resposta_sim_nao: Não, eixo_selecionado: , justificativa_valor: 
2025-04-28 21:35:14 - Processando pergunta 5, resposta_valor: Sim
2025-04-28 21:35:14 - Pergunta 5 - resposta_sim_nao: Sim, justificativa_valor: 
2025-04-28 21:35:14 - Processando pergunta 6, resposta_valor: 8h
2025-04-28 21:35:14 - Processando pergunta 7, resposta_valor: Sim
2025-04-28 21:35:14 - Pergunta 7 - resposta_sim_nao: Sim, justificativa_valor: 
2025-04-28 21:35:15 - Processando pergunta 8, resposta_valor: Disponibilidade dos servidores para conciliar os horários das atividades laborais e o PCM 2025
2025-04-28 21:35:15 - Pergunta 8 - resposta_valor: Disponibilidade dos servidores para conciliar os horários das atividades laborais e o PCM 2025, outras_respostas_valor: 
2025-04-28 21:35:15 - Processando pergunta 9, resposta_valor: Gestão de Riscos, Ética, Transparência/Ouvidoria e Capacitação.
2025-04-28 23:09:33 - Prefeitura ID: 32
2025-04-28 23:09:34 - Total de perguntas recuperadas: 9
2025-04-28 23:09:34 - Respostas recuperadas: {"1":"Primeira-Dama J\u00fabia Patr\u00edcia Arruda Ribeiro","2":"Sim","14":"Secretaria de Sa\u00fade|125|8|87|220","4":"N\u00e3o","5":"Sim","6":"8h","7":"Sim","8":"Disponibilidade dos servidores para conciliar os hor\u00e1rios das atividades laborais e o PCM 2025","9":"Gest\u00e3o de Riscos, \u00c9tica, Transpar\u00eancia\/Ouvidoria e Capacita\u00e7\u00e3o."}
2025-04-28 23:09:34 - Processando pergunta 1, resposta_valor: Primeira-Dama Júbia Patrícia Arruda Ribeiro
2025-04-28 23:09:34 - Processando pergunta 2, resposta_valor: Sim
2025-04-28 23:09:34 - Pergunta 2 - resposta_sim_nao: Sim, justificativa_valor: 
2025-04-28 23:09:35 - Processando pergunta 14, resposta_valor: Secretaria de Saúde|125|8|87|220
2025-04-28 23:09:35 - Pergunta 14 (planilha) - linhas brutas: ["Secretaria de Sa\u00fade|125|8|87|220"]
2025-04-28 23:09:35 - Pergunta 14 (planilha) - dados da linha: ["Secretaria de Sa\u00fade","125","8","87","220"]
2025-04-28 23:09:35 - Pergunta 14 (planilha) - planilha_data: [{"secretaria":"Secretaria de Sa\u00fade","efetivos":"125","comissionados":"8","temporarios":"87","total_parcial":"220"}]
2025-04-28 23:09:35 - Processando pergunta 4, resposta_valor: Não
2025-04-28 23:09:36 - Pergunta 4 - resposta_sim_nao: Não, eixo_selecionado: , justificativa_valor: 
2025-04-28 23:09:36 - Processando pergunta 5, resposta_valor: Sim
2025-04-28 23:09:36 - Pergunta 5 - resposta_sim_nao: Sim, justificativa_valor: 
2025-04-28 23:09:36 - Processando pergunta 6, resposta_valor: 8h
2025-04-28 23:09:36 - Processando pergunta 7, resposta_valor: Sim
2025-04-28 23:09:37 - Pergunta 7 - resposta_sim_nao: Sim, justificativa_valor: 
2025-04-28 23:09:37 - Processando pergunta 8, resposta_valor: Disponibilidade dos servidores para conciliar os horários das atividades laborais e o PCM 2025
2025-04-28 23:09:37 - Pergunta 8 - resposta_valor: Disponibilidade dos servidores para conciliar os horários das atividades laborais e o PCM 2025, outras_respostas_valor: 
2025-04-28 23:09:37 - Processando pergunta 9, resposta_valor: Gestão de Riscos, Ética, Transparência/Ouvidoria e Capacitação.
2025-04-28 23:09:44 - Prefeitura ID: 32
2025-04-28 23:09:44 - Total de perguntas recuperadas: 9
2025-04-28 23:09:44 - Respostas recuperadas: {"1":"Primeira-Dama J\u00fabia Patr\u00edcia Arruda Ribeiro","2":"Sim","14":"Secretaria de Sa\u00fade|125|8|87|220","4":"N\u00e3o","5":"Sim","6":"8h","7":"Sim","8":"Disponibilidade dos servidores para conciliar os hor\u00e1rios das atividades laborais e o PCM 2025","9":"Gest\u00e3o de Riscos, \u00c9tica, Transpar\u00eancia\/Ouvidoria e Capacita\u00e7\u00e3o."}
2025-04-28 23:09:45 - Formulário enviado: {"resposta":{"1":"Primeira-Dama J\u00fabia Patr\u00edcia Arruda Ribeiro","2":{"sim_nao":"Sim"},"4":{"sim_nao":"N\u00e3o","eixo":""},"5":"Sim","6":"8h","7":{"sim_nao":"Sim"},"8":"Disponibilidade dos servidores para conciliar os hor\u00e1rios das atividades laborais e o PCM 2025","9":"Gest\u00e3o de Riscos, \u00c9tica, Transpar\u00eancia\/Ouvidoria e Capacita\u00e7\u00e3o."},"justificativa":{"2":"","4":"","5":"","7":""},"secretaria":{"14":["Secretaria de Sa\u00fade"]},"efetivos":{"14":["125"]},"comissionados":{"14":["8"]},"temporarios":{"14":["87"]},"salvar":""}
2025-04-28 23:09:45 - Atualizada resposta para pergunta 1: Primeira-Dama Júbia Patrícia Arruda Ribeiro
2025-04-28 23:09:45 - Atualizada resposta para pergunta 2: Sim
2025-04-28 23:09:45 - Pergunta 14 (planilha) - Resposta gerada: Secretaria de Saúde|125|8|87|220
2025-04-28 23:09:45 - Atualizada resposta para pergunta 14: Secretaria de Saúde|125|8|87|220
2025-04-28 23:09:46 - Atualizada resposta para pergunta 4: Não
2025-04-28 23:09:46 - Atualizada resposta para pergunta 5: Sim
2025-04-28 23:09:46 - Atualizada resposta para pergunta 6: 8h
2025-04-28 23:09:46 - Atualizada resposta para pergunta 7: Sim
2025-04-28 23:09:47 - Atualizada resposta para pergunta 8: Disponibilidade dos servidores para conciliar os horários das atividades laborais e o PCM 2025
2025-04-28 23:09:47 - Atualizada resposta para pergunta 9: Gestão de Riscos, Ética, Transparência/Ouvidoria e Capacitação.
2025-04-28 23:09:47 - Salvamento concluído com sucesso
2025-04-28 23:09:47 - Prefeitura ID: 32
2025-04-28 23:09:48 - Total de perguntas recuperadas: 9
2025-04-28 23:09:48 - Respostas recuperadas: {"1":"Primeira-Dama J\u00fabia Patr\u00edcia Arruda Ribeiro","2":"Sim","14":"Secretaria de Sa\u00fade|125|8|87|220","4":"N\u00e3o","5":"Sim","6":"8h","7":"Sim","8":"Disponibilidade dos servidores para conciliar os hor\u00e1rios das atividades laborais e o PCM 2025","9":"Gest\u00e3o de Riscos, \u00c9tica, Transpar\u00eancia\/Ouvidoria e Capacita\u00e7\u00e3o."}
2025-04-28 23:09:48 - Processando pergunta 1, resposta_valor: Primeira-Dama Júbia Patrícia Arruda Ribeiro
2025-04-28 23:09:48 - Processando pergunta 2, resposta_valor: Sim
2025-04-28 23:09:48 - Pergunta 2 - resposta_sim_nao: Sim, justificativa_valor: 
2025-04-28 23:09:49 - Processando pergunta 14, resposta_valor: Secretaria de Saúde|125|8|87|220
2025-04-28 23:09:49 - Pergunta 14 (planilha) - linhas brutas: ["Secretaria de Sa\u00fade|125|8|87|220"]
2025-04-28 23:09:49 - Pergunta 14 (planilha) - dados da linha: ["Secretaria de Sa\u00fade","125","8","87","220"]
2025-04-28 23:09:49 - Pergunta 14 (planilha) - planilha_data: [{"secretaria":"Secretaria de Sa\u00fade","efetivos":"125","comissionados":"8","temporarios":"87","total_parcial":"220"}]
2025-04-28 23:09:50 - Processando pergunta 4, resposta_valor: Não
2025-04-28 23:09:50 - Pergunta 4 - resposta_sim_nao: Não, eixo_selecionado: , justificativa_valor: 
2025-04-28 23:09:50 - Processando pergunta 5, resposta_valor: Sim
2025-04-28 23:09:50 - Pergunta 5 - resposta_sim_nao: Sim, justificativa_valor: 
2025-04-28 23:09:50 - Processando pergunta 6, resposta_valor: 8h
2025-04-28 23:09:51 - Processando pergunta 7, resposta_valor: Sim
2025-04-28 23:09:51 - Pergunta 7 - resposta_sim_nao: Sim, justificativa_valor: 
2025-04-28 23:09:51 - Processando pergunta 8, resposta_valor: Disponibilidade dos servidores para conciliar os horários das atividades laborais e o PCM 2025
2025-04-28 23:09:51 - Pergunta 8 - resposta_valor: Disponibilidade dos servidores para conciliar os horários das atividades laborais e o PCM 2025, outras_respostas_valor: 
2025-04-28 23:09:51 - Processando pergunta 9, resposta_valor: Gestão de Riscos, Ética, Transparência/Ouvidoria e Capacitação.
2025-04-28 23:09:58 - Prefeitura ID: 32
2025-04-28 23:09:58 - Total de perguntas recuperadas: 9
2025-04-28 23:09:58 - Respostas recuperadas: {"1":"Primeira-Dama J\u00fabia Patr\u00edcia Arruda Ribeiro","2":"Sim","14":"Secretaria de Sa\u00fade|125|8|87|220","4":"N\u00e3o","5":"Sim","6":"8h","7":"Sim","8":"Disponibilidade dos servidores para conciliar os hor\u00e1rios das atividades laborais e o PCM 2025","9":"Gest\u00e3o de Riscos, \u00c9tica, Transpar\u00eancia\/Ouvidoria e Capacita\u00e7\u00e3o."}
2025-04-28 23:09:58 - Formulário enviado: {"resposta":{"1":"Primeira-Dama J\u00fabia Patr\u00edcia Arruda Ribeiro","2":{"sim_nao":"Sim"},"4":{"sim_nao":"N\u00e3o","eixo":""},"5":"Sim","6":"8h","7":{"sim_nao":"Sim"},"8":"Disponibilidade dos servidores para conciliar os hor\u00e1rios das atividades laborais e o PCM 2025","9":"Gest\u00e3o de Riscos, \u00c9tica, Transpar\u00eancia\/Ouvidoria e Capacita\u00e7\u00e3o."},"justificativa":{"2":"","4":"","5":"","7":""},"secretaria":{"14":["Secretaria de Sa\u00fade"]},"efetivos":{"14":["125"]},"comissionados":{"14":["8"]},"temporarios":{"14":["87"]},"salvar":""}
2025-04-28 23:09:58 - Atualizada resposta para pergunta 1: Primeira-Dama Júbia Patrícia Arruda Ribeiro
2025-04-28 23:09:59 - Atualizada resposta para pergunta 2: Sim
2025-04-28 23:09:59 - Pergunta 14 (planilha) - Resposta gerada: Secretaria de Saúde|125|8|87|220
2025-04-28 23:09:59 - Atualizada resposta para pergunta 14: Secretaria de Saúde|125|8|87|220
2025-04-28 23:09:59 - Atualizada resposta para pergunta 4: Não
2025-04-28 23:10:00 - Atualizada resposta para pergunta 5: Sim
2025-04-28 23:10:00 - Atualizada resposta para pergunta 6: 8h
2025-04-28 23:10:00 - Atualizada resposta para pergunta 7: Sim
2025-04-28 23:10:00 - Atualizada resposta para pergunta 8: Disponibilidade dos servidores para conciliar os horários das atividades laborais e o PCM 2025
2025-04-28 23:10:00 - Atualizada resposta para pergunta 9: Gestão de Riscos, Ética, Transparência/Ouvidoria e Capacitação.
2025-04-28 23:10:01 - Salvamento concluído com sucesso
2025-04-28 23:10:01 - Prefeitura ID: 32
2025-04-28 23:10:01 - Total de perguntas recuperadas: 9
2025-04-28 23:10:02 - Respostas recuperadas: {"1":"Primeira-Dama J\u00fabia Patr\u00edcia Arruda Ribeiro","2":"Sim","14":"Secretaria de Sa\u00fade|125|8|87|220","4":"N\u00e3o","5":"Sim","6":"8h","7":"Sim","8":"Disponibilidade dos servidores para conciliar os hor\u00e1rios das atividades laborais e o PCM 2025","9":"Gest\u00e3o de Riscos, \u00c9tica, Transpar\u00eancia\/Ouvidoria e Capacita\u00e7\u00e3o."}
2025-04-28 23:10:02 - Processando pergunta 1, resposta_valor: Primeira-Dama Júbia Patrícia Arruda Ribeiro
2025-04-28 23:10:02 - Processando pergunta 2, resposta_valor: Sim
2025-04-28 23:10:02 - Pergunta 2 - resposta_sim_nao: Sim, justificativa_valor: 
2025-04-28 23:10:02 - Processando pergunta 14, resposta_valor: Secretaria de Saúde|125|8|87|220
2025-04-28 23:10:03 - Pergunta 14 (planilha) - linhas brutas: ["Secretaria de Sa\u00fade|125|8|87|220"]
2025-04-28 23:10:03 - Pergunta 14 (planilha) - dados da linha: ["Secretaria de Sa\u00fade","125","8","87","220"]
2025-04-28 23:10:03 - Pergunta 14 (planilha) - planilha_data: [{"secretaria":"Secretaria de Sa\u00fade","efetivos":"125","comissionados":"8","temporarios":"87","total_parcial":"220"}]
2025-04-28 23:10:03 - Processando pergunta 4, resposta_valor: Não
2025-04-28 23:10:03 - Pergunta 4 - resposta_sim_nao: Não, eixo_selecionado: , justificativa_valor: 
2025-04-28 23:10:04 - Processando pergunta 5, resposta_valor: Sim
2025-04-28 23:10:04 - Pergunta 5 - resposta_sim_nao: Sim, justificativa_valor: 
2025-04-28 23:10:04 - Processando pergunta 6, resposta_valor: 8h
2025-04-28 23:10:04 - Processando pergunta 7, resposta_valor: Sim
2025-04-28 23:10:04 - Pergunta 7 - resposta_sim_nao: Sim, justificativa_valor: 
2025-04-28 23:10:05 - Processando pergunta 8, resposta_valor: Disponibilidade dos servidores para conciliar os horários das atividades laborais e o PCM 2025
2025-04-28 23:10:05 - Pergunta 8 - resposta_valor: Disponibilidade dos servidores para conciliar os horários das atividades laborais e o PCM 2025, outras_respostas_valor: 
2025-04-28 23:10:05 - Processando pergunta 9, resposta_valor: Gestão de Riscos, Ética, Transparência/Ouvidoria e Capacitação.
2025-04-28 23:10:16 - Prefeitura ID: 32
2025-04-28 23:10:17 - Total de perguntas recuperadas: 9
2025-04-28 23:10:17 - Respostas recuperadas: {"1":"Primeira-Dama J\u00fabia Patr\u00edcia Arruda Ribeiro","2":"Sim","14":"Secretaria de Sa\u00fade|125|8|87|220","4":"N\u00e3o","5":"Sim","6":"8h","7":"Sim","8":"Disponibilidade dos servidores para conciliar os hor\u00e1rios das atividades laborais e o PCM 2025","9":"Gest\u00e3o de Riscos, \u00c9tica, Transpar\u00eancia\/Ouvidoria e Capacita\u00e7\u00e3o."}
2025-04-28 23:10:17 - Processando pergunta 1, resposta_valor: Primeira-Dama Júbia Patrícia Arruda Ribeiro
2025-04-28 23:10:17 - Processando pergunta 2, resposta_valor: Sim
2025-04-28 23:10:17 - Pergunta 2 - resposta_sim_nao: Sim, justificativa_valor: 
2025-04-28 23:10:18 - Processando pergunta 14, resposta_valor: Secretaria de Saúde|125|8|87|220
2025-04-28 23:10:18 - Pergunta 14 (planilha) - linhas brutas: ["Secretaria de Sa\u00fade|125|8|87|220"]
2025-04-28 23:10:18 - Pergunta 14 (planilha) - dados da linha: ["Secretaria de Sa\u00fade","125","8","87","220"]
2025-04-28 23:10:18 - Pergunta 14 (planilha) - planilha_data: [{"secretaria":"Secretaria de Sa\u00fade","efetivos":"125","comissionados":"8","temporarios":"87","total_parcial":"220"}]
2025-04-28 23:10:18 - Processando pergunta 4, resposta_valor: Não
2025-04-28 23:10:19 - Pergunta 4 - resposta_sim_nao: Não, eixo_selecionado: , justificativa_valor: 
2025-04-28 23:10:19 - Processando pergunta 5, resposta_valor: Sim
2025-04-28 23:10:19 - Pergunta 5 - resposta_sim_nao: Sim, justificativa_valor: 
2025-04-28 23:10:19 - Processando pergunta 6, resposta_valor: 8h
2025-04-28 23:10:19 - Processando pergunta 7, resposta_valor: Sim
2025-04-28 23:10:20 - Pergunta 7 - resposta_sim_nao: Sim, justificativa_valor: 
2025-04-28 23:10:20 - Processando pergunta 8, resposta_valor: Disponibilidade dos servidores para conciliar os horários das atividades laborais e o PCM 2025
2025-04-28 23:10:20 - Pergunta 8 - resposta_valor: Disponibilidade dos servidores para conciliar os horários das atividades laborais e o PCM 2025, outras_respostas_valor: 
2025-04-28 23:10:20 - Processando pergunta 9, resposta_valor: Gestão de Riscos, Ética, Transparência/Ouvidoria e Capacitação.
2025-04-28 23:10:35 - Prefeitura ID: 32
2025-04-28 23:10:35 - Total de perguntas recuperadas: 9
2025-04-28 23:10:35 - Respostas recuperadas: {"1":"Primeira-Dama J\u00fabia Patr\u00edcia Arruda Ribeiro","2":"Sim","14":"Secretaria de Sa\u00fade|125|8|87|220","4":"N\u00e3o","5":"Sim","6":"8h","7":"Sim","8":"Disponibilidade dos servidores para conciliar os hor\u00e1rios das atividades laborais e o PCM 2025","9":"Gest\u00e3o de Riscos, \u00c9tica, Transpar\u00eancia\/Ouvidoria e Capacita\u00e7\u00e3o."}
2025-04-28 23:10:35 - Processando pergunta 1, resposta_valor: Primeira-Dama Júbia Patrícia Arruda Ribeiro
2025-04-28 23:10:35 - Processando pergunta 2, resposta_valor: Sim
2025-04-28 23:10:36 - Pergunta 2 - resposta_sim_nao: Sim, justificativa_valor: 
2025-04-28 23:10:36 - Processando pergunta 14, resposta_valor: Secretaria de Saúde|125|8|87|220
2025-04-28 23:10:36 - Pergunta 14 (planilha) - linhas brutas: ["Secretaria de Sa\u00fade|125|8|87|220"]
2025-04-28 23:10:36 - Pergunta 14 (planilha) - dados da linha: ["Secretaria de Sa\u00fade","125","8","87","220"]
2025-04-28 23:10:36 - Pergunta 14 (planilha) - planilha_data: [{"secretaria":"Secretaria de Sa\u00fade","efetivos":"125","comissionados":"8","temporarios":"87","total_parcial":"220"}]
2025-04-28 23:10:37 - Processando pergunta 4, resposta_valor: Não
2025-04-28 23:10:37 - Pergunta 4 - resposta_sim_nao: Não, eixo_selecionado: , justificativa_valor: 
2025-04-28 23:10:37 - Processando pergunta 5, resposta_valor: Sim
2025-04-28 23:10:37 - Pergunta 5 - resposta_sim_nao: Sim, justificativa_valor: 
2025-04-28 23:10:38 - Processando pergunta 6, resposta_valor: 8h
2025-04-28 23:10:38 - Processando pergunta 7, resposta_valor: Sim
2025-04-28 23:10:38 - Pergunta 7 - resposta_sim_nao: Sim, justificativa_valor: 
2025-04-28 23:10:38 - Processando pergunta 8, resposta_valor: Disponibilidade dos servidores para conciliar os horários das atividades laborais e o PCM 2025
2025-04-28 23:10:38 - Pergunta 8 - resposta_valor: Disponibilidade dos servidores para conciliar os horários das atividades laborais e o PCM 2025, outras_respostas_valor: 
2025-04-28 23:10:39 - Processando pergunta 9, resposta_valor: Gestão de Riscos, Ética, Transparência/Ouvidoria e Capacitação.
2025-04-28 23:10:59 - Prefeitura ID: 32
2025-04-28 23:11:00 - Total de perguntas recuperadas: 9
2025-04-28 23:11:00 - Respostas recuperadas: {"1":"Primeira-Dama J\u00fabia Patr\u00edcia Arruda Ribeiro","2":"Sim","14":"Secretaria de Sa\u00fade|125|8|87|220","4":"N\u00e3o","5":"Sim","6":"8h","7":"Sim","8":"Disponibilidade dos servidores para conciliar os hor\u00e1rios das atividades laborais e o PCM 2025","9":"Gest\u00e3o de Riscos, \u00c9tica, Transpar\u00eancia\/Ouvidoria e Capacita\u00e7\u00e3o."}
2025-04-28 23:11:00 - Processando pergunta 1, resposta_valor: Primeira-Dama Júbia Patrícia Arruda Ribeiro
2025-04-28 23:11:00 - Processando pergunta 2, resposta_valor: Sim
2025-04-28 23:11:00 - Pergunta 2 - resposta_sim_nao: Sim, justificativa_valor: 
2025-04-28 23:11:01 - Processando pergunta 14, resposta_valor: Secretaria de Saúde|125|8|87|220
2025-04-28 23:11:01 - Pergunta 14 (planilha) - linhas brutas: ["Secretaria de Sa\u00fade|125|8|87|220"]
2025-04-28 23:11:01 - Pergunta 14 (planilha) - dados da linha: ["Secretaria de Sa\u00fade","125","8","87","220"]
2025-04-28 23:11:01 - Pergunta 14 (planilha) - planilha_data: [{"secretaria":"Secretaria de Sa\u00fade","efetivos":"125","comissionados":"8","temporarios":"87","total_parcial":"220"}]
2025-04-28 23:11:01 - Processando pergunta 4, resposta_valor: Não
2025-04-28 23:11:02 - Pergunta 4 - resposta_sim_nao: Não, eixo_selecionado: , justificativa_valor: 
2025-04-28 23:11:02 - Processando pergunta 5, resposta_valor: Sim
2025-04-28 23:11:02 - Pergunta 5 - resposta_sim_nao: Sim, justificativa_valor: 
2025-04-28 23:11:02 - Processando pergunta 6, resposta_valor: 8h
2025-04-28 23:11:02 - Processando pergunta 7, resposta_valor: Sim
2025-04-28 23:11:03 - Pergunta 7 - resposta_sim_nao: Sim, justificativa_valor: 
2025-04-28 23:11:03 - Processando pergunta 8, resposta_valor: Disponibilidade dos servidores para conciliar os horários das atividades laborais e o PCM 2025
2025-04-28 23:11:03 - Pergunta 8 - resposta_valor: Disponibilidade dos servidores para conciliar os horários das atividades laborais e o PCM 2025, outras_respostas_valor: 
2025-04-28 23:11:03 - Processando pergunta 9, resposta_valor: Gestão de Riscos, Ética, Transparência/Ouvidoria e Capacitação.
2025-04-29 00:17:12 - Prefeitura ID: 51
2025-04-29 00:17:12 - Total de perguntas recuperadas: 9
2025-04-29 00:17:12 - Respostas recuperadas: []
2025-04-29 00:17:13 - Processando pergunta 1, resposta_valor: 
2025-04-29 00:17:13 - Processando pergunta 2, resposta_valor: 
2025-04-29 00:17:13 - Processando pergunta 14, resposta_valor: 
2025-04-29 00:17:13 - Processando pergunta 4, resposta_valor: 
2025-04-29 00:17:13 - Processando pergunta 5, resposta_valor: 
2025-04-29 00:17:14 - Processando pergunta 6, resposta_valor: 
2025-04-29 00:17:14 - Processando pergunta 7, resposta_valor: 
2025-04-29 00:17:14 - Processando pergunta 8, resposta_valor: 
2025-04-29 00:17:14 - Processando pergunta 9, resposta_valor: 
2025-04-29 00:44:35 - Prefeitura ID: 51
2025-04-29 00:44:35 - Total de perguntas recuperadas: 9
2025-04-29 00:44:35 - Respostas recuperadas: []
2025-04-29 00:44:35 - Processando pergunta 1, resposta_valor: 
2025-04-29 00:44:36 - Processando pergunta 2, resposta_valor: 
2025-04-29 00:44:36 - Processando pergunta 14, resposta_valor: 
2025-04-29 00:44:36 - Processando pergunta 4, resposta_valor: 
2025-04-29 00:44:36 - Processando pergunta 5, resposta_valor: 
2025-04-29 00:44:36 - Processando pergunta 6, resposta_valor: 
2025-04-29 00:44:37 - Processando pergunta 7, resposta_valor: 
2025-04-29 00:44:37 - Processando pergunta 8, resposta_valor: 
2025-04-29 00:44:37 - Processando pergunta 9, resposta_valor: 
2025-04-29 00:45:56 - Prefeitura ID: 51
2025-04-29 00:45:57 - Total de perguntas recuperadas: 9
2025-04-29 00:45:57 - Respostas recuperadas: []
2025-04-29 00:45:57 - Processando pergunta 1, resposta_valor: 
2025-04-29 00:45:57 - Processando pergunta 2, resposta_valor: 
2025-04-29 00:45:58 - Processando pergunta 14, resposta_valor: 
2025-04-29 00:45:58 - Processando pergunta 4, resposta_valor: 
2025-04-29 00:45:58 - Processando pergunta 5, resposta_valor: 
2025-04-29 00:45:58 - Processando pergunta 6, resposta_valor: 
2025-04-29 00:45:58 - Processando pergunta 7, resposta_valor: 
2025-04-29 00:45:59 - Processando pergunta 8, resposta_valor: 
2025-04-29 00:45:59 - Processando pergunta 9, resposta_valor: 
2025-04-29 00:56:41 - Prefeitura ID: 51
2025-04-29 00:56:41 - Total de perguntas recuperadas: 9
2025-04-29 00:56:41 - Respostas recuperadas: []
2025-04-29 00:56:41 - Processando pergunta 1, resposta_valor: 
2025-04-29 00:56:41 - Processando pergunta 2, resposta_valor: 
2025-04-29 00:56:41 - Processando pergunta 14, resposta_valor: 
2025-04-29 00:56:42 - Processando pergunta 4, resposta_valor: 
2025-04-29 00:56:42 - Processando pergunta 5, resposta_valor: 
2025-04-29 00:56:42 - Processando pergunta 6, resposta_valor: 
2025-04-29 00:56:42 - Processando pergunta 7, resposta_valor: 
2025-04-29 00:56:42 - Processando pergunta 8, resposta_valor: 
2025-04-29 00:56:42 - Processando pergunta 9, resposta_valor: 
2025-04-29 00:56:48 - Prefeitura ID: 51
2025-04-29 00:56:48 - Total de perguntas recuperadas: 9
2025-04-29 00:56:49 - Respostas recuperadas: []
2025-04-29 00:56:49 - Processando pergunta 1, resposta_valor: 
2025-04-29 00:56:49 - Processando pergunta 2, resposta_valor: 
2025-04-29 00:56:49 - Processando pergunta 14, resposta_valor: 
2025-04-29 00:56:49 - Processando pergunta 4, resposta_valor: 
2025-04-29 00:56:49 - Processando pergunta 5, resposta_valor: 
2025-04-29 00:56:49 - Processando pergunta 6, resposta_valor: 
2025-04-29 00:56:49 - Processando pergunta 7, resposta_valor: 
2025-04-29 00:56:49 - Processando pergunta 8, resposta_valor: 
2025-04-29 00:56:49 - Processando pergunta 9, resposta_valor: 
2025-04-29 01:02:01 - Prefeitura ID: 51
2025-04-29 01:02:01 - Total de perguntas recuperadas: 9
2025-04-29 01:02:02 - Respostas recuperadas: []
2025-04-29 01:02:02 - Formulário enviado: {"resposta":{"1":"O Prefeito.\r\nAtrav\u00e9s de e-mail","2":{"sim_nao":"Sim"},"4":{"sim_nao":"N\u00e3o","eixo":""},"5":"Sim","6":"20 (vinte) horas semanais","7":{"sim_nao":"Sim"},"8":"A falta de salas climatizadas e de equipamentos com c\u00e2meras de v\u00eddeo pode dificultar ou inviabilizar a participa\u00e7\u00e3o em reuni\u00f5es e capacita\u00e7\u00f5es, tanto virtuais quanto presenciais, comprometendo a qualidade das atividades realizadas no \u00e2mbito do Programa.\r\nEsses desafios impactam diretamente a ades\u00e3o, o engajamento e a efetividade das a\u00e7\u00f5es propostas pelo Programa Compliance Municipal 2025, sendo, portanto, pontos cr\u00edticos que precisam ser superados para garantir o sucesso da participa\u00e7\u00e3o do munic\u00edpio.\r\n\r\n","9":"O munic\u00edpio re\u00fane condi\u00e7\u00f5es para participar do Programa Compliance Municipal 2025 para adotar pr\u00e1ticas de Gest\u00e3o de Riscos, promover a cultura de \u00c9tica e Integridade, fortalecer a Transpar\u00eancia e a Ouvidoria, investir na capacita\u00e7\u00e3o dos servidores e buscar continuamente a melhoria da gest\u00e3o p\u00fablica.\r\n"},"justificativa":{"2":"","4":"","5":"","7":""},"secretaria":{"14":["SECRETARIA DE GOVERNO"]},"efetivos":{"14":["9"]},"comissionados":{"14":["22"]},"temporarios":{"14":["0"]},"salvar":""}
2025-04-29 01:02:02 - Inserida resposta para pergunta 1: O Prefeito.
Através de e-mail
2025-04-29 01:02:02 - Inserida resposta para pergunta 2: Sim
2025-04-29 01:02:02 - Pergunta 14 (planilha) - Resposta gerada: SECRETARIA DE GOVERNO|9|22|0|31
2025-04-29 01:02:03 - Inserida resposta para pergunta 14: SECRETARIA DE GOVERNO|9|22|0|31
2025-04-29 01:02:03 - Inserida resposta para pergunta 4: Não
2025-04-29 01:02:03 - Inserida resposta para pergunta 5: Sim
2025-04-29 01:02:03 - Inserida resposta para pergunta 6: 20 (vinte) horas semanais
2025-04-29 01:02:03 - Inserida resposta para pergunta 7: Sim
2025-04-29 01:02:04 - Inserida resposta para pergunta 8: A falta de salas climatizadas e de equipamentos com câmeras de vídeo pode dificultar ou inviabilizar a participação em reuniões e capacitações, tanto virtuais quanto presenciais, comprometendo a qualidade das atividades realizadas no âmbito do Programa.
Esses desafios impactam diretamente a adesão, o engajamento e a efetividade das ações propostas pelo Programa Compliance Municipal 2025, sendo, portanto, pontos críticos que precisam ser superados para garantir o sucesso da participação do município.
2025-04-29 01:02:04 - Inserida resposta para pergunta 9: O município reúne condições para participar do Programa Compliance Municipal 2025 para adotar práticas de Gestão de Riscos, promover a cultura de Ética e Integridade, fortalecer a Transparência e a Ouvidoria, investir na capacitação dos servidores e buscar continuamente a melhoria da gestão pública.
2025-04-29 01:02:04 - Salvamento concluído com sucesso
2025-04-29 01:02:04 - Prefeitura ID: 51
2025-04-29 01:02:05 - Total de perguntas recuperadas: 9
2025-04-29 01:02:05 - Respostas recuperadas: {"1":"O Prefeito.\r\nAtrav\u00e9s de e-mail","2":"Sim","14":"SECRETARIA DE GOVERNO|9|22|0|31","4":"N\u00e3o","5":"Sim","6":"20 (vinte) horas semanais","7":"Sim","8":"A falta de salas climatizadas e de equipamentos com c\u00e2meras de v\u00eddeo pode dificultar ou inviabilizar a participa\u00e7\u00e3o em reuni\u00f5es e capacita\u00e7\u00f5es, tanto virtuais quanto presenciais, comprometendo a qualidade das atividades realizadas no \u00e2mbito do Programa.\r\nEsses desafios impactam diretamente a ades\u00e3o, o engajamento e a efetividade das a\u00e7\u00f5es propostas pelo Programa Compliance Municipal 2025, sendo, portanto, pontos cr\u00edticos que precisam ser superados para garantir o sucesso da participa\u00e7\u00e3o do munic\u00edpio.","9":"O munic\u00edpio re\u00fane condi\u00e7\u00f5es para participar do Programa Compliance Municipal 2025 para adotar pr\u00e1ticas de Gest\u00e3o de Riscos, promover a cultura de \u00c9tica e Integridade, fortalecer a Transpar\u00eancia e a Ouvidoria, investir na capacita\u00e7\u00e3o dos servidores e buscar continuamente a melhoria da gest\u00e3o p\u00fablica."}
2025-04-29 01:02:05 - Processando pergunta 1, resposta_valor: O Prefeito.
Através de e-mail
2025-04-29 01:02:05 - Processando pergunta 2, resposta_valor: Sim
2025-04-29 01:02:05 - Pergunta 2 - resposta_sim_nao: Sim, justificativa_valor: 
2025-04-29 01:02:06 - Processando pergunta 14, resposta_valor: SECRETARIA DE GOVERNO|9|22|0|31
2025-04-29 01:02:06 - Pergunta 14 (planilha) - linhas brutas: ["SECRETARIA DE GOVERNO|9|22|0|31"]
2025-04-29 01:02:06 - Pergunta 14 (planilha) - dados da linha: ["SECRETARIA DE GOVERNO","9","22","0","31"]
2025-04-29 01:02:06 - Pergunta 14 (planilha) - planilha_data: [{"secretaria":"SECRETARIA DE GOVERNO","efetivos":"9","comissionados":"22","temporarios":"0","total_parcial":"31"}]
2025-04-29 01:02:06 - Processando pergunta 4, resposta_valor: Não
2025-04-29 01:02:07 - Pergunta 4 - resposta_sim_nao: Não, eixo_selecionado: , justificativa_valor: 
2025-04-29 01:02:07 - Processando pergunta 5, resposta_valor: Sim
2025-04-29 01:02:07 - Pergunta 5 - resposta_sim_nao: Sim, justificativa_valor: 
2025-04-29 01:02:07 - Processando pergunta 6, resposta_valor: 20 (vinte) horas semanais
2025-04-29 01:02:08 - Processando pergunta 7, resposta_valor: Sim
2025-04-29 01:02:08 - Pergunta 7 - resposta_sim_nao: Sim, justificativa_valor: 
2025-04-29 01:02:08 - Processando pergunta 8, resposta_valor: A falta de salas climatizadas e de equipamentos com câmeras de vídeo pode dificultar ou inviabilizar a participação em reuniões e capacitações, tanto virtuais quanto presenciais, comprometendo a qualidade das atividades realizadas no âmbito do Programa.
Esses desafios impactam diretamente a adesão, o engajamento e a efetividade das ações propostas pelo Programa Compliance Municipal 2025, sendo, portanto, pontos críticos que precisam ser superados para garantir o sucesso da participação do município.
2025-04-29 01:02:08 - Pergunta 8 - resposta_valor: A falta de salas climatizadas e de equipamentos com câmeras de vídeo pode dificultar ou inviabilizar a participação em reuniões e capacitações, tanto virtuais quanto presenciais, comprometendo a qualidade das atividades realizadas no âmbito do Programa.
Esses desafios impactam diretamente a adesão, o engajamento e a efetividade das ações propostas pelo Programa Compliance Municipal 2025, sendo, portanto, pontos críticos que precisam ser superados para garantir o sucesso da participação do município., outras_respostas_valor: 
2025-04-29 01:02:08 - Processando pergunta 9, resposta_valor: O município reúne condições para participar do Programa Compliance Municipal 2025 para adotar práticas de Gestão de Riscos, promover a cultura de Ética e Integridade, fortalecer a Transparência e a Ouvidoria, investir na capacitação dos servidores e buscar continuamente a melhoria da gestão pública.
2025-04-29 01:04:47 - Prefeitura ID: 51
2025-04-29 01:04:47 - Total de perguntas recuperadas: 9
2025-04-29 01:04:47 - Respostas recuperadas: {"1":"O Prefeito.\r\nAtrav\u00e9s de e-mail","2":"Sim","14":"SECRETARIA DE GOVERNO|9|22|0|31","4":"N\u00e3o","5":"Sim","6":"20 (vinte) horas semanais","7":"Sim","8":"A falta de salas climatizadas e de equipamentos com c\u00e2meras de v\u00eddeo pode dificultar ou inviabilizar a participa\u00e7\u00e3o em reuni\u00f5es e capacita\u00e7\u00f5es, tanto virtuais quanto presenciais, comprometendo a qualidade das atividades realizadas no \u00e2mbito do Programa.\r\nEsses desafios impactam diretamente a ades\u00e3o, o engajamento e a efetividade das a\u00e7\u00f5es propostas pelo Programa Compliance Municipal 2025, sendo, portanto, pontos cr\u00edticos que precisam ser superados para garantir o sucesso da participa\u00e7\u00e3o do munic\u00edpio.","9":"O munic\u00edpio re\u00fane condi\u00e7\u00f5es para participar do Programa Compliance Municipal 2025 para adotar pr\u00e1ticas de Gest\u00e3o de Riscos, promover a cultura de \u00c9tica e Integridade, fortalecer a Transpar\u00eancia e a Ouvidoria, investir na capacita\u00e7\u00e3o dos servidores e buscar continuamente a melhoria da gest\u00e3o p\u00fablica."}
2025-04-29 01:04:47 - Formulário enviado: {"resposta":{"1":"O Prefeito.\r\nAtrav\u00e9s de e-mail","2":{"sim_nao":"Sim"},"4":{"sim_nao":"N\u00e3o","eixo":""},"5":"Sim","6":"20 (vinte) horas semanais ","7":{"sim_nao":"Sim"},"8":"A falta de salas climatizadas e de equipamentos com c\u00e2meras de v\u00eddeo pode dificultar ou inviabilizar a participa\u00e7\u00e3o em reuni\u00f5es e capacita\u00e7\u00f5es, tanto virtuais quanto presenciais, comprometendo a qualidade das atividades realizadas no \u00e2mbito do Programa.\r\nEsses desafios impactam diretamente a ades\u00e3o, o engajamento e a efetividade das a\u00e7\u00f5es propostas pelo Programa Compliance Municipal 2025, sendo, portanto, pontos cr\u00edticos que precisam ser superados para garantir o sucesso da participa\u00e7\u00e3o do munic\u00edpio.","9":"O munic\u00edpio re\u00fane condi\u00e7\u00f5es para participar do Programa Compliance Municipal 2025 para adotar pr\u00e1ticas de Gest\u00e3o de Riscos, promover a cultura de \u00c9tica e Integridade, fortalecer a Transpar\u00eancia e a Ouvidoria, investir na capacita\u00e7\u00e3o dos servidores e buscar continuamente a melhoria da gest\u00e3o p\u00fablica."},"justificativa":{"2":"","4":"","5":"","7":""},"secretaria":{"14":["SECRETARIA DE EDUCA\u00c7\u00c3O"]},"efetivos":{"14":["707"]},"comissionados":{"14":["116"]},"temporarios":{"14":["281"]},"salvar":""}
2025-04-29 01:04:48 - Atualizada resposta para pergunta 1: O Prefeito.
Através de e-mail
2025-04-29 01:04:48 - Atualizada resposta para pergunta 2: Sim
2025-04-29 01:04:48 - Pergunta 14 (planilha) - Resposta gerada: SECRETARIA DE EDUCAÇÃO|707|116|281|1104
2025-04-29 01:04:48 - Atualizada resposta para pergunta 14: SECRETARIA DE EDUCAÇÃO|707|116|281|1104
2025-04-29 01:04:49 - Atualizada resposta para pergunta 4: Não
2025-04-29 01:04:49 - Atualizada resposta para pergunta 5: Sim
2025-04-29 01:04:49 - Atualizada resposta para pergunta 6: 20 (vinte) horas semanais
2025-04-29 01:04:49 - Atualizada resposta para pergunta 7: Sim
2025-04-29 01:04:49 - Atualizada resposta para pergunta 8: A falta de salas climatizadas e de equipamentos com câmeras de vídeo pode dificultar ou inviabilizar a participação em reuniões e capacitações, tanto virtuais quanto presenciais, comprometendo a qualidade das atividades realizadas no âmbito do Programa.
Esses desafios impactam diretamente a adesão, o engajamento e a efetividade das ações propostas pelo Programa Compliance Municipal 2025, sendo, portanto, pontos críticos que precisam ser superados para garantir o sucesso da participação do município.
2025-04-29 01:04:50 - Atualizada resposta para pergunta 9: O município reúne condições para participar do Programa Compliance Municipal 2025 para adotar práticas de Gestão de Riscos, promover a cultura de Ética e Integridade, fortalecer a Transparência e a Ouvidoria, investir na capacitação dos servidores e buscar continuamente a melhoria da gestão pública.
2025-04-29 01:04:50 - Salvamento concluído com sucesso
2025-04-29 01:04:50 - Prefeitura ID: 51
2025-04-29 01:04:50 - Total de perguntas recuperadas: 9
2025-04-29 01:04:50 - Respostas recuperadas: {"1":"O Prefeito.\r\nAtrav\u00e9s de e-mail","2":"Sim","14":"SECRETARIA DE EDUCA\u00c7\u00c3O|707|116|281|1104","4":"N\u00e3o","5":"Sim","6":"20 (vinte) horas semanais","7":"Sim","8":"A falta de salas climatizadas e de equipamentos com c\u00e2meras de v\u00eddeo pode dificultar ou inviabilizar a participa\u00e7\u00e3o em reuni\u00f5es e capacita\u00e7\u00f5es, tanto virtuais quanto presenciais, comprometendo a qualidade das atividades realizadas no \u00e2mbito do Programa.\r\nEsses desafios impactam diretamente a ades\u00e3o, o engajamento e a efetividade das a\u00e7\u00f5es propostas pelo Programa Compliance Municipal 2025, sendo, portanto, pontos cr\u00edticos que precisam ser superados para garantir o sucesso da participa\u00e7\u00e3o do munic\u00edpio.","9":"O munic\u00edpio re\u00fane condi\u00e7\u00f5es para participar do Programa Compliance Municipal 2025 para adotar pr\u00e1ticas de Gest\u00e3o de Riscos, promover a cultura de \u00c9tica e Integridade, fortalecer a Transpar\u00eancia e a Ouvidoria, investir na capacita\u00e7\u00e3o dos servidores e buscar continuamente a melhoria da gest\u00e3o p\u00fablica."}
2025-04-29 01:04:51 - Processando pergunta 1, resposta_valor: O Prefeito.
Através de e-mail
2025-04-29 01:04:51 - Processando pergunta 2, resposta_valor: Sim
2025-04-29 01:04:51 - Pergunta 2 - resposta_sim_nao: Sim, justificativa_valor: 
2025-04-29 01:04:51 - Processando pergunta 14, resposta_valor: SECRETARIA DE EDUCAÇÃO|707|116|281|1104
2025-04-29 01:04:52 - Pergunta 14 (planilha) - linhas brutas: ["SECRETARIA DE EDUCA\u00c7\u00c3O|707|116|281|1104"]
2025-04-29 01:04:52 - Pergunta 14 (planilha) - dados da linha: ["SECRETARIA DE EDUCA\u00c7\u00c3O","707","116","281","1104"]
2025-04-29 01:04:52 - Pergunta 14 (planilha) - planilha_data: [{"secretaria":"SECRETARIA DE EDUCA\u00c7\u00c3O","efetivos":"707","comissionados":"116","temporarios":"281","total_parcial":"1104"}]
2025-04-29 01:04:52 - Processando pergunta 4, resposta_valor: Não
2025-04-29 01:04:52 - Pergunta 4 - resposta_sim_nao: Não, eixo_selecionado: , justificativa_valor: 
2025-04-29 01:04:53 - Processando pergunta 5, resposta_valor: Sim
2025-04-29 01:04:53 - Pergunta 5 - resposta_sim_nao: Sim, justificativa_valor: 
2025-04-29 01:04:53 - Processando pergunta 6, resposta_valor: 20 (vinte) horas semanais
2025-04-29 01:04:53 - Processando pergunta 7, resposta_valor: Sim
2025-04-29 01:04:53 - Pergunta 7 - resposta_sim_nao: Sim, justificativa_valor: 
2025-04-29 01:04:54 - Processando pergunta 8, resposta_valor: A falta de salas climatizadas e de equipamentos com câmeras de vídeo pode dificultar ou inviabilizar a participação em reuniões e capacitações, tanto virtuais quanto presenciais, comprometendo a qualidade das atividades realizadas no âmbito do Programa.
Esses desafios impactam diretamente a adesão, o engajamento e a efetividade das ações propostas pelo Programa Compliance Municipal 2025, sendo, portanto, pontos críticos que precisam ser superados para garantir o sucesso da participação do município.
2025-04-29 01:04:54 - Pergunta 8 - resposta_valor: A falta de salas climatizadas e de equipamentos com câmeras de vídeo pode dificultar ou inviabilizar a participação em reuniões e capacitações, tanto virtuais quanto presenciais, comprometendo a qualidade das atividades realizadas no âmbito do Programa.
Esses desafios impactam diretamente a adesão, o engajamento e a efetividade das ações propostas pelo Programa Compliance Municipal 2025, sendo, portanto, pontos críticos que precisam ser superados para garantir o sucesso da participação do município., outras_respostas_valor: 
2025-04-29 01:04:54 - Processando pergunta 9, resposta_valor: O município reúne condições para participar do Programa Compliance Municipal 2025 para adotar práticas de Gestão de Riscos, promover a cultura de Ética e Integridade, fortalecer a Transparência e a Ouvidoria, investir na capacitação dos servidores e buscar continuamente a melhoria da gestão pública.
2025-04-29 01:09:27 - Prefeitura ID: 51
2025-04-29 01:09:27 - Total de perguntas recuperadas: 9
2025-04-29 01:09:28 - Respostas recuperadas: {"1":"O Prefeito.\r\nAtrav\u00e9s de e-mail","2":"Sim","14":"SECRETARIA DE EDUCA\u00c7\u00c3O|707|116|281|1104","4":"N\u00e3o","5":"Sim","6":"20 (vinte) horas semanais","7":"Sim","8":"A falta de salas climatizadas e de equipamentos com c\u00e2meras de v\u00eddeo pode dificultar ou inviabilizar a participa\u00e7\u00e3o em reuni\u00f5es e capacita\u00e7\u00f5es, tanto virtuais quanto presenciais, comprometendo a qualidade das atividades realizadas no \u00e2mbito do Programa.\r\nEsses desafios impactam diretamente a ades\u00e3o, o engajamento e a efetividade das a\u00e7\u00f5es propostas pelo Programa Compliance Municipal 2025, sendo, portanto, pontos cr\u00edticos que precisam ser superados para garantir o sucesso da participa\u00e7\u00e3o do munic\u00edpio.","9":"O munic\u00edpio re\u00fane condi\u00e7\u00f5es para participar do Programa Compliance Municipal 2025 para adotar pr\u00e1ticas de Gest\u00e3o de Riscos, promover a cultura de \u00c9tica e Integridade, fortalecer a Transpar\u00eancia e a Ouvidoria, investir na capacita\u00e7\u00e3o dos servidores e buscar continuamente a melhoria da gest\u00e3o p\u00fablica."}
2025-04-29 01:09:28 - Processando pergunta 1, resposta_valor: O Prefeito.
Através de e-mail
2025-04-29 01:09:28 - Processando pergunta 2, resposta_valor: Sim
2025-04-29 01:09:28 - Pergunta 2 - resposta_sim_nao: Sim, justificativa_valor: 
2025-04-29 01:09:28 - Processando pergunta 14, resposta_valor: SECRETARIA DE EDUCAÇÃO|707|116|281|1104
2025-04-29 01:09:29 - Pergunta 14 (planilha) - linhas brutas: ["SECRETARIA DE EDUCA\u00c7\u00c3O|707|116|281|1104"]
2025-04-29 01:09:29 - Pergunta 14 (planilha) - dados da linha: ["SECRETARIA DE EDUCA\u00c7\u00c3O","707","116","281","1104"]
2025-04-29 01:09:29 - Pergunta 14 (planilha) - planilha_data: [{"secretaria":"SECRETARIA DE EDUCA\u00c7\u00c3O","efetivos":"707","comissionados":"116","temporarios":"281","total_parcial":"1104"}]
2025-04-29 01:09:29 - Processando pergunta 4, resposta_valor: Não
2025-04-29 01:09:30 - Pergunta 4 - resposta_sim_nao: Não, eixo_selecionado: , justificativa_valor: 
2025-04-29 01:09:30 - Processando pergunta 5, resposta_valor: Sim
2025-04-29 01:09:30 - Pergunta 5 - resposta_sim_nao: Sim, justificativa_valor: 
2025-04-29 01:09:30 - Processando pergunta 6, resposta_valor: 20 (vinte) horas semanais
2025-04-29 01:09:30 - Processando pergunta 7, resposta_valor: Sim
2025-04-29 01:09:31 - Pergunta 7 - resposta_sim_nao: Sim, justificativa_valor: 
2025-04-29 01:09:31 - Processando pergunta 8, resposta_valor: A falta de salas climatizadas e de equipamentos com câmeras de vídeo pode dificultar ou inviabilizar a participação em reuniões e capacitações, tanto virtuais quanto presenciais, comprometendo a qualidade das atividades realizadas no âmbito do Programa.
Esses desafios impactam diretamente a adesão, o engajamento e a efetividade das ações propostas pelo Programa Compliance Municipal 2025, sendo, portanto, pontos críticos que precisam ser superados para garantir o sucesso da participação do município.
2025-04-29 01:09:31 - Pergunta 8 - resposta_valor: A falta de salas climatizadas e de equipamentos com câmeras de vídeo pode dificultar ou inviabilizar a participação em reuniões e capacitações, tanto virtuais quanto presenciais, comprometendo a qualidade das atividades realizadas no âmbito do Programa.
Esses desafios impactam diretamente a adesão, o engajamento e a efetividade das ações propostas pelo Programa Compliance Municipal 2025, sendo, portanto, pontos críticos que precisam ser superados para garantir o sucesso da participação do município., outras_respostas_valor: 
2025-04-29 01:09:31 - Processando pergunta 9, resposta_valor: O município reúne condições para participar do Programa Compliance Municipal 2025 para adotar práticas de Gestão de Riscos, promover a cultura de Ética e Integridade, fortalecer a Transparência e a Ouvidoria, investir na capacitação dos servidores e buscar continuamente a melhoria da gestão pública.
2025-04-29 01:12:02 - Prefeitura ID: 51
2025-04-29 01:12:03 - Total de perguntas recuperadas: 9
2025-04-29 01:12:03 - Respostas recuperadas: {"1":"O Prefeito.\r\nAtrav\u00e9s de e-mail","2":"Sim","14":"SECRETARIA DE EDUCA\u00c7\u00c3O|707|116|281|1104","4":"N\u00e3o","5":"Sim","6":"20 (vinte) horas semanais","7":"Sim","8":"A falta de salas climatizadas e de equipamentos com c\u00e2meras de v\u00eddeo pode dificultar ou inviabilizar a participa\u00e7\u00e3o em reuni\u00f5es e capacita\u00e7\u00f5es, tanto virtuais quanto presenciais, comprometendo a qualidade das atividades realizadas no \u00e2mbito do Programa.\r\nEsses desafios impactam diretamente a ades\u00e3o, o engajamento e a efetividade das a\u00e7\u00f5es propostas pelo Programa Compliance Municipal 2025, sendo, portanto, pontos cr\u00edticos que precisam ser superados para garantir o sucesso da participa\u00e7\u00e3o do munic\u00edpio.","9":"O munic\u00edpio re\u00fane condi\u00e7\u00f5es para participar do Programa Compliance Municipal 2025 para adotar pr\u00e1ticas de Gest\u00e3o de Riscos, promover a cultura de \u00c9tica e Integridade, fortalecer a Transpar\u00eancia e a Ouvidoria, investir na capacita\u00e7\u00e3o dos servidores e buscar continuamente a melhoria da gest\u00e3o p\u00fablica."}
2025-04-29 01:12:03 - Processando pergunta 1, resposta_valor: O Prefeito.
Através de e-mail
2025-04-29 01:12:03 - Processando pergunta 2, resposta_valor: Sim
2025-04-29 01:12:03 - Pergunta 2 - resposta_sim_nao: Sim, justificativa_valor: 
2025-04-29 01:12:04 - Processando pergunta 14, resposta_valor: SECRETARIA DE EDUCAÇÃO|707|116|281|1104
2025-04-29 01:12:04 - Pergunta 14 (planilha) - linhas brutas: ["SECRETARIA DE EDUCA\u00c7\u00c3O|707|116|281|1104"]
2025-04-29 01:12:04 - Pergunta 14 (planilha) - dados da linha: ["SECRETARIA DE EDUCA\u00c7\u00c3O","707","116","281","1104"]
2025-04-29 01:12:04 - Pergunta 14 (planilha) - planilha_data: [{"secretaria":"SECRETARIA DE EDUCA\u00c7\u00c3O","efetivos":"707","comissionados":"116","temporarios":"281","total_parcial":"1104"}]
2025-04-29 01:12:04 - Processando pergunta 4, resposta_valor: Não
2025-04-29 01:12:05 - Pergunta 4 - resposta_sim_nao: Não, eixo_selecionado: , justificativa_valor: 
2025-04-29 01:12:05 - Processando pergunta 5, resposta_valor: Sim
2025-04-29 01:12:05 - Pergunta 5 - resposta_sim_nao: Sim, justificativa_valor: 
2025-04-29 01:12:05 - Processando pergunta 6, resposta_valor: 20 (vinte) horas semanais
2025-04-29 01:12:06 - Processando pergunta 7, resposta_valor: Sim
2025-04-29 01:12:06 - Pergunta 7 - resposta_sim_nao: Sim, justificativa_valor: 
2025-04-29 01:12:06 - Processando pergunta 8, resposta_valor: A falta de salas climatizadas e de equipamentos com câmeras de vídeo pode dificultar ou inviabilizar a participação em reuniões e capacitações, tanto virtuais quanto presenciais, comprometendo a qualidade das atividades realizadas no âmbito do Programa.
Esses desafios impactam diretamente a adesão, o engajamento e a efetividade das ações propostas pelo Programa Compliance Municipal 2025, sendo, portanto, pontos críticos que precisam ser superados para garantir o sucesso da participação do município.
2025-04-29 01:12:06 - Pergunta 8 - resposta_valor: A falta de salas climatizadas e de equipamentos com câmeras de vídeo pode dificultar ou inviabilizar a participação em reuniões e capacitações, tanto virtuais quanto presenciais, comprometendo a qualidade das atividades realizadas no âmbito do Programa.
Esses desafios impactam diretamente a adesão, o engajamento e a efetividade das ações propostas pelo Programa Compliance Municipal 2025, sendo, portanto, pontos críticos que precisam ser superados para garantir o sucesso da participação do município., outras_respostas_valor: 
2025-04-29 01:12:06 - Processando pergunta 9, resposta_valor: O município reúne condições para participar do Programa Compliance Municipal 2025 para adotar práticas de Gestão de Riscos, promover a cultura de Ética e Integridade, fortalecer a Transparência e a Ouvidoria, investir na capacitação dos servidores e buscar continuamente a melhoria da gestão pública.
2025-04-29 08:17:17 - Prefeitura ID: 40
2025-04-29 08:17:17 - Total de perguntas recuperadas: 9
2025-04-29 08:17:17 - Respostas recuperadas: {"1":"A iniciativa de inscrever o munic\u00edpio no PCM 2025 partiu do Prefeito Municipal. A proposta foi recebida de forma muito positiva pela administra\u00e7\u00e3o e pelos servidores, que reconheceram no programa de compliance do TCM uma oportunidade valiosa para aprimorar a transpar\u00eancia e a efici\u00eancia da gest\u00e3o p\u00fablica.","2":"Sim","14":"Administra\u00e7\u00e3o|5|5|0|10|10","4":"Sim|\u00c9tica|A administra\u00e7\u00e3o municipal entende que a \u00c9tica \u00e9 o alicerce de toda gest\u00e3o p\u00fablica respons\u00e1vel. A consolida\u00e7\u00e3o de princ\u00edpios \u00e9ticos no servi\u00e7o p\u00fablico \u00e9 fundamental para garantir a integridade, a moralidade administrativa e a confian\u00e7a da sociedade na administra\u00e7\u00e3o. O fortalecimento da cultura \u00e9tica previne desvios de conduta, promove a justi\u00e7a nas rela\u00e7\u00f5es institucionais e refor\u00e7a o compromisso da gest\u00e3o com o interesse p\u00fablico.","5":"Sim","6":"2 horas.","7":"Sim","8":"O principal desafio identificado \u00e9 motivar os servidores para participa\u00e7\u00e3o nas capacita\u00e7\u00f5es virtuais. Embora haja interesse da gest\u00e3o em promover o aprimoramento cont\u00ednuo, muitos servidores ainda apresentam baixa ades\u00e3o a treinamentos online, seja por falta de h\u00e1bito, de familiaridade com plataformas digitais ou por priorizarem as atividades presenciais da rotina laboral.","9":"teste"}
2025-04-29 08:17:17 - Processando pergunta 1, resposta_valor: A iniciativa de inscrever o município no PCM 2025 partiu do Prefeito Municipal. A proposta foi recebida de forma muito positiva pela administração e pelos servidores, que reconheceram no programa de compliance do TCM uma oportunidade valiosa para aprimorar a transparência e a eficiência da gestão pública.
2025-04-29 08:17:17 - Processando pergunta 2, resposta_valor: Sim
2025-04-29 08:17:17 - Pergunta 2 - resposta_sim_nao: Sim, justificativa_valor: 
2025-04-29 08:17:17 - Processando pergunta 14, resposta_valor: Administração|5|5|0|10|10
2025-04-29 08:17:17 - Pergunta 14 (planilha) - linhas brutas: ["Administra\u00e7\u00e3o|5|5|0|10|10"]
2025-04-29 08:17:17 - Pergunta 14 (planilha) - dados da linha: ["Administra\u00e7\u00e3o","5","5","0","10","10"]
2025-04-29 08:17:17 - Pergunta 14 (planilha) - planilha_data: [{"secretaria":"Administra\u00e7\u00e3o","efetivos":"5","comissionados":"5","temporarios":"0","total_parcial":"10"}]
2025-04-29 08:17:18 - Processando pergunta 4, resposta_valor: Sim|Ética|A administração municipal entende que a Ética é o alicerce de toda gestão pública responsável. A consolidação de princípios éticos no serviço público é fundamental para garantir a integridade, a moralidade administrativa e a confiança da sociedade na administração. O fortalecimento da cultura ética previne desvios de conduta, promove a justiça nas relações institucionais e reforça o compromisso da gestão com o interesse público.
2025-04-29 08:17:18 - Pergunta 4 - resposta_sim_nao: Sim, eixo_selecionado: Ética, justificativa_valor: A administração municipal entende que a Ética é o alicerce de toda gestão pública responsável. A consolidação de princípios éticos no serviço público é fundamental para garantir a integridade, a moralidade administrativa e a confiança da sociedade na administração. O fortalecimento da cultura ética previne desvios de conduta, promove a justiça nas relações institucionais e reforça o compromisso da gestão com o interesse público.
2025-04-29 08:17:18 - Processando pergunta 5, resposta_valor: Sim
2025-04-29 08:17:18 - Pergunta 5 - resposta_sim_nao: Sim, justificativa_valor: 
2025-04-29 08:17:18 - Processando pergunta 6, resposta_valor: 2 horas.
2025-04-29 08:17:18 - Processando pergunta 7, resposta_valor: Sim
2025-04-29 08:17:18 - Pergunta 7 - resposta_sim_nao: Sim, justificativa_valor: 
2025-04-29 08:17:18 - Processando pergunta 8, resposta_valor: O principal desafio identificado é motivar os servidores para participação nas capacitações virtuais. Embora haja interesse da gestão em promover o aprimoramento contínuo, muitos servidores ainda apresentam baixa adesão a treinamentos online, seja por falta de hábito, de familiaridade com plataformas digitais ou por priorizarem as atividades presenciais da rotina laboral.
2025-04-29 08:17:18 - Pergunta 8 - resposta_valor: O principal desafio identificado é motivar os servidores para participação nas capacitações virtuais. Embora haja interesse da gestão em promover o aprimoramento contínuo, muitos servidores ainda apresentam baixa adesão a treinamentos online, seja por falta de hábito, de familiaridade com plataformas digitais ou por priorizarem as atividades presenciais da rotina laboral., outras_respostas_valor: 
2025-04-29 08:17:18 - Processando pergunta 9, resposta_valor: teste
2025-04-29 08:18:05 - Prefeitura ID: 40
2025-04-29 08:18:05 - Total de perguntas recuperadas: 9
2025-04-29 08:18:05 - Respostas recuperadas: {"1":"A iniciativa de inscrever o munic\u00edpio no PCM 2025 partiu do Prefeito Municipal. A proposta foi recebida de forma muito positiva pela administra\u00e7\u00e3o e pelos servidores, que reconheceram no programa de compliance do TCM uma oportunidade valiosa para aprimorar a transpar\u00eancia e a efici\u00eancia da gest\u00e3o p\u00fablica.","2":"Sim","14":"Administra\u00e7\u00e3o|5|5|0|10|10","4":"Sim|\u00c9tica|A administra\u00e7\u00e3o municipal entende que a \u00c9tica \u00e9 o alicerce de toda gest\u00e3o p\u00fablica respons\u00e1vel. A consolida\u00e7\u00e3o de princ\u00edpios \u00e9ticos no servi\u00e7o p\u00fablico \u00e9 fundamental para garantir a integridade, a moralidade administrativa e a confian\u00e7a da sociedade na administra\u00e7\u00e3o. O fortalecimento da cultura \u00e9tica previne desvios de conduta, promove a justi\u00e7a nas rela\u00e7\u00f5es institucionais e refor\u00e7a o compromisso da gest\u00e3o com o interesse p\u00fablico.","5":"Sim","6":"2 horas.","7":"Sim","8":"O principal desafio identificado \u00e9 motivar os servidores para participa\u00e7\u00e3o nas capacita\u00e7\u00f5es virtuais. Embora haja interesse da gest\u00e3o em promover o aprimoramento cont\u00ednuo, muitos servidores ainda apresentam baixa ades\u00e3o a treinamentos online, seja por falta de h\u00e1bito, de familiaridade com plataformas digitais ou por priorizarem as atividades presenciais da rotina laboral.","9":"teste"}
2025-04-29 08:18:05 - Processando pergunta 1, resposta_valor: A iniciativa de inscrever o município no PCM 2025 partiu do Prefeito Municipal. A proposta foi recebida de forma muito positiva pela administração e pelos servidores, que reconheceram no programa de compliance do TCM uma oportunidade valiosa para aprimorar a transparência e a eficiência da gestão pública.
2025-04-29 08:18:06 - Processando pergunta 2, resposta_valor: Sim
2025-04-29 08:18:06 - Pergunta 2 - resposta_sim_nao: Sim, justificativa_valor: 
2025-04-29 08:18:06 - Processando pergunta 14, resposta_valor: Administração|5|5|0|10|10
2025-04-29 08:18:06 - Pergunta 14 (planilha) - linhas brutas: ["Administra\u00e7\u00e3o|5|5|0|10|10"]
2025-04-29 08:18:06 - Pergunta 14 (planilha) - dados da linha: ["Administra\u00e7\u00e3o","5","5","0","10","10"]
2025-04-29 08:18:06 - Pergunta 14 (planilha) - planilha_data: [{"secretaria":"Administra\u00e7\u00e3o","efetivos":"5","comissionados":"5","temporarios":"0","total_parcial":"10"}]
2025-04-29 08:18:06 - Processando pergunta 4, resposta_valor: Sim|Ética|A administração municipal entende que a Ética é o alicerce de toda gestão pública responsável. A consolidação de princípios éticos no serviço público é fundamental para garantir a integridade, a moralidade administrativa e a confiança da sociedade na administração. O fortalecimento da cultura ética previne desvios de conduta, promove a justiça nas relações institucionais e reforça o compromisso da gestão com o interesse público.
2025-04-29 08:18:06 - Pergunta 4 - resposta_sim_nao: Sim, eixo_selecionado: Ética, justificativa_valor: A administração municipal entende que a Ética é o alicerce de toda gestão pública responsável. A consolidação de princípios éticos no serviço público é fundamental para garantir a integridade, a moralidade administrativa e a confiança da sociedade na administração. O fortalecimento da cultura ética previne desvios de conduta, promove a justiça nas relações institucionais e reforça o compromisso da gestão com o interesse público.
2025-04-29 08:18:06 - Processando pergunta 5, resposta_valor: Sim
2025-04-29 08:18:06 - Pergunta 5 - resposta_sim_nao: Sim, justificativa_valor: 
2025-04-29 08:18:06 - Processando pergunta 6, resposta_valor: 2 horas.
2025-04-29 08:18:06 - Processando pergunta 7, resposta_valor: Sim
2025-04-29 08:18:06 - Pergunta 7 - resposta_sim_nao: Sim, justificativa_valor: 
2025-04-29 08:18:06 - Processando pergunta 8, resposta_valor: O principal desafio identificado é motivar os servidores para participação nas capacitações virtuais. Embora haja interesse da gestão em promover o aprimoramento contínuo, muitos servidores ainda apresentam baixa adesão a treinamentos online, seja por falta de hábito, de familiaridade com plataformas digitais ou por priorizarem as atividades presenciais da rotina laboral.
2025-04-29 08:18:06 - Pergunta 8 - resposta_valor: O principal desafio identificado é motivar os servidores para participação nas capacitações virtuais. Embora haja interesse da gestão em promover o aprimoramento contínuo, muitos servidores ainda apresentam baixa adesão a treinamentos online, seja por falta de hábito, de familiaridade com plataformas digitais ou por priorizarem as atividades presenciais da rotina laboral., outras_respostas_valor: 
2025-04-29 08:18:07 - Processando pergunta 9, resposta_valor: teste
2025-04-29 08:22:06 - Prefeitura ID: 40
2025-04-29 08:22:06 - Total de perguntas recuperadas: 9
2025-04-29 08:22:06 - Respostas recuperadas: {"1":"A iniciativa de inscrever o munic\u00edpio no PCM 2025 partiu do Prefeito Municipal. A proposta foi recebida de forma muito positiva pela administra\u00e7\u00e3o e pelos servidores, que reconheceram no programa de compliance do TCM uma oportunidade valiosa para aprimorar a transpar\u00eancia e a efici\u00eancia da gest\u00e3o p\u00fablica.","2":"Sim","14":"Administra\u00e7\u00e3o|5|5|0|10|10","4":"Sim|\u00c9tica|A administra\u00e7\u00e3o municipal entende que a \u00c9tica \u00e9 o alicerce de toda gest\u00e3o p\u00fablica respons\u00e1vel. A consolida\u00e7\u00e3o de princ\u00edpios \u00e9ticos no servi\u00e7o p\u00fablico \u00e9 fundamental para garantir a integridade, a moralidade administrativa e a confian\u00e7a da sociedade na administra\u00e7\u00e3o. O fortalecimento da cultura \u00e9tica previne desvios de conduta, promove a justi\u00e7a nas rela\u00e7\u00f5es institucionais e refor\u00e7a o compromisso da gest\u00e3o com o interesse p\u00fablico.","5":"Sim","6":"2 horas.","7":"Sim","8":"O principal desafio identificado \u00e9 motivar os servidores para participa\u00e7\u00e3o nas capacita\u00e7\u00f5es virtuais. Embora haja interesse da gest\u00e3o em promover o aprimoramento cont\u00ednuo, muitos servidores ainda apresentam baixa ades\u00e3o a treinamentos online, seja por falta de h\u00e1bito, de familiaridade com plataformas digitais ou por priorizarem as atividades presenciais da rotina laboral.","9":"teste"}
2025-04-29 08:22:06 - Formulário enviado: {"resposta":{"1":"A iniciativa de inscrever o munic\u00edpio no PCM 2025 partiu do Prefeito Municipal. A proposta foi recebida de forma muito positiva pela administra\u00e7\u00e3o e pelos servidores, que reconheceram no programa de compliance do TCM uma oportunidade valiosa para aprimorar a transpar\u00eancia e a efici\u00eancia da gest\u00e3o p\u00fablica.","2":{"sim_nao":"Sim"},"4":{"sim_nao":"Sim","eixo":"\u00c9tica"},"5":"Sim","6":"2 horas.","7":{"sim_nao":"Sim"},"8":"O principal desafio identificado \u00e9 motivar os servidores para participa\u00e7\u00e3o nas capacita\u00e7\u00f5es virtuais. Embora haja interesse da gest\u00e3o em promover o aprimoramento cont\u00ednuo, muitos servidores ainda apresentam baixa ades\u00e3o a treinamentos online, seja por falta de h\u00e1bito, de familiaridade com plataformas digitais ou por priorizarem as atividades presenciais da rotina laboral.","9":"O munic\u00edpio j\u00e1 possui avan\u00e7os consistentes em transpar\u00eancia e capacita\u00e7\u00e3o de servidores. A ades\u00e3o ao PCM 2025 \u00e9 estrat\u00e9gica para consolidar a cultura de compliance, com \u00eanfase na \u00e9tica como eixo central da gest\u00e3o. A administra\u00e7\u00e3o municipal busca aprimorar a gest\u00e3o de riscos e fortalecer pr\u00e1ticas de integridade, alinhando-se aos padr\u00f5es exigidos pelos \u00f3rg\u00e3os de controle e pela sociedade."},"justificativa":{"2":"","4":"A administra\u00e7\u00e3o municipal entende que a \u00c9tica \u00e9 o alicerce de toda gest\u00e3o p\u00fablica respons\u00e1vel. A consolida\u00e7\u00e3o de princ\u00edpios \u00e9ticos no servi\u00e7o p\u00fablico \u00e9 fundamental para garantir a integridade, a moralidade administrativa e a confian\u00e7a da sociedade na administra\u00e7\u00e3o. O fortalecimento da cultura \u00e9tica previne desvios de conduta, promove a justi\u00e7a nas rela\u00e7\u00f5es institucionais e refor\u00e7a o compromisso da gest\u00e3o com o interesse p\u00fablico.","5":"","7":""},"secretaria":{"14":["Administra\u00e7\u00e3o"]},"efetivos":{"14":["5"]},"comissionados":{"14":["5"]},"temporarios":{"14":["0"]},"salvar":""}
2025-04-29 08:22:06 - Atualizada resposta para pergunta 1: A iniciativa de inscrever o município no PCM 2025 partiu do Prefeito Municipal. A proposta foi recebida de forma muito positiva pela administração e pelos servidores, que reconheceram no programa de compliance do TCM uma oportunidade valiosa para aprimorar a transparência e a eficiência da gestão pública.
2025-04-29 08:22:06 - Atualizada resposta para pergunta 2: Sim
2025-04-29 08:22:06 - Pergunta 14 (planilha) - Resposta gerada: Administração|5|5|0|10
2025-04-29 08:22:06 - Atualizada resposta para pergunta 14: Administração|5|5|0|10
2025-04-29 08:22:06 - Atualizada resposta para pergunta 4: Sim|Ética|A administração municipal entende que a Ética é o alicerce de toda gestão pública responsável. A consolidação de princípios éticos no serviço público é fundamental para garantir a integridade, a moralidade administrativa e a confiança da sociedade na administração. O fortalecimento da cultura ética previne desvios de conduta, promove a justiça nas relações institucionais e reforça o compromisso da gestão com o interesse público.
2025-04-29 08:22:06 - Atualizada resposta para pergunta 5: Sim
2025-04-29 08:22:06 - Atualizada resposta para pergunta 6: 2 horas.
2025-04-29 08:22:06 - Atualizada resposta para pergunta 7: Sim
2025-04-29 08:22:07 - Atualizada resposta para pergunta 8: O principal desafio identificado é motivar os servidores para participação nas capacitações virtuais. Embora haja interesse da gestão em promover o aprimoramento contínuo, muitos servidores ainda apresentam baixa adesão a treinamentos online, seja por falta de hábito, de familiaridade com plataformas digitais ou por priorizarem as atividades presenciais da rotina laboral.
2025-04-29 08:22:07 - Atualizada resposta para pergunta 9: O município já possui avanços consistentes em transparência e capacitação de servidores. A adesão ao PCM 2025 é estratégica para consolidar a cultura de compliance, com ênfase na ética como eixo central da gestão. A administração municipal busca aprimorar a gestão de riscos e fortalecer práticas de integridade, alinhando-se aos padrões exigidos pelos órgãos de controle e pela sociedade.
2025-04-29 08:22:07 - Salvamento concluído com sucesso
2025-04-29 08:22:07 - Prefeitura ID: 40
2025-04-29 08:22:07 - Total de perguntas recuperadas: 9
2025-04-29 08:22:07 - Respostas recuperadas: {"1":"A iniciativa de inscrever o munic\u00edpio no PCM 2025 partiu do Prefeito Municipal. A proposta foi recebida de forma muito positiva pela administra\u00e7\u00e3o e pelos servidores, que reconheceram no programa de compliance do TCM uma oportunidade valiosa para aprimorar a transpar\u00eancia e a efici\u00eancia da gest\u00e3o p\u00fablica.","2":"Sim","14":"Administra\u00e7\u00e3o|5|5|0|10","4":"Sim|\u00c9tica|A administra\u00e7\u00e3o municipal entende que a \u00c9tica \u00e9 o alicerce de toda gest\u00e3o p\u00fablica respons\u00e1vel. A consolida\u00e7\u00e3o de princ\u00edpios \u00e9ticos no servi\u00e7o p\u00fablico \u00e9 fundamental para garantir a integridade, a moralidade administrativa e a confian\u00e7a da sociedade na administra\u00e7\u00e3o. O fortalecimento da cultura \u00e9tica previne desvios de conduta, promove a justi\u00e7a nas rela\u00e7\u00f5es institucionais e refor\u00e7a o compromisso da gest\u00e3o com o interesse p\u00fablico.","5":"Sim","6":"2 horas.","7":"Sim","8":"O principal desafio identificado \u00e9 motivar os servidores para participa\u00e7\u00e3o nas capacita\u00e7\u00f5es virtuais. Embora haja interesse da gest\u00e3o em promover o aprimoramento cont\u00ednuo, muitos servidores ainda apresentam baixa ades\u00e3o a treinamentos online, seja por falta de h\u00e1bito, de familiaridade com plataformas digitais ou por priorizarem as atividades presenciais da rotina laboral.","9":"O munic\u00edpio j\u00e1 possui avan\u00e7os consistentes em transpar\u00eancia e capacita\u00e7\u00e3o de servidores. A ades\u00e3o ao PCM 2025 \u00e9 estrat\u00e9gica para consolidar a cultura de compliance, com \u00eanfase na \u00e9tica como eixo central da gest\u00e3o. A administra\u00e7\u00e3o municipal busca aprimorar a gest\u00e3o de riscos e fortalecer pr\u00e1ticas de integridade, alinhando-se aos padr\u00f5es exigidos pelos \u00f3rg\u00e3os de controle e pela sociedade."}
2025-04-29 08:22:07 - Processando pergunta 1, resposta_valor: A iniciativa de inscrever o município no PCM 2025 partiu do Prefeito Municipal. A proposta foi recebida de forma muito positiva pela administração e pelos servidores, que reconheceram no programa de compliance do TCM uma oportunidade valiosa para aprimorar a transparência e a eficiência da gestão pública.
2025-04-29 08:22:07 - Processando pergunta 2, resposta_valor: Sim
2025-04-29 08:22:07 - Pergunta 2 - resposta_sim_nao: Sim, justificativa_valor: 
2025-04-29 08:22:07 - Processando pergunta 14, resposta_valor: Administração|5|5|0|10
2025-04-29 08:22:07 - Pergunta 14 (planilha) - linhas brutas: ["Administra\u00e7\u00e3o|5|5|0|10"]
2025-04-29 08:22:07 - Pergunta 14 (planilha) - dados da linha: ["Administra\u00e7\u00e3o","5","5","0","10"]
2025-04-29 08:22:07 - Pergunta 14 (planilha) - planilha_data: [{"secretaria":"Administra\u00e7\u00e3o","efetivos":"5","comissionados":"5","temporarios":"0","total_parcial":"10"}]
2025-04-29 08:22:07 - Processando pergunta 4, resposta_valor: Sim|Ética|A administração municipal entende que a Ética é o alicerce de toda gestão pública responsável. A consolidação de princípios éticos no serviço público é fundamental para garantir a integridade, a moralidade administrativa e a confiança da sociedade na administração. O fortalecimento da cultura ética previne desvios de conduta, promove a justiça nas relações institucionais e reforça o compromisso da gestão com o interesse público.
2025-04-29 08:22:08 - Pergunta 4 - resposta_sim_nao: Sim, eixo_selecionado: Ética, justificativa_valor: A administração municipal entende que a Ética é o alicerce de toda gestão pública responsável. A consolidação de princípios éticos no serviço público é fundamental para garantir a integridade, a moralidade administrativa e a confiança da sociedade na administração. O fortalecimento da cultura ética previne desvios de conduta, promove a justiça nas relações institucionais e reforça o compromisso da gestão com o interesse público.
2025-04-29 08:22:08 - Processando pergunta 5, resposta_valor: Sim
2025-04-29 08:22:08 - Pergunta 5 - resposta_sim_nao: Sim, justificativa_valor: 
2025-04-29 08:22:08 - Processando pergunta 6, resposta_valor: 2 horas.
2025-04-29 08:22:08 - Processando pergunta 7, resposta_valor: Sim
2025-04-29 08:22:08 - Pergunta 7 - resposta_sim_nao: Sim, justificativa_valor: 
2025-04-29 08:22:08 - Processando pergunta 8, resposta_valor: O principal desafio identificado é motivar os servidores para participação nas capacitações virtuais. Embora haja interesse da gestão em promover o aprimoramento contínuo, muitos servidores ainda apresentam baixa adesão a treinamentos online, seja por falta de hábito, de familiaridade com plataformas digitais ou por priorizarem as atividades presenciais da rotina laboral.
2025-04-29 08:22:08 - Pergunta 8 - resposta_valor: O principal desafio identificado é motivar os servidores para participação nas capacitações virtuais. Embora haja interesse da gestão em promover o aprimoramento contínuo, muitos servidores ainda apresentam baixa adesão a treinamentos online, seja por falta de hábito, de familiaridade com plataformas digitais ou por priorizarem as atividades presenciais da rotina laboral., outras_respostas_valor: 
2025-04-29 08:22:08 - Processando pergunta 9, resposta_valor: O município já possui avanços consistentes em transparência e capacitação de servidores. A adesão ao PCM 2025 é estratégica para consolidar a cultura de compliance, com ênfase na ética como eixo central da gestão. A administração municipal busca aprimorar a gestão de riscos e fortalecer práticas de integridade, alinhando-se aos padrões exigidos pelos órgãos de controle e pela sociedade.
2025-04-29 08:26:52 - Prefeitura ID: 51
2025-04-29 08:26:52 - Total de perguntas recuperadas: 9
2025-04-29 08:26:52 - Respostas recuperadas: {"1":"O Prefeito.\r\nAtrav\u00e9s de e-mail","2":"Sim","14":"SECRETARIA DE EDUCA\u00c7\u00c3O|707|116|281|1104","4":"N\u00e3o","5":"Sim","6":"20 (vinte) horas semanais","7":"Sim","8":"A falta de salas climatizadas e de equipamentos com c\u00e2meras de v\u00eddeo pode dificultar ou inviabilizar a participa\u00e7\u00e3o em reuni\u00f5es e capacita\u00e7\u00f5es, tanto virtuais quanto presenciais, comprometendo a qualidade das atividades realizadas no \u00e2mbito do Programa.\r\nEsses desafios impactam diretamente a ades\u00e3o, o engajamento e a efetividade das a\u00e7\u00f5es propostas pelo Programa Compliance Municipal 2025, sendo, portanto, pontos cr\u00edticos que precisam ser superados para garantir o sucesso da participa\u00e7\u00e3o do munic\u00edpio.","9":"O munic\u00edpio re\u00fane condi\u00e7\u00f5es para participar do Programa Compliance Municipal 2025 para adotar pr\u00e1ticas de Gest\u00e3o de Riscos, promover a cultura de \u00c9tica e Integridade, fortalecer a Transpar\u00eancia e a Ouvidoria, investir na capacita\u00e7\u00e3o dos servidores e buscar continuamente a melhoria da gest\u00e3o p\u00fablica."}
2025-04-29 08:26:52 - Processando pergunta 1, resposta_valor: O Prefeito.
Através de e-mail
2025-04-29 08:26:52 - Processando pergunta 2, resposta_valor: Sim
2025-04-29 08:26:53 - Pergunta 2 - resposta_sim_nao: Sim, justificativa_valor: 
2025-04-29 08:26:53 - Processando pergunta 14, resposta_valor: SECRETARIA DE EDUCAÇÃO|707|116|281|1104
2025-04-29 08:26:53 - Pergunta 14 (planilha) - linhas brutas: ["SECRETARIA DE EDUCA\u00c7\u00c3O|707|116|281|1104"]
2025-04-29 08:26:53 - Pergunta 14 (planilha) - dados da linha: ["SECRETARIA DE EDUCA\u00c7\u00c3O","707","116","281","1104"]
2025-04-29 08:26:54 - Pergunta 14 (planilha) - planilha_data: [{"secretaria":"SECRETARIA DE EDUCA\u00c7\u00c3O","efetivos":"707","comissionados":"116","temporarios":"281","total_parcial":"1104"}]
2025-04-29 08:26:54 - Processando pergunta 4, resposta_valor: Não
2025-04-29 08:26:54 - Pergunta 4 - resposta_sim_nao: Não, eixo_selecionado: , justificativa_valor: 
2025-04-29 08:26:54 - Processando pergunta 5, resposta_valor: Sim
2025-04-29 08:26:54 - Pergunta 5 - resposta_sim_nao: Sim, justificativa_valor: 
2025-04-29 08:26:55 - Processando pergunta 6, resposta_valor: 20 (vinte) horas semanais
2025-04-29 08:26:55 - Processando pergunta 7, resposta_valor: Sim
2025-04-29 08:26:55 - Pergunta 7 - resposta_sim_nao: Sim, justificativa_valor: 
2025-04-29 08:26:55 - Processando pergunta 8, resposta_valor: A falta de salas climatizadas e de equipamentos com câmeras de vídeo pode dificultar ou inviabilizar a participação em reuniões e capacitações, tanto virtuais quanto presenciais, comprometendo a qualidade das atividades realizadas no âmbito do Programa.
Esses desafios impactam diretamente a adesão, o engajamento e a efetividade das ações propostas pelo Programa Compliance Municipal 2025, sendo, portanto, pontos críticos que precisam ser superados para garantir o sucesso da participação do município.
2025-04-29 08:26:56 - Pergunta 8 - resposta_valor: A falta de salas climatizadas e de equipamentos com câmeras de vídeo pode dificultar ou inviabilizar a participação em reuniões e capacitações, tanto virtuais quanto presenciais, comprometendo a qualidade das atividades realizadas no âmbito do Programa.
Esses desafios impactam diretamente a adesão, o engajamento e a efetividade das ações propostas pelo Programa Compliance Municipal 2025, sendo, portanto, pontos críticos que precisam ser superados para garantir o sucesso da participação do município., outras_respostas_valor: 
2025-04-29 08:26:56 - Processando pergunta 9, resposta_valor: O município reúne condições para participar do Programa Compliance Municipal 2025 para adotar práticas de Gestão de Riscos, promover a cultura de Ética e Integridade, fortalecer a Transparência e a Ouvidoria, investir na capacitação dos servidores e buscar continuamente a melhoria da gestão pública.
2025-04-29 08:28:23 - Prefeitura ID: 40
2025-04-29 08:28:23 - Total de perguntas recuperadas: 9
2025-04-29 08:28:23 - Respostas recuperadas: {"1":"A iniciativa de inscrever o munic\u00edpio no PCM 2025 partiu do Prefeito Municipal. A proposta foi recebida de forma muito positiva pela administra\u00e7\u00e3o e pelos servidores, que reconheceram no programa de compliance do TCM uma oportunidade valiosa para aprimorar a transpar\u00eancia e a efici\u00eancia da gest\u00e3o p\u00fablica.","2":"Sim","14":"Administra\u00e7\u00e3o|5|5|0|10","4":"Sim|\u00c9tica|A administra\u00e7\u00e3o municipal entende que a \u00c9tica \u00e9 o alicerce de toda gest\u00e3o p\u00fablica respons\u00e1vel. A consolida\u00e7\u00e3o de princ\u00edpios \u00e9ticos no servi\u00e7o p\u00fablico \u00e9 fundamental para garantir a integridade, a moralidade administrativa e a confian\u00e7a da sociedade na administra\u00e7\u00e3o. O fortalecimento da cultura \u00e9tica previne desvios de conduta, promove a justi\u00e7a nas rela\u00e7\u00f5es institucionais e refor\u00e7a o compromisso da gest\u00e3o com o interesse p\u00fablico.","5":"Sim","6":"2 horas.","7":"Sim","8":"O principal desafio identificado \u00e9 motivar os servidores para participa\u00e7\u00e3o nas capacita\u00e7\u00f5es virtuais. Embora haja interesse da gest\u00e3o em promover o aprimoramento cont\u00ednuo, muitos servidores ainda apresentam baixa ades\u00e3o a treinamentos online, seja por falta de h\u00e1bito, de familiaridade com plataformas digitais ou por priorizarem as atividades presenciais da rotina laboral.","9":"O munic\u00edpio j\u00e1 possui avan\u00e7os consistentes em transpar\u00eancia e capacita\u00e7\u00e3o de servidores. A ades\u00e3o ao PCM 2025 \u00e9 estrat\u00e9gica para consolidar a cultura de compliance, com \u00eanfase na \u00e9tica como eixo central da gest\u00e3o. A administra\u00e7\u00e3o municipal busca aprimorar a gest\u00e3o de riscos e fortalecer pr\u00e1ticas de integridade, alinhando-se aos padr\u00f5es exigidos pelos \u00f3rg\u00e3os de controle e pela sociedade."}
2025-04-29 08:28:23 - Processando pergunta 1, resposta_valor: A iniciativa de inscrever o município no PCM 2025 partiu do Prefeito Municipal. A proposta foi recebida de forma muito positiva pela administração e pelos servidores, que reconheceram no programa de compliance do TCM uma oportunidade valiosa para aprimorar a transparência e a eficiência da gestão pública.
2025-04-29 08:28:23 - Processando pergunta 2, resposta_valor: Sim
2025-04-29 08:28:23 - Pergunta 2 - resposta_sim_nao: Sim, justificativa_valor: 
2025-04-29 08:28:24 - Processando pergunta 14, resposta_valor: Administração|5|5|0|10
2025-04-29 08:28:24 - Pergunta 14 (planilha) - linhas brutas: ["Administra\u00e7\u00e3o|5|5|0|10"]
2025-04-29 08:28:24 - Pergunta 14 (planilha) - dados da linha: ["Administra\u00e7\u00e3o","5","5","0","10"]
2025-04-29 08:28:24 - Pergunta 14 (planilha) - planilha_data: [{"secretaria":"Administra\u00e7\u00e3o","efetivos":"5","comissionados":"5","temporarios":"0","total_parcial":"10"}]
2025-04-29 08:28:24 - Processando pergunta 4, resposta_valor: Sim|Ética|A administração municipal entende que a Ética é o alicerce de toda gestão pública responsável. A consolidação de princípios éticos no serviço público é fundamental para garantir a integridade, a moralidade administrativa e a confiança da sociedade na administração. O fortalecimento da cultura ética previne desvios de conduta, promove a justiça nas relações institucionais e reforça o compromisso da gestão com o interesse público.
2025-04-29 08:28:24 - Pergunta 4 - resposta_sim_nao: Sim, eixo_selecionado: Ética, justificativa_valor: A administração municipal entende que a Ética é o alicerce de toda gestão pública responsável. A consolidação de princípios éticos no serviço público é fundamental para garantir a integridade, a moralidade administrativa e a confiança da sociedade na administração. O fortalecimento da cultura ética previne desvios de conduta, promove a justiça nas relações institucionais e reforça o compromisso da gestão com o interesse público.
2025-04-29 08:28:24 - Processando pergunta 5, resposta_valor: Sim
2025-04-29 08:28:24 - Pergunta 5 - resposta_sim_nao: Sim, justificativa_valor: 
2025-04-29 08:28:24 - Processando pergunta 6, resposta_valor: 2 horas.
2025-04-29 08:28:24 - Processando pergunta 7, resposta_valor: Sim
2025-04-29 08:28:24 - Pergunta 7 - resposta_sim_nao: Sim, justificativa_valor: 
2025-04-29 08:28:24 - Processando pergunta 8, resposta_valor: O principal desafio identificado é motivar os servidores para participação nas capacitações virtuais. Embora haja interesse da gestão em promover o aprimoramento contínuo, muitos servidores ainda apresentam baixa adesão a treinamentos online, seja por falta de hábito, de familiaridade com plataformas digitais ou por priorizarem as atividades presenciais da rotina laboral.
2025-04-29 08:28:24 - Pergunta 8 - resposta_valor: O principal desafio identificado é motivar os servidores para participação nas capacitações virtuais. Embora haja interesse da gestão em promover o aprimoramento contínuo, muitos servidores ainda apresentam baixa adesão a treinamentos online, seja por falta de hábito, de familiaridade com plataformas digitais ou por priorizarem as atividades presenciais da rotina laboral., outras_respostas_valor: 
2025-04-29 08:28:24 - Processando pergunta 9, resposta_valor: O município já possui avanços consistentes em transparência e capacitação de servidores. A adesão ao PCM 2025 é estratégica para consolidar a cultura de compliance, com ênfase na ética como eixo central da gestão. A administração municipal busca aprimorar a gestão de riscos e fortalecer práticas de integridade, alinhando-se aos padrões exigidos pelos órgãos de controle e pela sociedade.
2025-04-29 08:29:23 - Prefeitura ID: 51
2025-04-29 08:29:23 - Total de perguntas recuperadas: 9
2025-04-29 08:29:24 - Respostas recuperadas: {"1":"O Prefeito.\r\nAtrav\u00e9s de e-mail","2":"Sim","14":"SECRETARIA DE EDUCA\u00c7\u00c3O|707|116|281|1104","4":"N\u00e3o","5":"Sim","6":"20 (vinte) horas semanais","7":"Sim","8":"A falta de salas climatizadas e de equipamentos com c\u00e2meras de v\u00eddeo pode dificultar ou inviabilizar a participa\u00e7\u00e3o em reuni\u00f5es e capacita\u00e7\u00f5es, tanto virtuais quanto presenciais, comprometendo a qualidade das atividades realizadas no \u00e2mbito do Programa.\r\nEsses desafios impactam diretamente a ades\u00e3o, o engajamento e a efetividade das a\u00e7\u00f5es propostas pelo Programa Compliance Municipal 2025, sendo, portanto, pontos cr\u00edticos que precisam ser superados para garantir o sucesso da participa\u00e7\u00e3o do munic\u00edpio.","9":"O munic\u00edpio re\u00fane condi\u00e7\u00f5es para participar do Programa Compliance Municipal 2025 para adotar pr\u00e1ticas de Gest\u00e3o de Riscos, promover a cultura de \u00c9tica e Integridade, fortalecer a Transpar\u00eancia e a Ouvidoria, investir na capacita\u00e7\u00e3o dos servidores e buscar continuamente a melhoria da gest\u00e3o p\u00fablica."}
2025-04-29 08:29:24 - Processando pergunta 1, resposta_valor: O Prefeito.
Através de e-mail
2025-04-29 08:29:24 - Processando pergunta 2, resposta_valor: Sim
2025-04-29 08:29:24 - Pergunta 2 - resposta_sim_nao: Sim, justificativa_valor: 
2025-04-29 08:29:24 - Processando pergunta 14, resposta_valor: SECRETARIA DE EDUCAÇÃO|707|116|281|1104
2025-04-29 08:29:25 - Pergunta 14 (planilha) - linhas brutas: ["SECRETARIA DE EDUCA\u00c7\u00c3O|707|116|281|1104"]
2025-04-29 08:29:25 - Pergunta 14 (planilha) - dados da linha: ["SECRETARIA DE EDUCA\u00c7\u00c3O","707","116","281","1104"]
2025-04-29 08:29:25 - Pergunta 14 (planilha) - planilha_data: [{"secretaria":"SECRETARIA DE EDUCA\u00c7\u00c3O","efetivos":"707","comissionados":"116","temporarios":"281","total_parcial":"1104"}]
2025-04-29 08:29:25 - Processando pergunta 4, resposta_valor: Não
2025-04-29 08:29:26 - Pergunta 4 - resposta_sim_nao: Não, eixo_selecionado: , justificativa_valor: 
2025-04-29 08:29:26 - Processando pergunta 5, resposta_valor: Sim
2025-04-29 08:29:26 - Pergunta 5 - resposta_sim_nao: Sim, justificativa_valor: 
2025-04-29 08:29:26 - Processando pergunta 6, resposta_valor: 20 (vinte) horas semanais
2025-04-29 08:29:26 - Processando pergunta 7, resposta_valor: Sim
2025-04-29 08:29:27 - Pergunta 7 - resposta_sim_nao: Sim, justificativa_valor: 
2025-04-29 08:29:27 - Processando pergunta 8, resposta_valor: A falta de salas climatizadas e de equipamentos com câmeras de vídeo pode dificultar ou inviabilizar a participação em reuniões e capacitações, tanto virtuais quanto presenciais, comprometendo a qualidade das atividades realizadas no âmbito do Programa.
Esses desafios impactam diretamente a adesão, o engajamento e a efetividade das ações propostas pelo Programa Compliance Municipal 2025, sendo, portanto, pontos críticos que precisam ser superados para garantir o sucesso da participação do município.
2025-04-29 08:29:27 - Pergunta 8 - resposta_valor: A falta de salas climatizadas e de equipamentos com câmeras de vídeo pode dificultar ou inviabilizar a participação em reuniões e capacitações, tanto virtuais quanto presenciais, comprometendo a qualidade das atividades realizadas no âmbito do Programa.
Esses desafios impactam diretamente a adesão, o engajamento e a efetividade das ações propostas pelo Programa Compliance Municipal 2025, sendo, portanto, pontos críticos que precisam ser superados para garantir o sucesso da participação do município., outras_respostas_valor: 
2025-04-29 08:29:27 - Processando pergunta 9, resposta_valor: O município reúne condições para participar do Programa Compliance Municipal 2025 para adotar práticas de Gestão de Riscos, promover a cultura de Ética e Integridade, fortalecer a Transparência e a Ouvidoria, investir na capacitação dos servidores e buscar continuamente a melhoria da gestão pública.
2025-04-29 08:36:07 - Prefeitura ID: 40
2025-04-29 08:36:07 - Total de perguntas recuperadas: 9
2025-04-29 08:36:07 - Respostas recuperadas: {"1":"A iniciativa de inscrever o munic\u00edpio no PCM 2025 partiu do Prefeito Municipal. A proposta foi recebida de forma muito positiva pela administra\u00e7\u00e3o e pelos servidores, que reconheceram no programa de compliance do TCM uma oportunidade valiosa para aprimorar a transpar\u00eancia e a efici\u00eancia da gest\u00e3o p\u00fablica.","2":"Sim","14":"Administra\u00e7\u00e3o|5|5|0|10","4":"Sim|\u00c9tica|A administra\u00e7\u00e3o municipal entende que a \u00c9tica \u00e9 o alicerce de toda gest\u00e3o p\u00fablica respons\u00e1vel. A consolida\u00e7\u00e3o de princ\u00edpios \u00e9ticos no servi\u00e7o p\u00fablico \u00e9 fundamental para garantir a integridade, a moralidade administrativa e a confian\u00e7a da sociedade na administra\u00e7\u00e3o. O fortalecimento da cultura \u00e9tica previne desvios de conduta, promove a justi\u00e7a nas rela\u00e7\u00f5es institucionais e refor\u00e7a o compromisso da gest\u00e3o com o interesse p\u00fablico.","5":"Sim","6":"2 horas.","7":"Sim","8":"O principal desafio identificado \u00e9 motivar os servidores para participa\u00e7\u00e3o nas capacita\u00e7\u00f5es virtuais. Embora haja interesse da gest\u00e3o em promover o aprimoramento cont\u00ednuo, muitos servidores ainda apresentam baixa ades\u00e3o a treinamentos online, seja por falta de h\u00e1bito, de familiaridade com plataformas digitais ou por priorizarem as atividades presenciais da rotina laboral.","9":"O munic\u00edpio j\u00e1 possui avan\u00e7os consistentes em transpar\u00eancia e capacita\u00e7\u00e3o de servidores. A ades\u00e3o ao PCM 2025 \u00e9 estrat\u00e9gica para consolidar a cultura de compliance, com \u00eanfase na \u00e9tica como eixo central da gest\u00e3o. A administra\u00e7\u00e3o municipal busca aprimorar a gest\u00e3o de riscos e fortalecer pr\u00e1ticas de integridade, alinhando-se aos padr\u00f5es exigidos pelos \u00f3rg\u00e3os de controle e pela sociedade."}
2025-04-29 08:36:07 - Processando pergunta 1, resposta_valor: A iniciativa de inscrever o município no PCM 2025 partiu do Prefeito Municipal. A proposta foi recebida de forma muito positiva pela administração e pelos servidores, que reconheceram no programa de compliance do TCM uma oportunidade valiosa para aprimorar a transparência e a eficiência da gestão pública.
2025-04-29 08:36:07 - Processando pergunta 2, resposta_valor: Sim
2025-04-29 08:36:07 - Pergunta 2 - resposta_sim_nao: Sim, justificativa_valor: 
2025-04-29 08:36:07 - Processando pergunta 14, resposta_valor: Administração|5|5|0|10
2025-04-29 08:36:08 - Pergunta 14 (planilha) - linhas brutas: ["Administra\u00e7\u00e3o|5|5|0|10"]
2025-04-29 08:36:08 - Pergunta 14 (planilha) - dados da linha: ["Administra\u00e7\u00e3o","5","5","0","10"]
2025-04-29 08:36:08 - Pergunta 14 (planilha) - planilha_data: [{"secretaria":"Administra\u00e7\u00e3o","efetivos":"5","comissionados":"5","temporarios":"0","total_parcial":"10"}]
2025-04-29 08:36:08 - Processando pergunta 4, resposta_valor: Sim|Ética|A administração municipal entende que a Ética é o alicerce de toda gestão pública responsável. A consolidação de princípios éticos no serviço público é fundamental para garantir a integridade, a moralidade administrativa e a confiança da sociedade na administração. O fortalecimento da cultura ética previne desvios de conduta, promove a justiça nas relações institucionais e reforça o compromisso da gestão com o interesse público.
2025-04-29 08:36:08 - Pergunta 4 - resposta_sim_nao: Sim, eixo_selecionado: Ética, justificativa_valor: A administração municipal entende que a Ética é o alicerce de toda gestão pública responsável. A consolidação de princípios éticos no serviço público é fundamental para garantir a integridade, a moralidade administrativa e a confiança da sociedade na administração. O fortalecimento da cultura ética previne desvios de conduta, promove a justiça nas relações institucionais e reforça o compromisso da gestão com o interesse público.
2025-04-29 08:36:08 - Processando pergunta 5, resposta_valor: Sim
2025-04-29 08:36:08 - Pergunta 5 - resposta_sim_nao: Sim, justificativa_valor: 
2025-04-29 08:36:08 - Processando pergunta 6, resposta_valor: 2 horas.
2025-04-29 08:36:08 - Processando pergunta 7, resposta_valor: Sim
2025-04-29 08:36:08 - Pergunta 7 - resposta_sim_nao: Sim, justificativa_valor: 
2025-04-29 08:36:08 - Processando pergunta 8, resposta_valor: O principal desafio identificado é motivar os servidores para participação nas capacitações virtuais. Embora haja interesse da gestão em promover o aprimoramento contínuo, muitos servidores ainda apresentam baixa adesão a treinamentos online, seja por falta de hábito, de familiaridade com plataformas digitais ou por priorizarem as atividades presenciais da rotina laboral.
2025-04-29 08:36:08 - Pergunta 8 - resposta_valor: O principal desafio identificado é motivar os servidores para participação nas capacitações virtuais. Embora haja interesse da gestão em promover o aprimoramento contínuo, muitos servidores ainda apresentam baixa adesão a treinamentos online, seja por falta de hábito, de familiaridade com plataformas digitais ou por priorizarem as atividades presenciais da rotina laboral., outras_respostas_valor: 
2025-04-29 08:36:08 - Processando pergunta 9, resposta_valor: O município já possui avanços consistentes em transparência e capacitação de servidores. A adesão ao PCM 2025 é estratégica para consolidar a cultura de compliance, com ênfase na ética como eixo central da gestão. A administração municipal busca aprimorar a gestão de riscos e fortalecer práticas de integridade, alinhando-se aos padrões exigidos pelos órgãos de controle e pela sociedade.
2025-04-29 08:57:43 - Prefeitura ID: 38
2025-04-29 08:57:44 - Total de perguntas recuperadas: 9
2025-04-29 08:57:44 - Respostas recuperadas: {"1":"A ideia foi do Prefeito, muitos servidores n\u00e3o conhecem o programa, mas mostraram-se entusiasmados.","2":"Sim","14":"Prefeitura Municipal|1998|167|405|2570|2570;Teste|1|1|1|3|2573;Teste|1|1|1|3|2576","4":"N\u00e3o","5":"N\u00e3o","6":"Teste","7":"Sim","8":"Teste","9":"Teste"}
2025-04-29 08:57:44 - Processando pergunta 1, resposta_valor: A ideia foi do Prefeito, muitos servidores não conhecem o programa, mas mostraram-se entusiasmados.
2025-04-29 08:57:44 - Processando pergunta 2, resposta_valor: Sim
2025-04-29 08:57:44 - Pergunta 2 - resposta_sim_nao: Sim, justificativa_valor: 
2025-04-29 08:57:45 - Processando pergunta 14, resposta_valor: Prefeitura Municipal|1998|167|405|2570|2570;Teste|1|1|1|3|2573;Teste|1|1|1|3|2576
2025-04-29 08:57:45 - Pergunta 14 (planilha) - linhas brutas: ["Prefeitura Municipal|1998|167|405|2570|2570","Teste|1|1|1|3|2573","Teste|1|1|1|3|2576"]
2025-04-29 08:57:45 - Pergunta 14 (planilha) - dados da linha: ["Prefeitura Municipal","1998","167","405","2570","2570"]
2025-04-29 08:57:45 - Pergunta 14 (planilha) - dados da linha: ["Teste","1","1","1","3","2573"]
2025-04-29 08:57:46 - Pergunta 14 (planilha) - dados da linha: ["Teste","1","1","1","3","2576"]
2025-04-29 08:57:46 - Pergunta 14 (planilha) - planilha_data: [{"secretaria":"Prefeitura Municipal","efetivos":"1998","comissionados":"167","temporarios":"405","total_parcial":"2570"},{"secretaria":"Teste","efetivos":"1","comissionados":"1","temporarios":"1","total_parcial":"3"},{"secretaria":"Teste","efetivos":"1","comissionados":"1","temporarios":"1","total_parcial":"3"}]
2025-04-29 08:57:46 - Processando pergunta 4, resposta_valor: Não
2025-04-29 08:57:46 - Pergunta 4 - resposta_sim_nao: Não, eixo_selecionado: , justificativa_valor: 
2025-04-29 08:57:46 - Processando pergunta 5, resposta_valor: Não
2025-04-29 08:57:47 - Pergunta 5 - resposta_sim_nao: Não, justificativa_valor: 
2025-04-29 08:57:47 - Processando pergunta 6, resposta_valor: Teste
2025-04-29 08:57:47 - Processando pergunta 7, resposta_valor: Sim
2025-04-29 08:57:47 - Pergunta 7 - resposta_sim_nao: Sim, justificativa_valor: 
2025-04-29 08:57:47 - Processando pergunta 8, resposta_valor: Teste
2025-04-29 08:57:48 - Pergunta 8 - resposta_valor: Teste, outras_respostas_valor: 
2025-04-29 08:57:48 - Processando pergunta 9, resposta_valor: Teste
2025-04-29 08:57:55 - Prefeitura ID: 38
2025-04-29 08:57:56 - Total de perguntas recuperadas: 9
2025-04-29 08:57:56 - Respostas recuperadas: {"1":"A ideia foi do Prefeito, muitos servidores n\u00e3o conhecem o programa, mas mostraram-se entusiasmados.","2":"Sim","14":"Prefeitura Municipal|1998|167|405|2570|2570;Teste|1|1|1|3|2573;Teste|1|1|1|3|2576","4":"N\u00e3o","5":"N\u00e3o","6":"Teste","7":"Sim","8":"Teste","9":"Teste"}
2025-04-29 08:57:56 - Processando pergunta 1, resposta_valor: A ideia foi do Prefeito, muitos servidores não conhecem o programa, mas mostraram-se entusiasmados.
2025-04-29 08:57:56 - Processando pergunta 2, resposta_valor: Sim
2025-04-29 08:57:56 - Pergunta 2 - resposta_sim_nao: Sim, justificativa_valor: 
2025-04-29 08:57:57 - Processando pergunta 14, resposta_valor: Prefeitura Municipal|1998|167|405|2570|2570;Teste|1|1|1|3|2573;Teste|1|1|1|3|2576
2025-04-29 08:57:57 - Pergunta 14 (planilha) - linhas brutas: ["Prefeitura Municipal|1998|167|405|2570|2570","Teste|1|1|1|3|2573","Teste|1|1|1|3|2576"]
2025-04-29 08:57:57 - Pergunta 14 (planilha) - dados da linha: ["Prefeitura Municipal","1998","167","405","2570","2570"]
2025-04-29 08:57:57 - Pergunta 14 (planilha) - dados da linha: ["Teste","1","1","1","3","2573"]
2025-04-29 08:57:57 - Pergunta 14 (planilha) - dados da linha: ["Teste","1","1","1","3","2576"]
2025-04-29 08:57:58 - Pergunta 14 (planilha) - planilha_data: [{"secretaria":"Prefeitura Municipal","efetivos":"1998","comissionados":"167","temporarios":"405","total_parcial":"2570"},{"secretaria":"Teste","efetivos":"1","comissionados":"1","temporarios":"1","total_parcial":"3"},{"secretaria":"Teste","efetivos":"1","comissionados":"1","temporarios":"1","total_parcial":"3"}]
2025-04-29 08:57:58 - Processando pergunta 4, resposta_valor: Não
2025-04-29 08:57:58 - Pergunta 4 - resposta_sim_nao: Não, eixo_selecionado: , justificativa_valor: 
2025-04-29 08:57:58 - Processando pergunta 5, resposta_valor: Não
2025-04-29 08:57:59 - Pergunta 5 - resposta_sim_nao: Não, justificativa_valor: 
2025-04-29 08:57:59 - Processando pergunta 6, resposta_valor: Teste
2025-04-29 08:57:59 - Processando pergunta 7, resposta_valor: Sim
2025-04-29 08:57:59 - Pergunta 7 - resposta_sim_nao: Sim, justificativa_valor: 
2025-04-29 08:58:00 - Processando pergunta 8, resposta_valor: Teste
2025-04-29 08:58:00 - Pergunta 8 - resposta_valor: Teste, outras_respostas_valor: 
2025-04-29 08:58:00 - Processando pergunta 9, resposta_valor: Teste
2025-04-29 08:58:08 - Prefeitura ID: 38
2025-04-29 08:58:09 - Total de perguntas recuperadas: 9
2025-04-29 08:58:09 - Respostas recuperadas: {"1":"A ideia foi do Prefeito, muitos servidores n\u00e3o conhecem o programa, mas mostraram-se entusiasmados.","2":"Sim","14":"Prefeitura Municipal|1998|167|405|2570|2570;Teste|1|1|1|3|2573;Teste|1|1|1|3|2576","4":"N\u00e3o","5":"N\u00e3o","6":"Teste","7":"Sim","8":"Teste","9":"Teste"}
2025-04-29 08:58:09 - Formulário enviado: {"resposta":{"1":"A ideia foi do Prefeito, muitos servidores n\u00e3o conhecem o programa, mas mostraram-se entusiasmados.","2":{"sim_nao":"Sim"},"4":{"sim_nao":"N\u00e3o","eixo":""},"5":"N\u00e3o","6":"Teste","7":{"sim_nao":"Sim"},"8":"Teste","9":"Teste"},"justificativa":{"2":"","4":"","5":"teste","7":""},"secretaria":{"14":["Prefeitura Municipal","Teste","Teste"]},"efetivos":{"14":["1998","1","1"]},"comissionados":{"14":["167","1","1"]},"temporarios":{"14":["405","1","1"]},"salvar":""}
2025-04-29 08:58:09 - Atualizada resposta para pergunta 1: A ideia foi do Prefeito, muitos servidores não conhecem o programa, mas mostraram-se entusiasmados.
2025-04-29 08:58:10 - Atualizada resposta para pergunta 2: Sim
2025-04-29 08:58:10 - Pergunta 14 (planilha) - Resposta gerada: Prefeitura Municipal|1998|167|405|2570;Teste|1|1|1|3;Teste|1|1|1|3
2025-04-29 08:58:10 - Atualizada resposta para pergunta 14: Prefeitura Municipal|1998|167|405|2570;Teste|1|1|1|3;Teste|1|1|1|3
2025-04-29 08:58:10 - Atualizada resposta para pergunta 4: Não
2025-04-29 08:58:10 - Atualizada resposta para pergunta 5: Não|teste
2025-04-29 08:58:11 - Atualizada resposta para pergunta 6: Teste
2025-04-29 08:58:11 - Atualizada resposta para pergunta 7: Sim
2025-04-29 08:58:11 - Atualizada resposta para pergunta 8: Teste
2025-04-29 08:58:11 - Atualizada resposta para pergunta 9: Teste
2025-04-29 08:58:11 - Salvamento concluído com sucesso
2025-04-29 08:58:12 - Prefeitura ID: 38
2025-04-29 08:58:12 - Total de perguntas recuperadas: 9
2025-04-29 08:58:12 - Respostas recuperadas: {"1":"A ideia foi do Prefeito, muitos servidores n\u00e3o conhecem o programa, mas mostraram-se entusiasmados.","2":"Sim","14":"Prefeitura Municipal|1998|167|405|2570;Teste|1|1|1|3;Teste|1|1|1|3","4":"N\u00e3o","5":"N\u00e3o|teste","6":"Teste","7":"Sim","8":"Teste","9":"Teste"}
2025-04-29 08:58:12 - Processando pergunta 1, resposta_valor: A ideia foi do Prefeito, muitos servidores não conhecem o programa, mas mostraram-se entusiasmados.
2025-04-29 08:58:13 - Processando pergunta 2, resposta_valor: Sim
2025-04-29 08:58:13 - Pergunta 2 - resposta_sim_nao: Sim, justificativa_valor: 
2025-04-29 08:58:13 - Processando pergunta 14, resposta_valor: Prefeitura Municipal|1998|167|405|2570;Teste|1|1|1|3;Teste|1|1|1|3
2025-04-29 08:58:13 - Pergunta 14 (planilha) - linhas brutas: ["Prefeitura Municipal|1998|167|405|2570","Teste|1|1|1|3","Teste|1|1|1|3"]
2025-04-29 08:58:13 - Pergunta 14 (planilha) - dados da linha: ["Prefeitura Municipal","1998","167","405","2570"]
2025-04-29 08:58:14 - Pergunta 14 (planilha) - dados da linha: ["Teste","1","1","1","3"]
2025-04-29 08:58:14 - Pergunta 14 (planilha) - dados da linha: ["Teste","1","1","1","3"]
2025-04-29 08:58:14 - Pergunta 14 (planilha) - planilha_data: [{"secretaria":"Prefeitura Municipal","efetivos":"1998","comissionados":"167","temporarios":"405","total_parcial":"2570"},{"secretaria":"Teste","efetivos":"1","comissionados":"1","temporarios":"1","total_parcial":"3"},{"secretaria":"Teste","efetivos":"1","comissionados":"1","temporarios":"1","total_parcial":"3"}]
2025-04-29 08:58:14 - Processando pergunta 4, resposta_valor: Não
2025-04-29 08:58:14 - Pergunta 4 - resposta_sim_nao: Não, eixo_selecionado: , justificativa_valor: 
2025-04-29 08:58:15 - Processando pergunta 5, resposta_valor: Não|teste
2025-04-29 08:58:15 - Pergunta 5 - resposta_sim_nao: Não, justificativa_valor: teste
2025-04-29 08:58:15 - Processando pergunta 6, resposta_valor: Teste
2025-04-29 08:58:15 - Processando pergunta 7, resposta_valor: Sim
2025-04-29 08:58:16 - Pergunta 7 - resposta_sim_nao: Sim, justificativa_valor: 
2025-04-29 08:58:16 - Processando pergunta 8, resposta_valor: Teste
2025-04-29 08:58:16 - Pergunta 8 - resposta_valor: Teste, outras_respostas_valor: 
2025-04-29 08:58:16 - Processando pergunta 9, resposta_valor: Teste
2025-04-29 09:00:53 - Prefeitura ID: 38
2025-04-29 09:00:53 - Total de perguntas recuperadas: 9
2025-04-29 09:00:54 - Respostas recuperadas: {"1":"A ideia foi do Prefeito, muitos servidores n\u00e3o conhecem o programa, mas mostraram-se entusiasmados.","2":"Sim","14":"Prefeitura Municipal|1998|167|405|2570|2570;Teste|1|1|1|3|2573;Teste|1|1|1|3|2576","4":"N\u00e3o","5":"N\u00e3o|teste","6":"Teste","7":"Sim","8":"Teste","9":"Teste"}
2025-04-29 09:00:54 - Processando pergunta 1, resposta_valor: A ideia foi do Prefeito, muitos servidores não conhecem o programa, mas mostraram-se entusiasmados.
2025-04-29 09:00:54 - Processando pergunta 2, resposta_valor: Sim
2025-04-29 09:00:54 - Pergunta 2 - resposta_sim_nao: Sim, justificativa_valor: 
2025-04-29 09:00:54 - Processando pergunta 14, resposta_valor: Prefeitura Municipal|1998|167|405|2570|2570;Teste|1|1|1|3|2573;Teste|1|1|1|3|2576
2025-04-29 09:00:54 - Pergunta 14 (planilha) - linhas brutas: ["Prefeitura Municipal|1998|167|405|2570|2570","Teste|1|1|1|3|2573","Teste|1|1|1|3|2576"]
2025-04-29 09:00:54 - Pergunta 14 (planilha) - dados da linha: ["Prefeitura Municipal","1998","167","405","2570","2570"]
2025-04-29 09:00:54 - Pergunta 14 (planilha) - dados da linha: ["Teste","1","1","1","3","2573"]
2025-04-29 09:00:54 - Pergunta 14 (planilha) - dados da linha: ["Teste","1","1","1","3","2576"]
2025-04-29 09:00:54 - Pergunta 14 (planilha) - planilha_data: [{"secretaria":"Prefeitura Municipal","efetivos":"1998","comissionados":"167","temporarios":"405","total_parcial":"2570"},{"secretaria":"Teste","efetivos":"1","comissionados":"1","temporarios":"1","total_parcial":"3"},{"secretaria":"Teste","efetivos":"1","comissionados":"1","temporarios":"1","total_parcial":"3"}]
2025-04-29 09:00:54 - Processando pergunta 4, resposta_valor: Não
2025-04-29 09:00:54 - Pergunta 4 - resposta_sim_nao: Não, eixo_selecionado: , justificativa_valor: 
2025-04-29 09:00:54 - Processando pergunta 5, resposta_valor: Não|teste
2025-04-29 09:00:54 - Pergunta 5 - resposta_sim_nao: Não, justificativa_valor: teste
2025-04-29 09:00:55 - Processando pergunta 6, resposta_valor: Teste
2025-04-29 09:00:55 - Processando pergunta 7, resposta_valor: Sim
2025-04-29 09:00:55 - Pergunta 7 - resposta_sim_nao: Sim, justificativa_valor: 
2025-04-29 09:00:55 - Processando pergunta 8, resposta_valor: Teste
2025-04-29 09:00:55 - Pergunta 8 - resposta_valor: Teste, outras_respostas_valor: 
2025-04-29 09:00:55 - Processando pergunta 9, resposta_valor: Teste
2025-04-29 09:00:55 - Prefeitura ID: 38
2025-04-29 09:00:55 - Total de perguntas recuperadas: 9
2025-04-29 09:00:55 - Respostas recuperadas: {"1":"A ideia foi do Prefeito, muitos servidores n\u00e3o conhecem o programa, mas mostraram-se entusiasmados.","2":"Sim","14":"Prefeitura Municipal|1998|167|405|2570|2570;Teste|1|1|1|3|2573;Teste|1|1|1|3|2576","4":"N\u00e3o","5":"N\u00e3o|teste","6":"Teste","7":"Sim","8":"Teste","9":"Teste"}
2025-04-29 09:00:55 - Processando pergunta 1, resposta_valor: A ideia foi do Prefeito, muitos servidores não conhecem o programa, mas mostraram-se entusiasmados.
2025-04-29 09:00:55 - Processando pergunta 2, resposta_valor: Sim
2025-04-29 09:00:55 - Pergunta 2 - resposta_sim_nao: Sim, justificativa_valor: 
2025-04-29 09:00:55 - Processando pergunta 14, resposta_valor: Prefeitura Municipal|1998|167|405|2570|2570;Teste|1|1|1|3|2573;Teste|1|1|1|3|2576
2025-04-29 09:00:55 - Pergunta 14 (planilha) - linhas brutas: ["Prefeitura Municipal|1998|167|405|2570|2570","Teste|1|1|1|3|2573","Teste|1|1|1|3|2576"]
2025-04-29 09:00:56 - Pergunta 14 (planilha) - dados da linha: ["Prefeitura Municipal","1998","167","405","2570","2570"]
2025-04-29 09:00:56 - Pergunta 14 (planilha) - dados da linha: ["Teste","1","1","1","3","2573"]
2025-04-29 09:00:56 - Pergunta 14 (planilha) - dados da linha: ["Teste","1","1","1","3","2576"]
2025-04-29 09:00:56 - Pergunta 14 (planilha) - planilha_data: [{"secretaria":"Prefeitura Municipal","efetivos":"1998","comissionados":"167","temporarios":"405","total_parcial":"2570"},{"secretaria":"Teste","efetivos":"1","comissionados":"1","temporarios":"1","total_parcial":"3"},{"secretaria":"Teste","efetivos":"1","comissionados":"1","temporarios":"1","total_parcial":"3"}]
2025-04-29 09:00:56 - Processando pergunta 4, resposta_valor: Não
2025-04-29 09:00:56 - Pergunta 4 - resposta_sim_nao: Não, eixo_selecionado: , justificativa_valor: 
2025-04-29 09:00:56 - Processando pergunta 5, resposta_valor: Não|teste
2025-04-29 09:00:56 - Pergunta 5 - resposta_sim_nao: Não, justificativa_valor: teste
2025-04-29 09:00:56 - Processando pergunta 6, resposta_valor: Teste
2025-04-29 09:00:56 - Processando pergunta 7, resposta_valor: Sim
2025-04-29 09:00:56 - Pergunta 7 - resposta_sim_nao: Sim, justificativa_valor: 
2025-04-29 09:00:56 - Processando pergunta 8, resposta_valor: Teste
2025-04-29 09:00:56 - Pergunta 8 - resposta_valor: Teste, outras_respostas_valor: 
2025-04-29 09:00:56 - Processando pergunta 9, resposta_valor: Teste
2025-04-29 09:03:01 - Prefeitura ID: 38
2025-04-29 09:03:01 - Total de perguntas recuperadas: 9
2025-04-29 09:03:01 - Respostas recuperadas: {"1":"A ideia foi do Prefeito, muitos servidores n\u00e3o conhecem o programa, mas mostraram-se entusiasmados.","2":"Sim","14":"Prefeitura Municipal|1998|167|405|2570|2570;Teste|1|1|1|3|2573;Teste|1|1|1|3|2576","4":"N\u00e3o","5":"N\u00e3o|teste","6":"Teste","7":"Sim","8":"Teste","9":"Teste"}
2025-04-29 09:03:01 - Processando pergunta 1, resposta_valor: A ideia foi do Prefeito, muitos servidores não conhecem o programa, mas mostraram-se entusiasmados.
2025-04-29 09:03:01 - Processando pergunta 2, resposta_valor: Sim
2025-04-29 09:03:01 - Pergunta 2 - resposta_sim_nao: Sim, justificativa_valor: 
2025-04-29 09:03:02 - Processando pergunta 14, resposta_valor: Prefeitura Municipal|1998|167|405|2570|2570;Teste|1|1|1|3|2573;Teste|1|1|1|3|2576
2025-04-29 09:03:02 - Pergunta 14 (planilha) - linhas brutas: ["Prefeitura Municipal|1998|167|405|2570|2570","Teste|1|1|1|3|2573","Teste|1|1|1|3|2576"]
2025-04-29 09:03:02 - Pergunta 14 (planilha) - dados da linha: ["Prefeitura Municipal","1998","167","405","2570","2570"]
2025-04-29 09:03:02 - Pergunta 14 (planilha) - dados da linha: ["Teste","1","1","1","3","2573"]
2025-04-29 09:03:02 - Pergunta 14 (planilha) - dados da linha: ["Teste","1","1","1","3","2576"]
2025-04-29 09:03:02 - Pergunta 14 (planilha) - planilha_data: [{"secretaria":"Prefeitura Municipal","efetivos":"1998","comissionados":"167","temporarios":"405","total_parcial":"2570"},{"secretaria":"Teste","efetivos":"1","comissionados":"1","temporarios":"1","total_parcial":"3"},{"secretaria":"Teste","efetivos":"1","comissionados":"1","temporarios":"1","total_parcial":"3"}]
2025-04-29 09:03:02 - Processando pergunta 4, resposta_valor: Não
2025-04-29 09:03:02 - Pergunta 4 - resposta_sim_nao: Não, eixo_selecionado: , justificativa_valor: 
2025-04-29 09:03:02 - Processando pergunta 5, resposta_valor: Não|teste
2025-04-29 09:03:02 - Pergunta 5 - resposta_sim_nao: Não, justificativa_valor: teste
2025-04-29 09:03:02 - Processando pergunta 6, resposta_valor: Teste
2025-04-29 09:03:02 - Processando pergunta 7, resposta_valor: Sim
2025-04-29 09:03:02 - Pergunta 7 - resposta_sim_nao: Sim, justificativa_valor: 
2025-04-29 09:03:02 - Processando pergunta 8, resposta_valor: Teste
2025-04-29 09:03:02 - Pergunta 8 - resposta_valor: Teste, outras_respostas_valor: 
2025-04-29 09:03:03 - Processando pergunta 9, resposta_valor: Teste
2025-04-29 09:05:18 - Prefeitura ID: 38
2025-04-29 09:05:18 - Total de perguntas recuperadas: 9
2025-04-29 09:05:18 - Respostas recuperadas: {"1":"A ideia foi do Prefeito, muitos servidores n\u00e3o conhecem o programa, mas mostraram-se entusiasmados.","2":"Sim","14":"Prefeitura Municipal|1998|167|405|2570|2570;Teste|1|1|1|3|2573;Teste|1|1|1|3|2576","4":"N\u00e3o","5":"N\u00e3o|teste","6":"Teste","7":"Sim","8":"Teste","9":"Teste"}
2025-04-29 09:05:18 - Processando pergunta 1, resposta_valor: A ideia foi do Prefeito, muitos servidores não conhecem o programa, mas mostraram-se entusiasmados.
2025-04-29 09:05:19 - Processando pergunta 2, resposta_valor: Sim
2025-04-29 09:05:19 - Pergunta 2 - resposta_sim_nao: Sim, justificativa_valor: 
2025-04-29 09:05:19 - Processando pergunta 14, resposta_valor: Prefeitura Municipal|1998|167|405|2570|2570;Teste|1|1|1|3|2573;Teste|1|1|1|3|2576
2025-04-29 09:05:19 - Pergunta 14 (planilha) - linhas brutas: ["Prefeitura Municipal|1998|167|405|2570|2570","Teste|1|1|1|3|2573","Teste|1|1|1|3|2576"]
2025-04-29 09:05:19 - Pergunta 14 (planilha) - dados da linha: ["Prefeitura Municipal","1998","167","405","2570","2570"]
2025-04-29 09:05:20 - Pergunta 14 (planilha) - dados da linha: ["Teste","1","1","1","3","2573"]
2025-04-29 09:05:20 - Pergunta 14 (planilha) - dados da linha: ["Teste","1","1","1","3","2576"]
2025-04-29 09:05:20 - Pergunta 14 (planilha) - planilha_data: [{"secretaria":"Prefeitura Municipal","efetivos":"1998","comissionados":"167","temporarios":"405","total_parcial":"2570"},{"secretaria":"Teste","efetivos":"1","comissionados":"1","temporarios":"1","total_parcial":"3"},{"secretaria":"Teste","efetivos":"1","comissionados":"1","temporarios":"1","total_parcial":"3"}]
2025-04-29 09:05:20 - Processando pergunta 4, resposta_valor: Não
2025-04-29 09:05:21 - Pergunta 4 - resposta_sim_nao: Não, eixo_selecionado: , justificativa_valor: 
2025-04-29 09:05:21 - Processando pergunta 5, resposta_valor: Não|teste
2025-04-29 09:05:21 - Pergunta 5 - resposta_sim_nao: Não, justificativa_valor: teste
2025-04-29 09:05:21 - Processando pergunta 6, resposta_valor: Teste
2025-04-29 09:05:21 - Processando pergunta 7, resposta_valor: Sim
2025-04-29 09:05:22 - Pergunta 7 - resposta_sim_nao: Sim, justificativa_valor: 
2025-04-29 09:05:22 - Processando pergunta 8, resposta_valor: Teste
2025-04-29 09:05:22 - Pergunta 8 - resposta_valor: Teste, outras_respostas_valor: 
2025-04-29 09:05:22 - Processando pergunta 9, resposta_valor: Teste
2025-04-29 09:05:28 - Prefeitura ID: 38
2025-04-29 09:05:28 - Total de perguntas recuperadas: 9
2025-04-29 09:05:29 - Respostas recuperadas: {"1":"A ideia foi do Prefeito, muitos servidores n\u00e3o conhecem o programa, mas mostraram-se entusiasmados.","2":"Sim","14":"Prefeitura Municipal|1998|167|405|2570|2570;Teste|1|1|1|3|2573;Teste|1|1|1|3|2576","4":"N\u00e3o","5":"N\u00e3o|teste","6":"Teste","7":"Sim","8":"Teste","9":"Teste"}
2025-04-29 09:05:29 - Processando pergunta 1, resposta_valor: A ideia foi do Prefeito, muitos servidores não conhecem o programa, mas mostraram-se entusiasmados.
2025-04-29 09:05:29 - Processando pergunta 2, resposta_valor: Sim
2025-04-29 09:05:29 - Pergunta 2 - resposta_sim_nao: Sim, justificativa_valor: 
2025-04-29 09:05:29 - Processando pergunta 14, resposta_valor: Prefeitura Municipal|1998|167|405|2570|2570;Teste|1|1|1|3|2573;Teste|1|1|1|3|2576
2025-04-29 09:05:30 - Pergunta 14 (planilha) - linhas brutas: ["Prefeitura Municipal|1998|167|405|2570|2570","Teste|1|1|1|3|2573","Teste|1|1|1|3|2576"]
2025-04-29 09:05:30 - Pergunta 14 (planilha) - dados da linha: ["Prefeitura Municipal","1998","167","405","2570","2570"]
2025-04-29 09:05:30 - Pergunta 14 (planilha) - dados da linha: ["Teste","1","1","1","3","2573"]
2025-04-29 09:05:30 - Pergunta 14 (planilha) - dados da linha: ["Teste","1","1","1","3","2576"]
2025-04-29 09:05:30 - Pergunta 14 (planilha) - planilha_data: [{"secretaria":"Prefeitura Municipal","efetivos":"1998","comissionados":"167","temporarios":"405","total_parcial":"2570"},{"secretaria":"Teste","efetivos":"1","comissionados":"1","temporarios":"1","total_parcial":"3"},{"secretaria":"Teste","efetivos":"1","comissionados":"1","temporarios":"1","total_parcial":"3"}]
2025-04-29 09:05:31 - Processando pergunta 4, resposta_valor: Não
2025-04-29 09:05:31 - Pergunta 4 - resposta_sim_nao: Não, eixo_selecionado: , justificativa_valor: 
2025-04-29 09:05:31 - Processando pergunta 5, resposta_valor: Não|teste
2025-04-29 09:05:31 - Pergunta 5 - resposta_sim_nao: Não, justificativa_valor: teste
2025-04-29 09:05:32 - Processando pergunta 6, resposta_valor: Teste
2025-04-29 09:05:32 - Processando pergunta 7, resposta_valor: Sim
2025-04-29 09:05:32 - Pergunta 7 - resposta_sim_nao: Sim, justificativa_valor: 
2025-04-29 09:05:32 - Processando pergunta 8, resposta_valor: Teste
2025-04-29 09:05:32 - Pergunta 8 - resposta_valor: Teste, outras_respostas_valor: 
2025-04-29 09:05:33 - Processando pergunta 9, resposta_valor: Teste
2025-04-29 09:19:02 - Prefeitura ID: 42
2025-04-29 09:19:02 - Total de perguntas recuperadas: 9
2025-04-29 09:19:02 - Respostas recuperadas: {"1":"IDEIA INICIADA PELO CONTROLADOR INTERNO; RECEBIDA COMO OPORTUNIDADE DE CONHECIMENTO E CRESCIMENTO EM RESPEITO A GEST\u00c3O PUBLICA DE QUALIDADE.","2":"Sim","14":"ADMINISTRA\u00c7\u00c3O|404|320|242|966","4":"N\u00e3o","5":"Sim","6":"QUANTIDADE NECESSARIA DE HORAS QUE PRECISAR","7":"Sim","8":"TODAS AS SITUA\u00c7\u00d5ES OBSERVADAS APRESENTAM UM POUCO DE DESAFIO PARA IMPLANTA\u00c7\u00c3O DO PCM 2025, CABENDO A ADMINISTRA\u00c7\u00c3O SE ADAPTAR EM RELA\u00c7\u00c3O AO SERVIDORES DISPONIBILIZADOS, ESTANDO ESTES COM FOCO AO MELHOR APROVEITAMENTO DE CADA ASSUNTO ABORDADO DURANTE OS DIAS DE ATIVIDADES.","9":"UMA GEST\u00c3O DE RISCO COM EFIC\u00caNCIA E GOVERNAN\u00c7A MAIS EFICAZ, COM TOMADAS DE DECISOES PRECISAS COM SUCESSO NAS A\u00c7\u00d5ES GOVERNAMENTAIS; UMA ETICA SEGUINDO PRINCIPIOS E PROMOVENDO O INTERESSE PUBLICO COM SENTIDO DE ORIENTAR O GESTOR NOS BONS COSTUMES DE EFICIENCIA E TRANSPARENCIA; UMA TRANSPARENCIA DE QUALIDADE QUE APRESENTE AO CIDADAO INFORMA\u00c7\u00d5ES DE GOVERNO, SENDO ESSE UM IMPORTANTE MEIO DE EVITAR E PREVENIR A TODOS OS TIPOS DE CORRUP\u00c7\u00c3O; TER SERVIDORES MAIS CAPACITADOS SIGNIFICA MAIOR QUALIDADE DOS SERVI\u00c7OS PUBLICOS, COM MAIS RESULTADOS MAIS PRODUTIVOS E EFICIENTES, ESTANDO MAIS MOTIVADO PARA AS TAREFAS DO DIA DIA."}
2025-04-29 09:19:03 - Processando pergunta 1, resposta_valor: IDEIA INICIADA PELO CONTROLADOR INTERNO; RECEBIDA COMO OPORTUNIDADE DE CONHECIMENTO E CRESCIMENTO EM RESPEITO A GESTÃO PUBLICA DE QUALIDADE.
2025-04-29 09:19:03 - Processando pergunta 2, resposta_valor: Sim
2025-04-29 09:19:03 - Pergunta 2 - resposta_sim_nao: Sim, justificativa_valor: 
2025-04-29 09:19:03 - Processando pergunta 14, resposta_valor: ADMINISTRAÇÃO|404|320|242|966
2025-04-29 09:19:03 - Pergunta 14 (planilha) - linhas brutas: ["ADMINISTRA\u00c7\u00c3O|404|320|242|966"]
2025-04-29 09:19:04 - Pergunta 14 (planilha) - dados da linha: ["ADMINISTRA\u00c7\u00c3O","404","320","242","966"]
2025-04-29 09:19:04 - Pergunta 14 (planilha) - planilha_data: [{"secretaria":"ADMINISTRA\u00c7\u00c3O","efetivos":"404","comissionados":"320","temporarios":"242","total_parcial":"966"}]
2025-04-29 09:19:04 - Processando pergunta 4, resposta_valor: Não
2025-04-29 09:19:04 - Pergunta 4 - resposta_sim_nao: Não, eixo_selecionado: , justificativa_valor: 
2025-04-29 09:19:05 - Processando pergunta 5, resposta_valor: Sim
2025-04-29 09:19:05 - Pergunta 5 - resposta_sim_nao: Sim, justificativa_valor: 
2025-04-29 09:19:05 - Processando pergunta 6, resposta_valor: QUANTIDADE NECESSARIA DE HORAS QUE PRECISAR
2025-04-29 09:19:05 - Processando pergunta 7, resposta_valor: Sim
2025-04-29 09:19:05 - Pergunta 7 - resposta_sim_nao: Sim, justificativa_valor: 
2025-04-29 09:19:06 - Processando pergunta 8, resposta_valor: TODAS AS SITUAÇÕES OBSERVADAS APRESENTAM UM POUCO DE DESAFIO PARA IMPLANTAÇÃO DO PCM 2025, CABENDO A ADMINISTRAÇÃO SE ADAPTAR EM RELAÇÃO AO SERVIDORES DISPONIBILIZADOS, ESTANDO ESTES COM FOCO AO MELHOR APROVEITAMENTO DE CADA ASSUNTO ABORDADO DURANTE OS DIAS DE ATIVIDADES.
2025-04-29 09:19:06 - Pergunta 8 - resposta_valor: TODAS AS SITUAÇÕES OBSERVADAS APRESENTAM UM POUCO DE DESAFIO PARA IMPLANTAÇÃO DO PCM 2025, CABENDO A ADMINISTRAÇÃO SE ADAPTAR EM RELAÇÃO AO SERVIDORES DISPONIBILIZADOS, ESTANDO ESTES COM FOCO AO MELHOR APROVEITAMENTO DE CADA ASSUNTO ABORDADO DURANTE OS DIAS DE ATIVIDADES., outras_respostas_valor: 
2025-04-29 09:19:06 - Processando pergunta 9, resposta_valor: UMA GESTÃO DE RISCO COM EFICÊNCIA E GOVERNANÇA MAIS EFICAZ, COM TOMADAS DE DECISOES PRECISAS COM SUCESSO NAS AÇÕES GOVERNAMENTAIS; UMA ETICA SEGUINDO PRINCIPIOS E PROMOVENDO O INTERESSE PUBLICO COM SENTIDO DE ORIENTAR O GESTOR NOS BONS COSTUMES DE EFICIENCIA E TRANSPARENCIA; UMA TRANSPARENCIA DE QUALIDADE QUE APRESENTE AO CIDADAO INFORMAÇÕES DE GOVERNO, SENDO ESSE UM IMPORTANTE MEIO DE EVITAR E PREVENIR A TODOS OS TIPOS DE CORRUPÇÃO; TER SERVIDORES MAIS CAPACITADOS SIGNIFICA MAIOR QUALIDADE DOS SERVIÇOS PUBLICOS, COM MAIS RESULTADOS MAIS PRODUTIVOS E EFICIENTES, ESTANDO MAIS MOTIVADO PARA AS TAREFAS DO DIA DIA.
2025-04-29 09:23:10 - Prefeitura ID: 42
2025-04-29 09:23:11 - Total de perguntas recuperadas: 9
2025-04-29 09:23:11 - Respostas recuperadas: {"1":"IDEIA INICIADA PELO CONTROLADOR INTERNO; RECEBIDA COMO OPORTUNIDADE DE CONHECIMENTO E CRESCIMENTO EM RESPEITO A GEST\u00c3O PUBLICA DE QUALIDADE.","2":"Sim","14":"ADMINISTRA\u00c7\u00c3O|404|320|242|966","4":"N\u00e3o","5":"Sim","6":"QUANTIDADE NECESSARIA DE HORAS QUE PRECISAR","7":"Sim","8":"TODAS AS SITUA\u00c7\u00d5ES OBSERVADAS APRESENTAM UM POUCO DE DESAFIO PARA IMPLANTA\u00c7\u00c3O DO PCM 2025, CABENDO A ADMINISTRA\u00c7\u00c3O SE ADAPTAR EM RELA\u00c7\u00c3O AO SERVIDORES DISPONIBILIZADOS, ESTANDO ESTES COM FOCO AO MELHOR APROVEITAMENTO DE CADA ASSUNTO ABORDADO DURANTE OS DIAS DE ATIVIDADES.","9":"UMA GEST\u00c3O DE RISCO COM EFIC\u00caNCIA E GOVERNAN\u00c7A MAIS EFICAZ, COM TOMADAS DE DECISOES PRECISAS COM SUCESSO NAS A\u00c7\u00d5ES GOVERNAMENTAIS; UMA ETICA SEGUINDO PRINCIPIOS E PROMOVENDO O INTERESSE PUBLICO COM SENTIDO DE ORIENTAR O GESTOR NOS BONS COSTUMES DE EFICIENCIA E TRANSPARENCIA; UMA TRANSPARENCIA DE QUALIDADE QUE APRESENTE AO CIDADAO INFORMA\u00c7\u00d5ES DE GOVERNO, SENDO ESSE UM IMPORTANTE MEIO DE EVITAR E PREVENIR A TODOS OS TIPOS DE CORRUP\u00c7\u00c3O; TER SERVIDORES MAIS CAPACITADOS SIGNIFICA MAIOR QUALIDADE DOS SERVI\u00c7OS PUBLICOS, COM MAIS RESULTADOS MAIS PRODUTIVOS E EFICIENTES, ESTANDO MAIS MOTIVADO PARA AS TAREFAS DO DIA DIA."}
2025-04-29 09:23:11 - Processando pergunta 1, resposta_valor: IDEIA INICIADA PELO CONTROLADOR INTERNO; RECEBIDA COMO OPORTUNIDADE DE CONHECIMENTO E CRESCIMENTO EM RESPEITO A GESTÃO PUBLICA DE QUALIDADE.
2025-04-29 09:23:11 - Processando pergunta 2, resposta_valor: Sim
2025-04-29 09:23:11 - Pergunta 2 - resposta_sim_nao: Sim, justificativa_valor: 
2025-04-29 09:23:12 - Processando pergunta 14, resposta_valor: ADMINISTRAÇÃO|404|320|242|966
2025-04-29 09:23:12 - Pergunta 14 (planilha) - linhas brutas: ["ADMINISTRA\u00c7\u00c3O|404|320|242|966"]
2025-04-29 09:23:12 - Pergunta 14 (planilha) - dados da linha: ["ADMINISTRA\u00c7\u00c3O","404","320","242","966"]
2025-04-29 09:23:12 - Pergunta 14 (planilha) - planilha_data: [{"secretaria":"ADMINISTRA\u00c7\u00c3O","efetivos":"404","comissionados":"320","temporarios":"242","total_parcial":"966"}]
2025-04-29 09:23:12 - Processando pergunta 4, resposta_valor: Não
2025-04-29 09:23:13 - Pergunta 4 - resposta_sim_nao: Não, eixo_selecionado: , justificativa_valor: 
2025-04-29 09:23:13 - Processando pergunta 5, resposta_valor: Sim
2025-04-29 09:23:13 - Pergunta 5 - resposta_sim_nao: Sim, justificativa_valor: 
2025-04-29 09:23:13 - Processando pergunta 6, resposta_valor: QUANTIDADE NECESSARIA DE HORAS QUE PRECISAR
2025-04-29 09:23:14 - Processando pergunta 7, resposta_valor: Sim
2025-04-29 09:23:14 - Pergunta 7 - resposta_sim_nao: Sim, justificativa_valor: 
2025-04-29 09:23:14 - Processando pergunta 8, resposta_valor: TODAS AS SITUAÇÕES OBSERVADAS APRESENTAM UM POUCO DE DESAFIO PARA IMPLANTAÇÃO DO PCM 2025, CABENDO A ADMINISTRAÇÃO SE ADAPTAR EM RELAÇÃO AO SERVIDORES DISPONIBILIZADOS, ESTANDO ESTES COM FOCO AO MELHOR APROVEITAMENTO DE CADA ASSUNTO ABORDADO DURANTE OS DIAS DE ATIVIDADES.
2025-04-29 09:23:14 - Pergunta 8 - resposta_valor: TODAS AS SITUAÇÕES OBSERVADAS APRESENTAM UM POUCO DE DESAFIO PARA IMPLANTAÇÃO DO PCM 2025, CABENDO A ADMINISTRAÇÃO SE ADAPTAR EM RELAÇÃO AO SERVIDORES DISPONIBILIZADOS, ESTANDO ESTES COM FOCO AO MELHOR APROVEITAMENTO DE CADA ASSUNTO ABORDADO DURANTE OS DIAS DE ATIVIDADES., outras_respostas_valor: 
2025-04-29 09:23:14 - Processando pergunta 9, resposta_valor: UMA GESTÃO DE RISCO COM EFICÊNCIA E GOVERNANÇA MAIS EFICAZ, COM TOMADAS DE DECISOES PRECISAS COM SUCESSO NAS AÇÕES GOVERNAMENTAIS; UMA ETICA SEGUINDO PRINCIPIOS E PROMOVENDO O INTERESSE PUBLICO COM SENTIDO DE ORIENTAR O GESTOR NOS BONS COSTUMES DE EFICIENCIA E TRANSPARENCIA; UMA TRANSPARENCIA DE QUALIDADE QUE APRESENTE AO CIDADAO INFORMAÇÕES DE GOVERNO, SENDO ESSE UM IMPORTANTE MEIO DE EVITAR E PREVENIR A TODOS OS TIPOS DE CORRUPÇÃO; TER SERVIDORES MAIS CAPACITADOS SIGNIFICA MAIOR QUALIDADE DOS SERVIÇOS PUBLICOS, COM MAIS RESULTADOS MAIS PRODUTIVOS E EFICIENTES, ESTANDO MAIS MOTIVADO PARA AS TAREFAS DO DIA DIA.
2025-04-29 09:23:22 - Prefeitura ID: 42
2025-04-29 09:23:22 - Total de perguntas recuperadas: 9
2025-04-29 09:23:22 - Respostas recuperadas: {"1":"IDEIA INICIADA PELO CONTROLADOR INTERNO; RECEBIDA COMO OPORTUNIDADE DE CONHECIMENTO E CRESCIMENTO EM RESPEITO A GEST\u00c3O PUBLICA DE QUALIDADE.","2":"Sim","14":"ADMINISTRA\u00c7\u00c3O|404|320|242|966","4":"N\u00e3o","5":"Sim","6":"QUANTIDADE NECESSARIA DE HORAS QUE PRECISAR","7":"Sim","8":"TODAS AS SITUA\u00c7\u00d5ES OBSERVADAS APRESENTAM UM POUCO DE DESAFIO PARA IMPLANTA\u00c7\u00c3O DO PCM 2025, CABENDO A ADMINISTRA\u00c7\u00c3O SE ADAPTAR EM RELA\u00c7\u00c3O AO SERVIDORES DISPONIBILIZADOS, ESTANDO ESTES COM FOCO AO MELHOR APROVEITAMENTO DE CADA ASSUNTO ABORDADO DURANTE OS DIAS DE ATIVIDADES.","9":"UMA GEST\u00c3O DE RISCO COM EFIC\u00caNCIA E GOVERNAN\u00c7A MAIS EFICAZ, COM TOMADAS DE DECISOES PRECISAS COM SUCESSO NAS A\u00c7\u00d5ES GOVERNAMENTAIS; UMA ETICA SEGUINDO PRINCIPIOS E PROMOVENDO O INTERESSE PUBLICO COM SENTIDO DE ORIENTAR O GESTOR NOS BONS COSTUMES DE EFICIENCIA E TRANSPARENCIA; UMA TRANSPARENCIA DE QUALIDADE QUE APRESENTE AO CIDADAO INFORMA\u00c7\u00d5ES DE GOVERNO, SENDO ESSE UM IMPORTANTE MEIO DE EVITAR E PREVENIR A TODOS OS TIPOS DE CORRUP\u00c7\u00c3O; TER SERVIDORES MAIS CAPACITADOS SIGNIFICA MAIOR QUALIDADE DOS SERVI\u00c7OS PUBLICOS, COM MAIS RESULTADOS MAIS PRODUTIVOS E EFICIENTES, ESTANDO MAIS MOTIVADO PARA AS TAREFAS DO DIA DIA."}
2025-04-29 09:23:22 - Processando pergunta 1, resposta_valor: IDEIA INICIADA PELO CONTROLADOR INTERNO; RECEBIDA COMO OPORTUNIDADE DE CONHECIMENTO E CRESCIMENTO EM RESPEITO A GESTÃO PUBLICA DE QUALIDADE.
2025-04-29 09:23:23 - Processando pergunta 2, resposta_valor: Sim
2025-04-29 09:23:23 - Pergunta 2 - resposta_sim_nao: Sim, justificativa_valor: 
2025-04-29 09:23:23 - Processando pergunta 14, resposta_valor: ADMINISTRAÇÃO|404|320|242|966
2025-04-29 09:23:23 - Pergunta 14 (planilha) - linhas brutas: ["ADMINISTRA\u00c7\u00c3O|404|320|242|966"]
2025-04-29 09:23:24 - Pergunta 14 (planilha) - dados da linha: ["ADMINISTRA\u00c7\u00c3O","404","320","242","966"]
2025-04-29 09:23:24 - Pergunta 14 (planilha) - planilha_data: [{"secretaria":"ADMINISTRA\u00c7\u00c3O","efetivos":"404","comissionados":"320","temporarios":"242","total_parcial":"966"}]
2025-04-29 09:23:24 - Processando pergunta 4, resposta_valor: Não
2025-04-29 09:23:24 - Pergunta 4 - resposta_sim_nao: Não, eixo_selecionado: , justificativa_valor: 
2025-04-29 09:23:24 - Processando pergunta 5, resposta_valor: Sim
2025-04-29 09:23:25 - Pergunta 5 - resposta_sim_nao: Sim, justificativa_valor: 
2025-04-29 09:23:25 - Processando pergunta 6, resposta_valor: QUANTIDADE NECESSARIA DE HORAS QUE PRECISAR
2025-04-29 09:23:25 - Processando pergunta 7, resposta_valor: Sim
2025-04-29 09:23:25 - Pergunta 7 - resposta_sim_nao: Sim, justificativa_valor: 
2025-04-29 09:23:25 - Processando pergunta 8, resposta_valor: TODAS AS SITUAÇÕES OBSERVADAS APRESENTAM UM POUCO DE DESAFIO PARA IMPLANTAÇÃO DO PCM 2025, CABENDO A ADMINISTRAÇÃO SE ADAPTAR EM RELAÇÃO AO SERVIDORES DISPONIBILIZADOS, ESTANDO ESTES COM FOCO AO MELHOR APROVEITAMENTO DE CADA ASSUNTO ABORDADO DURANTE OS DIAS DE ATIVIDADES.
2025-04-29 09:23:26 - Pergunta 8 - resposta_valor: TODAS AS SITUAÇÕES OBSERVADAS APRESENTAM UM POUCO DE DESAFIO PARA IMPLANTAÇÃO DO PCM 2025, CABENDO A ADMINISTRAÇÃO SE ADAPTAR EM RELAÇÃO AO SERVIDORES DISPONIBILIZADOS, ESTANDO ESTES COM FOCO AO MELHOR APROVEITAMENTO DE CADA ASSUNTO ABORDADO DURANTE OS DIAS DE ATIVIDADES., outras_respostas_valor: 
2025-04-29 09:23:26 - Processando pergunta 9, resposta_valor: UMA GESTÃO DE RISCO COM EFICÊNCIA E GOVERNANÇA MAIS EFICAZ, COM TOMADAS DE DECISOES PRECISAS COM SUCESSO NAS AÇÕES GOVERNAMENTAIS; UMA ETICA SEGUINDO PRINCIPIOS E PROMOVENDO O INTERESSE PUBLICO COM SENTIDO DE ORIENTAR O GESTOR NOS BONS COSTUMES DE EFICIENCIA E TRANSPARENCIA; UMA TRANSPARENCIA DE QUALIDADE QUE APRESENTE AO CIDADAO INFORMAÇÕES DE GOVERNO, SENDO ESSE UM IMPORTANTE MEIO DE EVITAR E PREVENIR A TODOS OS TIPOS DE CORRUPÇÃO; TER SERVIDORES MAIS CAPACITADOS SIGNIFICA MAIOR QUALIDADE DOS SERVIÇOS PUBLICOS, COM MAIS RESULTADOS MAIS PRODUTIVOS E EFICIENTES, ESTANDO MAIS MOTIVADO PARA AS TAREFAS DO DIA DIA.
2025-04-29 09:37:50 - Prefeitura ID: 42
2025-04-29 09:37:50 - Total de perguntas recuperadas: 9
2025-04-29 09:37:50 - Respostas recuperadas: {"1":"IDEIA INICIADA PELO CONTROLADOR INTERNO; RECEBIDA COMO OPORTUNIDADE DE CONHECIMENTO E CRESCIMENTO EM RESPEITO A GEST\u00c3O PUBLICA DE QUALIDADE.","2":"Sim","14":"ADMINISTRA\u00c7\u00c3O|404|320|242|966","4":"N\u00e3o","5":"Sim","6":"QUANTIDADE NECESSARIA DE HORAS QUE PRECISAR","7":"Sim","8":"TODAS AS SITUA\u00c7\u00d5ES OBSERVADAS APRESENTAM UM POUCO DE DESAFIO PARA IMPLANTA\u00c7\u00c3O DO PCM 2025, CABENDO A ADMINISTRA\u00c7\u00c3O SE ADAPTAR EM RELA\u00c7\u00c3O AO SERVIDORES DISPONIBILIZADOS, ESTANDO ESTES COM FOCO AO MELHOR APROVEITAMENTO DE CADA ASSUNTO ABORDADO DURANTE OS DIAS DE ATIVIDADES.","9":"UMA GEST\u00c3O DE RISCO COM EFIC\u00caNCIA E GOVERNAN\u00c7A MAIS EFICAZ, COM TOMADAS DE DECISOES PRECISAS COM SUCESSO NAS A\u00c7\u00d5ES GOVERNAMENTAIS; UMA ETICA SEGUINDO PRINCIPIOS E PROMOVENDO O INTERESSE PUBLICO COM SENTIDO DE ORIENTAR O GESTOR NOS BONS COSTUMES DE EFICIENCIA E TRANSPARENCIA; UMA TRANSPARENCIA DE QUALIDADE QUE APRESENTE AO CIDADAO INFORMA\u00c7\u00d5ES DE GOVERNO, SENDO ESSE UM IMPORTANTE MEIO DE EVITAR E PREVENIR A TODOS OS TIPOS DE CORRUP\u00c7\u00c3O; TER SERVIDORES MAIS CAPACITADOS SIGNIFICA MAIOR QUALIDADE DOS SERVI\u00c7OS PUBLICOS, COM MAIS RESULTADOS MAIS PRODUTIVOS E EFICIENTES, ESTANDO MAIS MOTIVADO PARA AS TAREFAS DO DIA DIA."}
2025-04-29 09:37:50 - Processando pergunta 1, resposta_valor: IDEIA INICIADA PELO CONTROLADOR INTERNO; RECEBIDA COMO OPORTUNIDADE DE CONHECIMENTO E CRESCIMENTO EM RESPEITO A GESTÃO PUBLICA DE QUALIDADE.
2025-04-29 09:37:50 - Processando pergunta 2, resposta_valor: Sim
2025-04-29 09:37:50 - Pergunta 2 - resposta_sim_nao: Sim, justificativa_valor: 
2025-04-29 09:37:50 - Processando pergunta 14, resposta_valor: ADMINISTRAÇÃO|404|320|242|966
2025-04-29 09:37:50 - Pergunta 14 (planilha) - linhas brutas: ["ADMINISTRA\u00c7\u00c3O|404|320|242|966"]
2025-04-29 09:37:50 - Pergunta 14 (planilha) - dados da linha: ["ADMINISTRA\u00c7\u00c3O","404","320","242","966"]
2025-04-29 09:37:50 - Pergunta 14 (planilha) - planilha_data: [{"secretaria":"ADMINISTRA\u00c7\u00c3O","efetivos":"404","comissionados":"320","temporarios":"242","total_parcial":"966"}]
2025-04-29 09:37:50 - Processando pergunta 4, resposta_valor: Não
2025-04-29 09:37:50 - Pergunta 4 - resposta_sim_nao: Não, eixo_selecionado: , justificativa_valor: 
2025-04-29 09:37:51 - Processando pergunta 5, resposta_valor: Sim
2025-04-29 09:37:51 - Pergunta 5 - resposta_sim_nao: Sim, justificativa_valor: 
2025-04-29 09:37:51 - Processando pergunta 6, resposta_valor: QUANTIDADE NECESSARIA DE HORAS QUE PRECISAR
2025-04-29 09:37:51 - Processando pergunta 7, resposta_valor: Sim
2025-04-29 09:37:51 - Pergunta 7 - resposta_sim_nao: Sim, justificativa_valor: 
2025-04-29 09:37:51 - Processando pergunta 8, resposta_valor: TODAS AS SITUAÇÕES OBSERVADAS APRESENTAM UM POUCO DE DESAFIO PARA IMPLANTAÇÃO DO PCM 2025, CABENDO A ADMINISTRAÇÃO SE ADAPTAR EM RELAÇÃO AO SERVIDORES DISPONIBILIZADOS, ESTANDO ESTES COM FOCO AO MELHOR APROVEITAMENTO DE CADA ASSUNTO ABORDADO DURANTE OS DIAS DE ATIVIDADES.
2025-04-29 09:37:51 - Pergunta 8 - resposta_valor: TODAS AS SITUAÇÕES OBSERVADAS APRESENTAM UM POUCO DE DESAFIO PARA IMPLANTAÇÃO DO PCM 2025, CABENDO A ADMINISTRAÇÃO SE ADAPTAR EM RELAÇÃO AO SERVIDORES DISPONIBILIZADOS, ESTANDO ESTES COM FOCO AO MELHOR APROVEITAMENTO DE CADA ASSUNTO ABORDADO DURANTE OS DIAS DE ATIVIDADES., outras_respostas_valor: 
2025-04-29 09:37:51 - Processando pergunta 9, resposta_valor: UMA GESTÃO DE RISCO COM EFICÊNCIA E GOVERNANÇA MAIS EFICAZ, COM TOMADAS DE DECISOES PRECISAS COM SUCESSO NAS AÇÕES GOVERNAMENTAIS; UMA ETICA SEGUINDO PRINCIPIOS E PROMOVENDO O INTERESSE PUBLICO COM SENTIDO DE ORIENTAR O GESTOR NOS BONS COSTUMES DE EFICIENCIA E TRANSPARENCIA; UMA TRANSPARENCIA DE QUALIDADE QUE APRESENTE AO CIDADAO INFORMAÇÕES DE GOVERNO, SENDO ESSE UM IMPORTANTE MEIO DE EVITAR E PREVENIR A TODOS OS TIPOS DE CORRUPÇÃO; TER SERVIDORES MAIS CAPACITADOS SIGNIFICA MAIOR QUALIDADE DOS SERVIÇOS PUBLICOS, COM MAIS RESULTADOS MAIS PRODUTIVOS E EFICIENTES, ESTANDO MAIS MOTIVADO PARA AS TAREFAS DO DIA DIA.
2025-04-29 09:40:57 - Prefeitura ID: 42
2025-04-29 09:40:58 - Total de perguntas recuperadas: 9
2025-04-29 09:40:58 - Respostas recuperadas: {"1":"IDEIA INICIADA PELO CONTROLADOR INTERNO; RECEBIDA COMO OPORTUNIDADE DE CONHECIMENTO E CRESCIMENTO EM RESPEITO A GEST\u00c3O PUBLICA DE QUALIDADE.","2":"Sim","14":"ADMINISTRA\u00c7\u00c3O|404|320|242|966","4":"N\u00e3o","5":"Sim","6":"QUANTIDADE NECESSARIA DE HORAS QUE PRECISAR","7":"Sim","8":"TODAS AS SITUA\u00c7\u00d5ES OBSERVADAS APRESENTAM UM POUCO DE DESAFIO PARA IMPLANTA\u00c7\u00c3O DO PCM 2025, CABENDO A ADMINISTRA\u00c7\u00c3O SE ADAPTAR EM RELA\u00c7\u00c3O AO SERVIDORES DISPONIBILIZADOS, ESTANDO ESTES COM FOCO AO MELHOR APROVEITAMENTO DE CADA ASSUNTO ABORDADO DURANTE OS DIAS DE ATIVIDADES.","9":"UMA GEST\u00c3O DE RISCO COM EFIC\u00caNCIA E GOVERNAN\u00c7A MAIS EFICAZ, COM TOMADAS DE DECISOES PRECISAS COM SUCESSO NAS A\u00c7\u00d5ES GOVERNAMENTAIS; UMA ETICA SEGUINDO PRINCIPIOS E PROMOVENDO O INTERESSE PUBLICO COM SENTIDO DE ORIENTAR O GESTOR NOS BONS COSTUMES DE EFICIENCIA E TRANSPARENCIA; UMA TRANSPARENCIA DE QUALIDADE QUE APRESENTE AO CIDADAO INFORMA\u00c7\u00d5ES DE GOVERNO, SENDO ESSE UM IMPORTANTE MEIO DE EVITAR E PREVENIR A TODOS OS TIPOS DE CORRUP\u00c7\u00c3O; TER SERVIDORES MAIS CAPACITADOS SIGNIFICA MAIOR QUALIDADE DOS SERVI\u00c7OS PUBLICOS, COM MAIS RESULTADOS MAIS PRODUTIVOS E EFICIENTES, ESTANDO MAIS MOTIVADO PARA AS TAREFAS DO DIA DIA."}
2025-04-29 09:40:58 - Processando pergunta 1, resposta_valor: IDEIA INICIADA PELO CONTROLADOR INTERNO; RECEBIDA COMO OPORTUNIDADE DE CONHECIMENTO E CRESCIMENTO EM RESPEITO A GESTÃO PUBLICA DE QUALIDADE.
2025-04-29 09:40:58 - Processando pergunta 2, resposta_valor: Sim
2025-04-29 09:40:59 - Pergunta 2 - resposta_sim_nao: Sim, justificativa_valor: 
2025-04-29 09:40:59 - Processando pergunta 14, resposta_valor: ADMINISTRAÇÃO|404|320|242|966
2025-04-29 09:40:59 - Pergunta 14 (planilha) - linhas brutas: ["ADMINISTRA\u00c7\u00c3O|404|320|242|966"]
2025-04-29 09:40:59 - Pergunta 14 (planilha) - dados da linha: ["ADMINISTRA\u00c7\u00c3O","404","320","242","966"]
2025-04-29 09:40:59 - Pergunta 14 (planilha) - planilha_data: [{"secretaria":"ADMINISTRA\u00c7\u00c3O","efetivos":"404","comissionados":"320","temporarios":"242","total_parcial":"966"}]
2025-04-29 09:41:00 - Processando pergunta 4, resposta_valor: Não
2025-04-29 09:41:00 - Pergunta 4 - resposta_sim_nao: Não, eixo_selecionado: , justificativa_valor: 
2025-04-29 09:41:00 - Processando pergunta 5, resposta_valor: Sim
2025-04-29 09:41:00 - Pergunta 5 - resposta_sim_nao: Sim, justificativa_valor: 
2025-04-29 09:41:00 - Processando pergunta 6, resposta_valor: QUANTIDADE NECESSARIA DE HORAS QUE PRECISAR
2025-04-29 09:41:01 - Processando pergunta 7, resposta_valor: Sim
2025-04-29 09:41:01 - Pergunta 7 - resposta_sim_nao: Sim, justificativa_valor: 
2025-04-29 09:41:01 - Processando pergunta 8, resposta_valor: TODAS AS SITUAÇÕES OBSERVADAS APRESENTAM UM POUCO DE DESAFIO PARA IMPLANTAÇÃO DO PCM 2025, CABENDO A ADMINISTRAÇÃO SE ADAPTAR EM RELAÇÃO AO SERVIDORES DISPONIBILIZADOS, ESTANDO ESTES COM FOCO AO MELHOR APROVEITAMENTO DE CADA ASSUNTO ABORDADO DURANTE OS DIAS DE ATIVIDADES.
2025-04-29 09:41:01 - Pergunta 8 - resposta_valor: TODAS AS SITUAÇÕES OBSERVADAS APRESENTAM UM POUCO DE DESAFIO PARA IMPLANTAÇÃO DO PCM 2025, CABENDO A ADMINISTRAÇÃO SE ADAPTAR EM RELAÇÃO AO SERVIDORES DISPONIBILIZADOS, ESTANDO ESTES COM FOCO AO MELHOR APROVEITAMENTO DE CADA ASSUNTO ABORDADO DURANTE OS DIAS DE ATIVIDADES., outras_respostas_valor: 
2025-04-29 09:41:01 - Processando pergunta 9, resposta_valor: UMA GESTÃO DE RISCO COM EFICÊNCIA E GOVERNANÇA MAIS EFICAZ, COM TOMADAS DE DECISOES PRECISAS COM SUCESSO NAS AÇÕES GOVERNAMENTAIS; UMA ETICA SEGUINDO PRINCIPIOS E PROMOVENDO O INTERESSE PUBLICO COM SENTIDO DE ORIENTAR O GESTOR NOS BONS COSTUMES DE EFICIENCIA E TRANSPARENCIA; UMA TRANSPARENCIA DE QUALIDADE QUE APRESENTE AO CIDADAO INFORMAÇÕES DE GOVERNO, SENDO ESSE UM IMPORTANTE MEIO DE EVITAR E PREVENIR A TODOS OS TIPOS DE CORRUPÇÃO; TER SERVIDORES MAIS CAPACITADOS SIGNIFICA MAIOR QUALIDADE DOS SERVIÇOS PUBLICOS, COM MAIS RESULTADOS MAIS PRODUTIVOS E EFICIENTES, ESTANDO MAIS MOTIVADO PARA AS TAREFAS DO DIA DIA.
2025-04-29 10:01:41 - Prefeitura ID: 9
2025-04-29 10:01:41 - Total de perguntas recuperadas: 9
2025-04-29 10:01:42 - Respostas recuperadas: []
2025-04-29 10:01:42 - Processando pergunta 1, resposta_valor: 
2025-04-29 10:01:42 - Processando pergunta 2, resposta_valor: 
2025-04-29 10:01:42 - Processando pergunta 14, resposta_valor: 
2025-04-29 10:01:42 - Processando pergunta 4, resposta_valor: 
2025-04-29 10:01:42 - Processando pergunta 5, resposta_valor: 
2025-04-29 10:01:42 - Processando pergunta 6, resposta_valor: 
2025-04-29 10:01:42 - Processando pergunta 7, resposta_valor: 
2025-04-29 10:01:42 - Processando pergunta 8, resposta_valor: 
2025-04-29 10:01:42 - Processando pergunta 9, resposta_valor: 
2025-04-29 10:03:45 - Prefeitura ID: 9
2025-04-29 10:03:45 - Total de perguntas recuperadas: 9
2025-04-29 10:03:45 - Respostas recuperadas: []
2025-04-29 10:03:46 - Processando pergunta 1, resposta_valor: 
2025-04-29 10:03:46 - Processando pergunta 2, resposta_valor: 
2025-04-29 10:03:46 - Processando pergunta 14, resposta_valor: 
2025-04-29 10:03:46 - Processando pergunta 4, resposta_valor: 
2025-04-29 10:03:46 - Processando pergunta 5, resposta_valor: 
2025-04-29 10:03:47 - Processando pergunta 6, resposta_valor: 
2025-04-29 10:03:47 - Processando pergunta 7, resposta_valor: 
2025-04-29 10:03:47 - Processando pergunta 8, resposta_valor: 
2025-04-29 10:03:47 - Processando pergunta 9, resposta_valor: 
2025-04-29 10:04:30 - Prefeitura ID: 9
2025-04-29 10:04:30 - Total de perguntas recuperadas: 9
2025-04-29 10:04:31 - Respostas recuperadas: []
2025-04-29 10:04:31 - Processando pergunta 1, resposta_valor: 
2025-04-29 10:04:31 - Processando pergunta 2, resposta_valor: 
2025-04-29 10:04:31 - Processando pergunta 14, resposta_valor: 
2025-04-29 10:04:31 - Processando pergunta 4, resposta_valor: 
2025-04-29 10:04:32 - Processando pergunta 5, resposta_valor: 
2025-04-29 10:04:32 - Processando pergunta 6, resposta_valor: 
2025-04-29 10:04:32 - Processando pergunta 7, resposta_valor: 
2025-04-29 10:04:32 - Processando pergunta 8, resposta_valor: 
2025-04-29 10:04:32 - Processando pergunta 9, resposta_valor: 
2025-04-29 10:27:52 - Prefeitura ID: 9
2025-04-29 10:27:53 - Total de perguntas recuperadas: 9
2025-04-29 10:27:53 - Respostas recuperadas: []
2025-04-29 10:27:53 - Formulário enviado: {"resposta":{"1":"Secretaria Municipal de Controle Interno de Itapuranga. Sim teve total apoio da Gest\u00e3o municipal para a participa\u00e7\u00e3o de Itapuranga pois reflete a melhoria da Governan\u00e7a publica, \u00e9tica, transpar\u00eancia e gest\u00e3o de riscos, alinhando-se aos objetivos do programa para fortalecer a confian\u00e7a da popula\u00e7\u00e3o na administra\u00e7\u00e3o local.","2":{"sim_nao":"Sim"},"4":{"sim_nao":"Sim","eixo":""},"5":"Sim","6":"04 horas semanais","7":{"sim_nao":"Sim"},"8":"Interesse dos servidores nas capacita\u00e7\u00f5es virtuais, em fun\u00e7\u00e3o dos servidores estarem desmotivados e os cursos n\u00e3o serem vistos como algo compensativo, no sentido financeiro. ","9":"A raz\u00e3o principal \u00e9 o comprometimento da administra\u00e7\u00e3o demonstrando o interesse em aderir ao programa e a responsabilidade com o uso dos recursos p\u00fablicos, principalmente com o compromisso da transpar\u00eancia publica.  "},"justificativa":{"2":"","4":"","5":"","7":""},"secretaria":{"14":["Prefeitura Municipal de Itapuranga"]},"efetivos":{"14":["130"]},"comissionados":{"14":["83"]},"temporarios":{"14":["0"]},"salvar":""}
2025-04-29 10:27:53 - Inserida resposta para pergunta 1: Secretaria Municipal de Controle Interno de Itapuranga. Sim teve total apoio da Gestão municipal para a participação de Itapuranga pois reflete a melhoria da Governança publica, ética, transparência e gestão de riscos, alinhando-se aos objetivos do programa para fortalecer a confiança da população na administração local.
2025-04-29 10:27:54 - Inserida resposta para pergunta 2: Sim
2025-04-29 10:27:54 - Pergunta 14 (planilha) - Resposta gerada: Prefeitura Municipal de Itapuranga|130|83|0|213
2025-04-29 10:27:54 - Inserida resposta para pergunta 14: Prefeitura Municipal de Itapuranga|130|83|0|213
2025-04-29 10:27:54 - Erro validação pergunta 4: Selecione um eixo para a pergunta: Dentre os três eixos temáticos: Gestão de Riscos, Ética, Transparência/Ouvidoria, a serem abordados
no PCM 2025, há algum que a administração do município considere prioritário?
2025-04-29 10:27:54 - Salvamento falhou: Selecione um eixo para a pergunta: Dentre os três eixos temáticos: Gestão de Riscos, Ética, Transparência/Ouvidoria, a serem abordados
no PCM 2025, há algum que a administração do município considere prioritário?
2025-04-29 10:27:55 - Processando pergunta 1, resposta_valor: 
2025-04-29 10:27:55 - Processando pergunta 2, resposta_valor: 
2025-04-29 10:27:55 - Processando pergunta 14, resposta_valor: 
2025-04-29 10:27:55 - Processando pergunta 4, resposta_valor: 
2025-04-29 10:27:56 - Processando pergunta 5, resposta_valor: 
2025-04-29 10:27:56 - Processando pergunta 6, resposta_valor: 
2025-04-29 10:27:56 - Processando pergunta 7, resposta_valor: 
2025-04-29 10:27:56 - Processando pergunta 8, resposta_valor: 
2025-04-29 10:27:56 - Processando pergunta 9, resposta_valor: 
2025-04-29 10:28:37 - Prefeitura ID: 9
2025-04-29 10:28:37 - Total de perguntas recuperadas: 9
2025-04-29 10:28:37 - Respostas recuperadas: {"1":"Secretaria Municipal de Controle Interno de Itapuranga. Sim teve total apoio da Gest\u00e3o municipal para a participa\u00e7\u00e3o de Itapuranga pois reflete a melhoria da Governan\u00e7a publica, \u00e9tica, transpar\u00eancia e gest\u00e3o de riscos, alinhando-se aos objetivos do programa para fortalecer a confian\u00e7a da popula\u00e7\u00e3o na administra\u00e7\u00e3o local.","2":"Sim","14":"Prefeitura Municipal de Itapuranga|130|83|0|213"}
2025-04-29 10:28:37 - Processando pergunta 1, resposta_valor: Secretaria Municipal de Controle Interno de Itapuranga. Sim teve total apoio da Gestão municipal para a participação de Itapuranga pois reflete a melhoria da Governança publica, ética, transparência e gestão de riscos, alinhando-se aos objetivos do programa para fortalecer a confiança da população na administração local.
2025-04-29 10:28:37 - Processando pergunta 2, resposta_valor: Sim
2025-04-29 10:28:37 - Pergunta 2 - resposta_sim_nao: Sim, justificativa_valor: 
2025-04-29 10:28:38 - Processando pergunta 14, resposta_valor: Prefeitura Municipal de Itapuranga|130|83|0|213
2025-04-29 10:28:38 - Pergunta 14 (planilha) - linhas brutas: ["Prefeitura Municipal de Itapuranga|130|83|0|213"]
2025-04-29 10:28:38 - Pergunta 14 (planilha) - dados da linha: ["Prefeitura Municipal de Itapuranga","130","83","0","213"]
2025-04-29 10:28:38 - Pergunta 14 (planilha) - planilha_data: [{"secretaria":"Prefeitura Municipal de Itapuranga","efetivos":"130","comissionados":"83","temporarios":"0","total_parcial":"213"}]
2025-04-29 10:28:38 - Processando pergunta 4, resposta_valor: 
2025-04-29 10:28:38 - Processando pergunta 5, resposta_valor: 
2025-04-29 10:28:38 - Processando pergunta 6, resposta_valor: 
2025-04-29 10:28:38 - Processando pergunta 7, resposta_valor: 
2025-04-29 10:28:38 - Processando pergunta 8, resposta_valor: 
2025-04-29 10:28:38 - Processando pergunta 9, resposta_valor: 
2025-04-29 10:28:46 - Prefeitura ID: 9
2025-04-29 10:28:46 - Total de perguntas recuperadas: 9
2025-04-29 10:28:46 - Respostas recuperadas: {"1":"Secretaria Municipal de Controle Interno de Itapuranga. Sim teve total apoio da Gest\u00e3o municipal para a participa\u00e7\u00e3o de Itapuranga pois reflete a melhoria da Governan\u00e7a publica, \u00e9tica, transpar\u00eancia e gest\u00e3o de riscos, alinhando-se aos objetivos do programa para fortalecer a confian\u00e7a da popula\u00e7\u00e3o na administra\u00e7\u00e3o local.","2":"Sim","14":"Prefeitura Municipal de Itapuranga|130|83|0|213"}
2025-04-29 10:28:47 - Processando pergunta 1, resposta_valor: Secretaria Municipal de Controle Interno de Itapuranga. Sim teve total apoio da Gestão municipal para a participação de Itapuranga pois reflete a melhoria da Governança publica, ética, transparência e gestão de riscos, alinhando-se aos objetivos do programa para fortalecer a confiança da população na administração local.
2025-04-29 10:28:47 - Processando pergunta 2, resposta_valor: Sim
2025-04-29 10:28:47 - Pergunta 2 - resposta_sim_nao: Sim, justificativa_valor: 
2025-04-29 10:28:47 - Processando pergunta 14, resposta_valor: Prefeitura Municipal de Itapuranga|130|83|0|213
2025-04-29 10:28:48 - Pergunta 14 (planilha) - linhas brutas: ["Prefeitura Municipal de Itapuranga|130|83|0|213"]
2025-04-29 10:28:48 - Pergunta 14 (planilha) - dados da linha: ["Prefeitura Municipal de Itapuranga","130","83","0","213"]
2025-04-29 10:28:48 - Pergunta 14 (planilha) - planilha_data: [{"secretaria":"Prefeitura Municipal de Itapuranga","efetivos":"130","comissionados":"83","temporarios":"0","total_parcial":"213"}]
2025-04-29 10:28:48 - Processando pergunta 4, resposta_valor: 
2025-04-29 10:28:48 - Processando pergunta 5, resposta_valor: 
2025-04-29 10:28:49 - Processando pergunta 6, resposta_valor: 
2025-04-29 10:28:49 - Processando pergunta 7, resposta_valor: 
2025-04-29 10:28:49 - Processando pergunta 8, resposta_valor: 
2025-04-29 10:28:49 - Processando pergunta 9, resposta_valor: 
2025-04-29 10:29:59 - Prefeitura ID: 9
2025-04-29 10:29:59 - Total de perguntas recuperadas: 9
2025-04-29 10:30:00 - Respostas recuperadas: {"1":"Secretaria Municipal de Controle Interno de Itapuranga. Sim teve total apoio da Gest\u00e3o municipal para a participa\u00e7\u00e3o de Itapuranga pois reflete a melhoria da Governan\u00e7a publica, \u00e9tica, transpar\u00eancia e gest\u00e3o de riscos, alinhando-se aos objetivos do programa para fortalecer a confian\u00e7a da popula\u00e7\u00e3o na administra\u00e7\u00e3o local.","2":"Sim","14":"Prefeitura Municipal de Itapuranga|130|83|0|213"}
2025-04-29 10:30:00 - Formulário enviado: {"resposta":{"1":"Secretaria Municipal de Controle Interno de Itapuranga. Sim teve total apoio da Gest\u00e3o municipal para a participa\u00e7\u00e3o de Itapuranga pois reflete a melhoria da Governan\u00e7a publica, \u00e9tica, transpar\u00eancia e gest\u00e3o de riscos, alinhando-se aos objetivos do programa para fortalecer a confian\u00e7a da popula\u00e7\u00e3o na administra\u00e7\u00e3o local.","2":{"sim_nao":"Sim"},"4":{"sim_nao":"Sim","eixo":""},"5":"Sim","6":"04 horas semanais","7":{"sim_nao":"Sim"},"8":"Interesse dos servidores nas capacita\u00e7\u00f5es virtuais, em fun\u00e7\u00e3o dos servidores estarem desmotivados e os cursos n\u00e3o serem vistos como algo compensativo, no sentido financeiro. ","9":"A raz\u00e3o principal \u00e9 o comprometimento da administra\u00e7\u00e3o demonstrando o interesse em aderir ao programa e a responsabilidade com o uso dos recursos p\u00fablicos, principalmente com o compromisso da transpar\u00eancia publica.  "},"justificativa":{"2":"","4":"","5":"","7":""},"secretaria":{"14":["Prefeitura Municipal de Itapuranga"]},"efetivos":{"14":["129"]},"comissionados":{"14":["83"]},"temporarios":{"14":["0"]},"salvar":""}
2025-04-29 10:30:00 - Atualizada resposta para pergunta 1: Secretaria Municipal de Controle Interno de Itapuranga. Sim teve total apoio da Gestão municipal para a participação de Itapuranga pois reflete a melhoria da Governança publica, ética, transparência e gestão de riscos, alinhando-se aos objetivos do programa para fortalecer a confiança da população na administração local.
2025-04-29 10:30:00 - Atualizada resposta para pergunta 2: Sim
2025-04-29 10:30:00 - Pergunta 14 (planilha) - Resposta gerada: Prefeitura Municipal de Itapuranga|129|83|0|212
2025-04-29 10:30:01 - Atualizada resposta para pergunta 14: Prefeitura Municipal de Itapuranga|129|83|0|212
2025-04-29 10:30:01 - Erro validação pergunta 4: Selecione um eixo para a pergunta: Dentre os três eixos temáticos: Gestão de Riscos, Ética, Transparência/Ouvidoria, a serem abordados
no PCM 2025, há algum que a administração do município considere prioritário?
2025-04-29 10:30:01 - Salvamento falhou: Selecione um eixo para a pergunta: Dentre os três eixos temáticos: Gestão de Riscos, Ética, Transparência/Ouvidoria, a serem abordados
no PCM 2025, há algum que a administração do município considere prioritário?
2025-04-29 10:30:01 - Processando pergunta 1, resposta_valor: Secretaria Municipal de Controle Interno de Itapuranga. Sim teve total apoio da Gestão municipal para a participação de Itapuranga pois reflete a melhoria da Governança publica, ética, transparência e gestão de riscos, alinhando-se aos objetivos do programa para fortalecer a confiança da população na administração local.
2025-04-29 10:30:02 - Processando pergunta 2, resposta_valor: Sim
2025-04-29 10:30:02 - Pergunta 2 - resposta_sim_nao: Sim, justificativa_valor: 
2025-04-29 10:30:02 - Processando pergunta 14, resposta_valor: Prefeitura Municipal de Itapuranga|130|83|0|213
2025-04-29 10:30:02 - Pergunta 14 (planilha) - linhas brutas: ["Prefeitura Municipal de Itapuranga|130|83|0|213"]
2025-04-29 10:30:02 - Pergunta 14 (planilha) - dados da linha: ["Prefeitura Municipal de Itapuranga","130","83","0","213"]
2025-04-29 10:30:03 - Pergunta 14 (planilha) - planilha_data: [{"secretaria":"Prefeitura Municipal de Itapuranga","efetivos":"130","comissionados":"83","temporarios":"0","total_parcial":"213"}]
2025-04-29 10:30:03 - Processando pergunta 4, resposta_valor: 
2025-04-29 10:30:03 - Processando pergunta 5, resposta_valor: 
2025-04-29 10:30:03 - Processando pergunta 6, resposta_valor: 
2025-04-29 10:30:03 - Processando pergunta 7, resposta_valor: 
2025-04-29 10:30:04 - Processando pergunta 8, resposta_valor: 
2025-04-29 10:30:04 - Processando pergunta 9, resposta_valor: 
2025-04-29 10:30:52 - Prefeitura ID: 9
2025-04-29 10:30:52 - Total de perguntas recuperadas: 9
2025-04-29 10:30:52 - Respostas recuperadas: {"1":"Secretaria Municipal de Controle Interno de Itapuranga. Sim teve total apoio da Gest\u00e3o municipal para a participa\u00e7\u00e3o de Itapuranga pois reflete a melhoria da Governan\u00e7a publica, \u00e9tica, transpar\u00eancia e gest\u00e3o de riscos, alinhando-se aos objetivos do programa para fortalecer a confian\u00e7a da popula\u00e7\u00e3o na administra\u00e7\u00e3o local.","2":"Sim","14":"Prefeitura Municipal de Itapuranga|129|83|0|212"}
2025-04-29 10:30:53 - Processando pergunta 1, resposta_valor: Secretaria Municipal de Controle Interno de Itapuranga. Sim teve total apoio da Gestão municipal para a participação de Itapuranga pois reflete a melhoria da Governança publica, ética, transparência e gestão de riscos, alinhando-se aos objetivos do programa para fortalecer a confiança da população na administração local.
2025-04-29 10:30:53 - Processando pergunta 2, resposta_valor: Sim
2025-04-29 10:30:53 - Pergunta 2 - resposta_sim_nao: Sim, justificativa_valor: 
2025-04-29 10:30:53 - Processando pergunta 14, resposta_valor: Prefeitura Municipal de Itapuranga|129|83|0|212
2025-04-29 10:30:53 - Pergunta 14 (planilha) - linhas brutas: ["Prefeitura Municipal de Itapuranga|129|83|0|212"]
2025-04-29 10:30:54 - Pergunta 14 (planilha) - dados da linha: ["Prefeitura Municipal de Itapuranga","129","83","0","212"]
2025-04-29 10:30:54 - Pergunta 14 (planilha) - planilha_data: [{"secretaria":"Prefeitura Municipal de Itapuranga","efetivos":"129","comissionados":"83","temporarios":"0","total_parcial":"212"}]
2025-04-29 10:30:54 - Processando pergunta 4, resposta_valor: 
2025-04-29 10:30:54 - Processando pergunta 5, resposta_valor: 
2025-04-29 10:30:54 - Processando pergunta 6, resposta_valor: 
2025-04-29 10:30:55 - Processando pergunta 7, resposta_valor: 
2025-04-29 10:30:55 - Processando pergunta 8, resposta_valor: 
2025-04-29 10:30:55 - Processando pergunta 9, resposta_valor: 
2025-04-29 10:31:16 - Prefeitura ID: 9
2025-04-29 10:31:16 - Total de perguntas recuperadas: 9
2025-04-29 10:31:16 - Respostas recuperadas: {"1":"Secretaria Municipal de Controle Interno de Itapuranga. Sim teve total apoio da Gest\u00e3o municipal para a participa\u00e7\u00e3o de Itapuranga pois reflete a melhoria da Governan\u00e7a publica, \u00e9tica, transpar\u00eancia e gest\u00e3o de riscos, alinhando-se aos objetivos do programa para fortalecer a confian\u00e7a da popula\u00e7\u00e3o na administra\u00e7\u00e3o local.","2":"Sim","14":"Prefeitura Municipal de Itapuranga|129|83|0|212"}
2025-04-29 10:31:16 - Formulário enviado: {"resposta":{"1":"Secretaria Municipal de Controle Interno de Itapuranga. Sim teve total apoio da Gest\u00e3o municipal para a participa\u00e7\u00e3o de Itapuranga pois reflete a melhoria da Governan\u00e7a publica, \u00e9tica, transpar\u00eancia e gest\u00e3o de riscos, alinhando-se aos objetivos do programa para fortalecer a confian\u00e7a da popula\u00e7\u00e3o na administra\u00e7\u00e3o local.","2":{"sim_nao":"Sim"},"4":{"sim_nao":"N\u00e3o","eixo":""},"5":"Sim","6":"04 horas semanais","7":{"sim_nao":"Sim"},"8":"Interesse dos servidores nas capacita\u00e7\u00f5es virtuais, em fun\u00e7\u00e3o dos servidores estarem desmotivados e os cursos n\u00e3o serem vistos como algo compensativo, no sentido financeiro. ","9":"A raz\u00e3o principal \u00e9 o comprometimento da administra\u00e7\u00e3o demonstrando o interesse em aderir ao programa e a responsabilidade com o uso dos recursos p\u00fablicos, principalmente com o compromisso da transpar\u00eancia publica.  "},"justificativa":{"2":"","4":"","5":"","7":""},"secretaria":{"14":["Prefeitura Municipal de Itapuranga"]},"efetivos":{"14":["129"]},"comissionados":{"14":["83"]},"temporarios":{"14":["0"]},"salvar":""}
2025-04-29 10:31:16 - Atualizada resposta para pergunta 1: Secretaria Municipal de Controle Interno de Itapuranga. Sim teve total apoio da Gestão municipal para a participação de Itapuranga pois reflete a melhoria da Governança publica, ética, transparência e gestão de riscos, alinhando-se aos objetivos do programa para fortalecer a confiança da população na administração local.
2025-04-29 10:31:17 - Atualizada resposta para pergunta 2: Sim
2025-04-29 10:31:17 - Pergunta 14 (planilha) - Resposta gerada: Prefeitura Municipal de Itapuranga|129|83|0|212
2025-04-29 10:31:17 - Atualizada resposta para pergunta 14: Prefeitura Municipal de Itapuranga|129|83|0|212
2025-04-29 10:31:17 - Inserida resposta para pergunta 4: Não
2025-04-29 10:31:18 - Inserida resposta para pergunta 5: Sim
2025-04-29 10:31:18 - Inserida resposta para pergunta 6: 04 horas semanais
2025-04-29 10:31:18 - Inserida resposta para pergunta 7: Sim
2025-04-29 10:31:18 - Inserida resposta para pergunta 8: Interesse dos servidores nas capacitações virtuais, em função dos servidores estarem desmotivados e os cursos não serem vistos como algo compensativo, no sentido financeiro.
2025-04-29 10:31:18 - Inserida resposta para pergunta 9: A razão principal é o comprometimento da administração demonstrando o interesse em aderir ao programa e a responsabilidade com o uso dos recursos públicos, principalmente com o compromisso da transparência publica.
2025-04-29 10:31:19 - Salvamento concluído com sucesso
2025-04-29 10:31:19 - Prefeitura ID: 9
2025-04-29 10:31:19 - Total de perguntas recuperadas: 9
2025-04-29 10:31:19 - Respostas recuperadas: {"1":"Secretaria Municipal de Controle Interno de Itapuranga. Sim teve total apoio da Gest\u00e3o municipal para a participa\u00e7\u00e3o de Itapuranga pois reflete a melhoria da Governan\u00e7a publica, \u00e9tica, transpar\u00eancia e gest\u00e3o de riscos, alinhando-se aos objetivos do programa para fortalecer a confian\u00e7a da popula\u00e7\u00e3o na administra\u00e7\u00e3o local.","2":"Sim","14":"Prefeitura Municipal de Itapuranga|129|83|0|212","4":"N\u00e3o","5":"Sim","6":"04 horas semanais","7":"Sim","8":"Interesse dos servidores nas capacita\u00e7\u00f5es virtuais, em fun\u00e7\u00e3o dos servidores estarem desmotivados e os cursos n\u00e3o serem vistos como algo compensativo, no sentido financeiro.","9":"A raz\u00e3o principal \u00e9 o comprometimento da administra\u00e7\u00e3o demonstrando o interesse em aderir ao programa e a responsabilidade com o uso dos recursos p\u00fablicos, principalmente com o compromisso da transpar\u00eancia publica."}
2025-04-29 10:31:20 - Processando pergunta 1, resposta_valor: Secretaria Municipal de Controle Interno de Itapuranga. Sim teve total apoio da Gestão municipal para a participação de Itapuranga pois reflete a melhoria da Governança publica, ética, transparência e gestão de riscos, alinhando-se aos objetivos do programa para fortalecer a confiança da população na administração local.
2025-04-29 10:31:20 - Processando pergunta 2, resposta_valor: Sim
2025-04-29 10:31:20 - Pergunta 2 - resposta_sim_nao: Sim, justificativa_valor: 
2025-04-29 10:31:20 - Processando pergunta 14, resposta_valor: Prefeitura Municipal de Itapuranga|129|83|0|212
2025-04-29 10:31:20 - Pergunta 14 (planilha) - linhas brutas: ["Prefeitura Municipal de Itapuranga|129|83|0|212"]
2025-04-29 10:31:21 - Pergunta 14 (planilha) - dados da linha: ["Prefeitura Municipal de Itapuranga","129","83","0","212"]
2025-04-29 10:31:21 - Pergunta 14 (planilha) - planilha_data: [{"secretaria":"Prefeitura Municipal de Itapuranga","efetivos":"129","comissionados":"83","temporarios":"0","total_parcial":"212"}]
2025-04-29 10:31:21 - Processando pergunta 4, resposta_valor: Não
2025-04-29 10:31:21 - Pergunta 4 - resposta_sim_nao: Não, eixo_selecionado: , justificativa_valor: 
2025-04-29 10:31:21 - Processando pergunta 5, resposta_valor: Sim
2025-04-29 10:31:22 - Pergunta 5 - resposta_sim_nao: Sim, justificativa_valor: 
2025-04-29 10:31:22 - Processando pergunta 6, resposta_valor: 04 horas semanais
2025-04-29 10:31:22 - Processando pergunta 7, resposta_valor: Sim
2025-04-29 10:31:22 - Pergunta 7 - resposta_sim_nao: Sim, justificativa_valor: 
2025-04-29 10:31:22 - Processando pergunta 8, resposta_valor: Interesse dos servidores nas capacitações virtuais, em função dos servidores estarem desmotivados e os cursos não serem vistos como algo compensativo, no sentido financeiro.
2025-04-29 10:31:23 - Pergunta 8 - resposta_valor: Interesse dos servidores nas capacitações virtuais, em função dos servidores estarem desmotivados e os cursos não serem vistos como algo compensativo, no sentido financeiro., outras_respostas_valor: 
2025-04-29 10:31:23 - Processando pergunta 9, resposta_valor: A razão principal é o comprometimento da administração demonstrando o interesse em aderir ao programa e a responsabilidade com o uso dos recursos públicos, principalmente com o compromisso da transparência publica.
2025-04-29 10:31:42 - Prefeitura ID: 9
2025-04-29 10:31:42 - Total de perguntas recuperadas: 9
2025-04-29 10:31:42 - Respostas recuperadas: {"1":"Secretaria Municipal de Controle Interno de Itapuranga. Sim teve total apoio da Gest\u00e3o municipal para a participa\u00e7\u00e3o de Itapuranga pois reflete a melhoria da Governan\u00e7a publica, \u00e9tica, transpar\u00eancia e gest\u00e3o de riscos, alinhando-se aos objetivos do programa para fortalecer a confian\u00e7a da popula\u00e7\u00e3o na administra\u00e7\u00e3o local.","2":"Sim","14":"Prefeitura Municipal de Itapuranga|129|83|0|212","4":"N\u00e3o","5":"Sim","6":"04 horas semanais","7":"Sim","8":"Interesse dos servidores nas capacita\u00e7\u00f5es virtuais, em fun\u00e7\u00e3o dos servidores estarem desmotivados e os cursos n\u00e3o serem vistos como algo compensativo, no sentido financeiro.","9":"A raz\u00e3o principal \u00e9 o comprometimento da administra\u00e7\u00e3o demonstrando o interesse em aderir ao programa e a responsabilidade com o uso dos recursos p\u00fablicos, principalmente com o compromisso da transpar\u00eancia publica."}
2025-04-29 10:31:42 - Formulário enviado: {"resposta":{"1":"Secretaria Municipal de Controle Interno de Itapuranga. Sim teve total apoio da Gest\u00e3o municipal para a participa\u00e7\u00e3o de Itapuranga pois reflete a melhoria da Governan\u00e7a publica, \u00e9tica, transpar\u00eancia e gest\u00e3o de riscos, alinhando-se aos objetivos do programa para fortalecer a confian\u00e7a da popula\u00e7\u00e3o na administra\u00e7\u00e3o local.","2":{"sim_nao":"Sim"},"4":{"sim_nao":"N\u00e3o","eixo":""},"5":"Sim","6":"04 horas semanais","7":{"sim_nao":"Sim"},"8":"Interesse dos servidores nas capacita\u00e7\u00f5es virtuais, em fun\u00e7\u00e3o dos servidores estarem desmotivados e os cursos n\u00e3o serem vistos como algo compensativo, no sentido financeiro.","9":"A raz\u00e3o principal \u00e9 o comprometimento da administra\u00e7\u00e3o demonstrando o interesse em aderir ao programa e a responsabilidade com o uso dos recursos p\u00fablicos, principalmente com o compromisso da transpar\u00eancia publica."},"justificativa":{"2":"","4":"","5":"","7":""},"secretaria":{"14":["Prefeitura Municipal de Itapuranga"]},"efetivos":{"14":["129"]},"comissionados":{"14":["83"]},"temporarios":{"14":["0"]},"salvar":""}
2025-04-29 10:31:42 - Atualizada resposta para pergunta 1: Secretaria Municipal de Controle Interno de Itapuranga. Sim teve total apoio da Gestão municipal para a participação de Itapuranga pois reflete a melhoria da Governança publica, ética, transparência e gestão de riscos, alinhando-se aos objetivos do programa para fortalecer a confiança da população na administração local.
2025-04-29 10:31:43 - Atualizada resposta para pergunta 2: Sim
2025-04-29 10:31:43 - Pergunta 14 (planilha) - Resposta gerada: Prefeitura Municipal de Itapuranga|129|83|0|212
2025-04-29 10:31:43 - Atualizada resposta para pergunta 14: Prefeitura Municipal de Itapuranga|129|83|0|212
2025-04-29 10:31:43 - Atualizada resposta para pergunta 4: Não
2025-04-29 10:31:43 - Atualizada resposta para pergunta 5: Sim
2025-04-29 10:31:44 - Atualizada resposta para pergunta 6: 04 horas semanais
2025-04-29 10:31:44 - Atualizada resposta para pergunta 7: Sim
2025-04-29 10:31:44 - Atualizada resposta para pergunta 8: Interesse dos servidores nas capacitações virtuais, em função dos servidores estarem desmotivados e os cursos não serem vistos como algo compensativo, no sentido financeiro.
2025-04-29 10:31:44 - Atualizada resposta para pergunta 9: A razão principal é o comprometimento da administração demonstrando o interesse em aderir ao programa e a responsabilidade com o uso dos recursos públicos, principalmente com o compromisso da transparência publica.
2025-04-29 10:31:44 - Salvamento concluído com sucesso
2025-04-29 10:31:45 - Prefeitura ID: 9
2025-04-29 10:31:45 - Total de perguntas recuperadas: 9
2025-04-29 10:31:45 - Respostas recuperadas: {"1":"Secretaria Municipal de Controle Interno de Itapuranga. Sim teve total apoio da Gest\u00e3o municipal para a participa\u00e7\u00e3o de Itapuranga pois reflete a melhoria da Governan\u00e7a publica, \u00e9tica, transpar\u00eancia e gest\u00e3o de riscos, alinhando-se aos objetivos do programa para fortalecer a confian\u00e7a da popula\u00e7\u00e3o na administra\u00e7\u00e3o local.","2":"Sim","14":"Prefeitura Municipal de Itapuranga|129|83|0|212","4":"N\u00e3o","5":"Sim","6":"04 horas semanais","7":"Sim","8":"Interesse dos servidores nas capacita\u00e7\u00f5es virtuais, em fun\u00e7\u00e3o dos servidores estarem desmotivados e os cursos n\u00e3o serem vistos como algo compensativo, no sentido financeiro.","9":"A raz\u00e3o principal \u00e9 o comprometimento da administra\u00e7\u00e3o demonstrando o interesse em aderir ao programa e a responsabilidade com o uso dos recursos p\u00fablicos, principalmente com o compromisso da transpar\u00eancia publica."}
2025-04-29 10:31:45 - Processando pergunta 1, resposta_valor: Secretaria Municipal de Controle Interno de Itapuranga. Sim teve total apoio da Gestão municipal para a participação de Itapuranga pois reflete a melhoria da Governança publica, ética, transparência e gestão de riscos, alinhando-se aos objetivos do programa para fortalecer a confiança da população na administração local.
2025-04-29 10:31:46 - Processando pergunta 2, resposta_valor: Sim
2025-04-29 10:31:46 - Pergunta 2 - resposta_sim_nao: Sim, justificativa_valor: 
2025-04-29 10:31:46 - Processando pergunta 14, resposta_valor: Prefeitura Municipal de Itapuranga|129|83|0|212
2025-04-29 10:31:46 - Pergunta 14 (planilha) - linhas brutas: ["Prefeitura Municipal de Itapuranga|129|83|0|212"]
2025-04-29 10:31:46 - Pergunta 14 (planilha) - dados da linha: ["Prefeitura Municipal de Itapuranga","129","83","0","212"]
2025-04-29 10:31:47 - Pergunta 14 (planilha) - planilha_data: [{"secretaria":"Prefeitura Municipal de Itapuranga","efetivos":"129","comissionados":"83","temporarios":"0","total_parcial":"212"}]
2025-04-29 10:31:47 - Processando pergunta 4, resposta_valor: Não
2025-04-29 10:31:47 - Pergunta 4 - resposta_sim_nao: Não, eixo_selecionado: , justificativa_valor: 
2025-04-29 10:31:47 - Processando pergunta 5, resposta_valor: Sim
2025-04-29 10:31:47 - Pergunta 5 - resposta_sim_nao: Sim, justificativa_valor: 
2025-04-29 10:31:48 - Processando pergunta 6, resposta_valor: 04 horas semanais
2025-04-29 10:31:48 - Processando pergunta 7, resposta_valor: Sim
2025-04-29 10:31:48 - Pergunta 7 - resposta_sim_nao: Sim, justificativa_valor: 
2025-04-29 10:31:48 - Processando pergunta 8, resposta_valor: Interesse dos servidores nas capacitações virtuais, em função dos servidores estarem desmotivados e os cursos não serem vistos como algo compensativo, no sentido financeiro.
2025-04-29 10:31:48 - Pergunta 8 - resposta_valor: Interesse dos servidores nas capacitações virtuais, em função dos servidores estarem desmotivados e os cursos não serem vistos como algo compensativo, no sentido financeiro., outras_respostas_valor: 
2025-04-29 10:31:49 - Processando pergunta 9, resposta_valor: A razão principal é o comprometimento da administração demonstrando o interesse em aderir ao programa e a responsabilidade com o uso dos recursos públicos, principalmente com o compromisso da transparência publica.
2025-04-29 10:32:33 - Prefeitura ID: 9
2025-04-29 10:32:33 - Total de perguntas recuperadas: 9
2025-04-29 10:32:34 - Respostas recuperadas: {"1":"Secretaria Municipal de Controle Interno de Itapuranga. Sim teve total apoio da Gest\u00e3o municipal para a participa\u00e7\u00e3o de Itapuranga pois reflete a melhoria da Governan\u00e7a publica, \u00e9tica, transpar\u00eancia e gest\u00e3o de riscos, alinhando-se aos objetivos do programa para fortalecer a confian\u00e7a da popula\u00e7\u00e3o na administra\u00e7\u00e3o local.","2":"Sim","14":"Prefeitura Municipal de Itapuranga|129|83|0|212","4":"N\u00e3o","5":"Sim","6":"04 horas semanais","7":"Sim","8":"Interesse dos servidores nas capacita\u00e7\u00f5es virtuais, em fun\u00e7\u00e3o dos servidores estarem desmotivados e os cursos n\u00e3o serem vistos como algo compensativo, no sentido financeiro.","9":"A raz\u00e3o principal \u00e9 o comprometimento da administra\u00e7\u00e3o demonstrando o interesse em aderir ao programa e a responsabilidade com o uso dos recursos p\u00fablicos, principalmente com o compromisso da transpar\u00eancia publica."}
2025-04-29 10:32:34 - Processando pergunta 1, resposta_valor: Secretaria Municipal de Controle Interno de Itapuranga. Sim teve total apoio da Gestão municipal para a participação de Itapuranga pois reflete a melhoria da Governança publica, ética, transparência e gestão de riscos, alinhando-se aos objetivos do programa para fortalecer a confiança da população na administração local.
2025-04-29 10:32:34 - Processando pergunta 2, resposta_valor: Sim
2025-04-29 10:32:34 - Pergunta 2 - resposta_sim_nao: Sim, justificativa_valor: 
2025-04-29 10:32:34 - Processando pergunta 14, resposta_valor: Prefeitura Municipal de Itapuranga|129|83|0|212
2025-04-29 10:32:34 - Pergunta 14 (planilha) - linhas brutas: ["Prefeitura Municipal de Itapuranga|129|83|0|212"]
2025-04-29 10:32:34 - Pergunta 14 (planilha) - dados da linha: ["Prefeitura Municipal de Itapuranga","129","83","0","212"]
2025-04-29 10:32:34 - Pergunta 14 (planilha) - planilha_data: [{"secretaria":"Prefeitura Municipal de Itapuranga","efetivos":"129","comissionados":"83","temporarios":"0","total_parcial":"212"}]
2025-04-29 10:32:34 - Processando pergunta 4, resposta_valor: Não
2025-04-29 10:32:34 - Pergunta 4 - resposta_sim_nao: Não, eixo_selecionado: , justificativa_valor: 
2025-04-29 10:32:34 - Processando pergunta 5, resposta_valor: Sim
2025-04-29 10:32:34 - Pergunta 5 - resposta_sim_nao: Sim, justificativa_valor: 
2025-04-29 10:32:34 - Processando pergunta 6, resposta_valor: 04 horas semanais
2025-04-29 10:32:34 - Processando pergunta 7, resposta_valor: Sim
2025-04-29 10:32:34 - Pergunta 7 - resposta_sim_nao: Sim, justificativa_valor: 
2025-04-29 10:32:35 - Processando pergunta 8, resposta_valor: Interesse dos servidores nas capacitações virtuais, em função dos servidores estarem desmotivados e os cursos não serem vistos como algo compensativo, no sentido financeiro.
2025-04-29 10:32:35 - Pergunta 8 - resposta_valor: Interesse dos servidores nas capacitações virtuais, em função dos servidores estarem desmotivados e os cursos não serem vistos como algo compensativo, no sentido financeiro., outras_respostas_valor: 
2025-04-29 10:32:35 - Processando pergunta 9, resposta_valor: A razão principal é o comprometimento da administração demonstrando o interesse em aderir ao programa e a responsabilidade com o uso dos recursos públicos, principalmente com o compromisso da transparência publica.
2025-04-29 10:34:19 - Prefeitura ID: 9
2025-04-29 10:34:19 - Total de perguntas recuperadas: 9
2025-04-29 10:34:20 - Respostas recuperadas: {"1":"Secretaria Municipal de Controle Interno de Itapuranga. Sim teve total apoio da Gest\u00e3o municipal para a participa\u00e7\u00e3o de Itapuranga pois reflete a melhoria da Governan\u00e7a publica, \u00e9tica, transpar\u00eancia e gest\u00e3o de riscos, alinhando-se aos objetivos do programa para fortalecer a confian\u00e7a da popula\u00e7\u00e3o na administra\u00e7\u00e3o local.","2":"Sim","14":"Prefeitura Municipal de Itapuranga|129|83|0|212","4":"N\u00e3o","5":"Sim","6":"04 horas semanais","7":"Sim","8":"Interesse dos servidores nas capacita\u00e7\u00f5es virtuais, em fun\u00e7\u00e3o dos servidores estarem desmotivados e os cursos n\u00e3o serem vistos como algo compensativo, no sentido financeiro.","9":"A raz\u00e3o principal \u00e9 o comprometimento da administra\u00e7\u00e3o demonstrando o interesse em aderir ao programa e a responsabilidade com o uso dos recursos p\u00fablicos, principalmente com o compromisso da transpar\u00eancia publica."}
2025-04-29 10:34:20 - Processando pergunta 1, resposta_valor: Secretaria Municipal de Controle Interno de Itapuranga. Sim teve total apoio da Gestão municipal para a participação de Itapuranga pois reflete a melhoria da Governança publica, ética, transparência e gestão de riscos, alinhando-se aos objetivos do programa para fortalecer a confiança da população na administração local.
2025-04-29 10:34:20 - Processando pergunta 2, resposta_valor: Sim
2025-04-29 10:34:20 - Pergunta 2 - resposta_sim_nao: Sim, justificativa_valor: 
2025-04-29 10:34:20 - Processando pergunta 14, resposta_valor: Prefeitura Municipal de Itapuranga|129|83|0|212
2025-04-29 10:34:20 - Pergunta 14 (planilha) - linhas brutas: ["Prefeitura Municipal de Itapuranga|129|83|0|212"]
2025-04-29 10:34:20 - Pergunta 14 (planilha) - dados da linha: ["Prefeitura Municipal de Itapuranga","129","83","0","212"]
2025-04-29 10:34:20 - Pergunta 14 (planilha) - planilha_data: [{"secretaria":"Prefeitura Municipal de Itapuranga","efetivos":"129","comissionados":"83","temporarios":"0","total_parcial":"212"}]
2025-04-29 10:34:20 - Processando pergunta 4, resposta_valor: Não
2025-04-29 10:34:20 - Pergunta 4 - resposta_sim_nao: Não, eixo_selecionado: , justificativa_valor: 
2025-04-29 10:34:20 - Processando pergunta 5, resposta_valor: Sim
2025-04-29 10:34:20 - Pergunta 5 - resposta_sim_nao: Sim, justificativa_valor: 
2025-04-29 10:34:20 - Processando pergunta 6, resposta_valor: 04 horas semanais
2025-04-29 10:34:20 - Processando pergunta 7, resposta_valor: Sim
2025-04-29 10:34:20 - Pergunta 7 - resposta_sim_nao: Sim, justificativa_valor: 
2025-04-29 10:34:21 - Processando pergunta 8, resposta_valor: Interesse dos servidores nas capacitações virtuais, em função dos servidores estarem desmotivados e os cursos não serem vistos como algo compensativo, no sentido financeiro.
2025-04-29 10:34:21 - Pergunta 8 - resposta_valor: Interesse dos servidores nas capacitações virtuais, em função dos servidores estarem desmotivados e os cursos não serem vistos como algo compensativo, no sentido financeiro., outras_respostas_valor: 
2025-04-29 10:34:21 - Processando pergunta 9, resposta_valor: A razão principal é o comprometimento da administração demonstrando o interesse em aderir ao programa e a responsabilidade com o uso dos recursos públicos, principalmente com o compromisso da transparência publica.
2025-04-29 10:34:24 - Prefeitura ID: 9
2025-04-29 10:34:24 - Total de perguntas recuperadas: 9
2025-04-29 10:34:24 - Respostas recuperadas: {"1":"Secretaria Municipal de Controle Interno de Itapuranga. Sim teve total apoio da Gest\u00e3o municipal para a participa\u00e7\u00e3o de Itapuranga pois reflete a melhoria da Governan\u00e7a publica, \u00e9tica, transpar\u00eancia e gest\u00e3o de riscos, alinhando-se aos objetivos do programa para fortalecer a confian\u00e7a da popula\u00e7\u00e3o na administra\u00e7\u00e3o local.","2":"Sim","14":"Prefeitura Municipal de Itapuranga|129|83|0|212","4":"N\u00e3o","5":"Sim","6":"04 horas semanais","7":"Sim","8":"Interesse dos servidores nas capacita\u00e7\u00f5es virtuais, em fun\u00e7\u00e3o dos servidores estarem desmotivados e os cursos n\u00e3o serem vistos como algo compensativo, no sentido financeiro.","9":"A raz\u00e3o principal \u00e9 o comprometimento da administra\u00e7\u00e3o demonstrando o interesse em aderir ao programa e a responsabilidade com o uso dos recursos p\u00fablicos, principalmente com o compromisso da transpar\u00eancia publica."}
2025-04-29 10:34:24 - Processando pergunta 1, resposta_valor: Secretaria Municipal de Controle Interno de Itapuranga. Sim teve total apoio da Gestão municipal para a participação de Itapuranga pois reflete a melhoria da Governança publica, ética, transparência e gestão de riscos, alinhando-se aos objetivos do programa para fortalecer a confiança da população na administração local.
2025-04-29 10:34:24 - Processando pergunta 2, resposta_valor: Sim
2025-04-29 10:34:24 - Pergunta 2 - resposta_sim_nao: Sim, justificativa_valor: 
2025-04-29 10:34:24 - Processando pergunta 14, resposta_valor: Prefeitura Municipal de Itapuranga|129|83|0|212
2025-04-29 10:34:24 - Pergunta 14 (planilha) - linhas brutas: ["Prefeitura Municipal de Itapuranga|129|83|0|212"]
2025-04-29 10:34:24 - Pergunta 14 (planilha) - dados da linha: ["Prefeitura Municipal de Itapuranga","129","83","0","212"]
2025-04-29 10:34:24 - Pergunta 14 (planilha) - planilha_data: [{"secretaria":"Prefeitura Municipal de Itapuranga","efetivos":"129","comissionados":"83","temporarios":"0","total_parcial":"212"}]
2025-04-29 10:34:24 - Processando pergunta 4, resposta_valor: Não
2025-04-29 10:34:25 - Pergunta 4 - resposta_sim_nao: Não, eixo_selecionado: , justificativa_valor: 
2025-04-29 10:34:25 - Processando pergunta 5, resposta_valor: Sim
2025-04-29 10:34:25 - Pergunta 5 - resposta_sim_nao: Sim, justificativa_valor: 
2025-04-29 10:34:25 - Processando pergunta 6, resposta_valor: 04 horas semanais
2025-04-29 10:34:25 - Processando pergunta 7, resposta_valor: Sim
2025-04-29 10:34:25 - Pergunta 7 - resposta_sim_nao: Sim, justificativa_valor: 
2025-04-29 10:34:25 - Processando pergunta 8, resposta_valor: Interesse dos servidores nas capacitações virtuais, em função dos servidores estarem desmotivados e os cursos não serem vistos como algo compensativo, no sentido financeiro.
2025-04-29 10:34:25 - Pergunta 8 - resposta_valor: Interesse dos servidores nas capacitações virtuais, em função dos servidores estarem desmotivados e os cursos não serem vistos como algo compensativo, no sentido financeiro., outras_respostas_valor: 
2025-04-29 10:34:25 - Processando pergunta 9, resposta_valor: A razão principal é o comprometimento da administração demonstrando o interesse em aderir ao programa e a responsabilidade com o uso dos recursos públicos, principalmente com o compromisso da transparência publica.
2025-04-29 10:37:08 - Prefeitura ID: 9
2025-04-29 10:37:08 - Total de perguntas recuperadas: 9
2025-04-29 10:37:08 - Respostas recuperadas: {"1":"Secretaria Municipal de Controle Interno de Itapuranga. Sim teve total apoio da Gest\u00e3o municipal para a participa\u00e7\u00e3o de Itapuranga pois reflete a melhoria da Governan\u00e7a publica, \u00e9tica, transpar\u00eancia e gest\u00e3o de riscos, alinhando-se aos objetivos do programa para fortalecer a confian\u00e7a da popula\u00e7\u00e3o na administra\u00e7\u00e3o local.","2":"Sim","14":"Prefeitura Municipal de Itapuranga|129|83|0|212","4":"N\u00e3o","5":"Sim","6":"04 horas semanais","7":"Sim","8":"Interesse dos servidores nas capacita\u00e7\u00f5es virtuais, em fun\u00e7\u00e3o dos servidores estarem desmotivados e os cursos n\u00e3o serem vistos como algo compensativo, no sentido financeiro.","9":"A raz\u00e3o principal \u00e9 o comprometimento da administra\u00e7\u00e3o demonstrando o interesse em aderir ao programa e a responsabilidade com o uso dos recursos p\u00fablicos, principalmente com o compromisso da transpar\u00eancia publica."}
2025-04-29 10:37:08 - Processando pergunta 1, resposta_valor: Secretaria Municipal de Controle Interno de Itapuranga. Sim teve total apoio da Gestão municipal para a participação de Itapuranga pois reflete a melhoria da Governança publica, ética, transparência e gestão de riscos, alinhando-se aos objetivos do programa para fortalecer a confiança da população na administração local.
2025-04-29 10:37:08 - Processando pergunta 2, resposta_valor: Sim
2025-04-29 10:37:08 - Pergunta 2 - resposta_sim_nao: Sim, justificativa_valor: 
2025-04-29 10:37:08 - Processando pergunta 14, resposta_valor: Prefeitura Municipal de Itapuranga|129|83|0|212
2025-04-29 10:37:09 - Pergunta 14 (planilha) - linhas brutas: ["Prefeitura Municipal de Itapuranga|129|83|0|212"]
2025-04-29 10:37:09 - Pergunta 14 (planilha) - dados da linha: ["Prefeitura Municipal de Itapuranga","129","83","0","212"]
2025-04-29 10:37:09 - Pergunta 14 (planilha) - planilha_data: [{"secretaria":"Prefeitura Municipal de Itapuranga","efetivos":"129","comissionados":"83","temporarios":"0","total_parcial":"212"}]
2025-04-29 10:37:09 - Processando pergunta 4, resposta_valor: Não
2025-04-29 10:37:09 - Pergunta 4 - resposta_sim_nao: Não, eixo_selecionado: , justificativa_valor: 
2025-04-29 10:37:09 - Processando pergunta 5, resposta_valor: Sim
2025-04-29 10:37:09 - Pergunta 5 - resposta_sim_nao: Sim, justificativa_valor: 
2025-04-29 10:37:09 - Processando pergunta 6, resposta_valor: 04 horas semanais
2025-04-29 10:37:09 - Processando pergunta 7, resposta_valor: Sim
2025-04-29 10:37:09 - Pergunta 7 - resposta_sim_nao: Sim, justificativa_valor: 
2025-04-29 10:37:09 - Processando pergunta 8, resposta_valor: Interesse dos servidores nas capacitações virtuais, em função dos servidores estarem desmotivados e os cursos não serem vistos como algo compensativo, no sentido financeiro.
2025-04-29 10:37:09 - Pergunta 8 - resposta_valor: Interesse dos servidores nas capacitações virtuais, em função dos servidores estarem desmotivados e os cursos não serem vistos como algo compensativo, no sentido financeiro., outras_respostas_valor: 
2025-04-29 10:37:09 - Processando pergunta 9, resposta_valor: A razão principal é o comprometimento da administração demonstrando o interesse em aderir ao programa e a responsabilidade com o uso dos recursos públicos, principalmente com o compromisso da transparência publica.
2025-04-29 10:38:07 - Prefeitura ID: 38
2025-04-29 10:38:07 - Total de perguntas recuperadas: 9
2025-04-29 10:38:07 - Respostas recuperadas: {"1":"A ideia foi do Prefeito, muitos servidores n\u00e3o conhecem o programa, mas mostraram-se entusiasmados.","2":"Sim","14":"Prefeitura Municipal|1998|167|405|2570|2570;Teste|1|1|1|3|2573;Teste|1|1|1|3|2576","4":"N\u00e3o","5":"N\u00e3o|teste","6":"Teste","7":"Sim","8":"Teste","9":"Teste"}
2025-04-29 10:38:07 - Processando pergunta 1, resposta_valor: A ideia foi do Prefeito, muitos servidores não conhecem o programa, mas mostraram-se entusiasmados.
2025-04-29 10:38:08 - Processando pergunta 2, resposta_valor: Sim
2025-04-29 10:38:08 - Pergunta 2 - resposta_sim_nao: Sim, justificativa_valor: 
2025-04-29 10:38:08 - Processando pergunta 14, resposta_valor: Prefeitura Municipal|1998|167|405|2570|2570;Teste|1|1|1|3|2573;Teste|1|1|1|3|2576
2025-04-29 10:38:08 - Pergunta 14 (planilha) - linhas brutas: ["Prefeitura Municipal|1998|167|405|2570|2570","Teste|1|1|1|3|2573","Teste|1|1|1|3|2576"]
2025-04-29 10:38:08 - Pergunta 14 (planilha) - dados da linha: ["Prefeitura Municipal","1998","167","405","2570","2570"]
2025-04-29 10:38:08 - Pergunta 14 (planilha) - dados da linha: ["Teste","1","1","1","3","2573"]
2025-04-29 10:38:08 - Pergunta 14 (planilha) - dados da linha: ["Teste","1","1","1","3","2576"]
2025-04-29 10:38:08 - Pergunta 14 (planilha) - planilha_data: [{"secretaria":"Prefeitura Municipal","efetivos":"1998","comissionados":"167","temporarios":"405","total_parcial":"2570"},{"secretaria":"Teste","efetivos":"1","comissionados":"1","temporarios":"1","total_parcial":"3"},{"secretaria":"Teste","efetivos":"1","comissionados":"1","temporarios":"1","total_parcial":"3"}]
2025-04-29 10:38:08 - Processando pergunta 4, resposta_valor: Não
2025-04-29 10:38:08 - Pergunta 4 - resposta_sim_nao: Não, eixo_selecionado: , justificativa_valor: 
2025-04-29 10:38:08 - Processando pergunta 5, resposta_valor: Não|teste
2025-04-29 10:38:08 - Pergunta 5 - resposta_sim_nao: Não, justificativa_valor: teste
2025-04-29 10:38:08 - Processando pergunta 6, resposta_valor: Teste
2025-04-29 10:38:08 - Processando pergunta 7, resposta_valor: Sim
2025-04-29 10:38:09 - Pergunta 7 - resposta_sim_nao: Sim, justificativa_valor: 
2025-04-29 10:38:09 - Processando pergunta 8, resposta_valor: Teste
2025-04-29 10:38:09 - Pergunta 8 - resposta_valor: Teste, outras_respostas_valor: 
2025-04-29 10:38:09 - Processando pergunta 9, resposta_valor: Teste
2025-04-29 10:42:08 - Prefeitura ID: 9
2025-04-29 10:42:08 - Total de perguntas recuperadas: 9
2025-04-29 10:42:09 - Respostas recuperadas: {"1":"Secretaria Municipal de Controle Interno de Itapuranga. Sim teve total apoio da Gest\u00e3o municipal para a participa\u00e7\u00e3o de Itapuranga pois reflete a melhoria da Governan\u00e7a publica, \u00e9tica, transpar\u00eancia e gest\u00e3o de riscos, alinhando-se aos objetivos do programa para fortalecer a confian\u00e7a da popula\u00e7\u00e3o na administra\u00e7\u00e3o local.","2":"Sim","14":"Prefeitura Municipal de Itapuranga|129|83|0|212","4":"N\u00e3o","5":"Sim","6":"04 horas semanais","7":"Sim","8":"Interesse dos servidores nas capacita\u00e7\u00f5es virtuais, em fun\u00e7\u00e3o dos servidores estarem desmotivados e os cursos n\u00e3o serem vistos como algo compensativo, no sentido financeiro.","9":"A raz\u00e3o principal \u00e9 o comprometimento da administra\u00e7\u00e3o demonstrando o interesse em aderir ao programa e a responsabilidade com o uso dos recursos p\u00fablicos, principalmente com o compromisso da transpar\u00eancia publica."}
2025-04-29 10:42:09 - Processando pergunta 1, resposta_valor: Secretaria Municipal de Controle Interno de Itapuranga. Sim teve total apoio da Gestão municipal para a participação de Itapuranga pois reflete a melhoria da Governança publica, ética, transparência e gestão de riscos, alinhando-se aos objetivos do programa para fortalecer a confiança da população na administração local.
2025-04-29 10:42:09 - Processando pergunta 2, resposta_valor: Sim
2025-04-29 10:42:09 - Pergunta 2 - resposta_sim_nao: Sim, justificativa_valor: 
2025-04-29 10:42:09 - Processando pergunta 14, resposta_valor: Prefeitura Municipal de Itapuranga|129|83|0|212
2025-04-29 10:42:09 - Pergunta 14 (planilha) - linhas brutas: ["Prefeitura Municipal de Itapuranga|129|83|0|212"]
2025-04-29 10:42:09 - Pergunta 14 (planilha) - dados da linha: ["Prefeitura Municipal de Itapuranga","129","83","0","212"]
2025-04-29 10:42:09 - Pergunta 14 (planilha) - planilha_data: [{"secretaria":"Prefeitura Municipal de Itapuranga","efetivos":"129","comissionados":"83","temporarios":"0","total_parcial":"212"}]
2025-04-29 10:42:09 - Processando pergunta 4, resposta_valor: Não
2025-04-29 10:42:09 - Pergunta 4 - resposta_sim_nao: Não, eixo_selecionado: , justificativa_valor: 
2025-04-29 10:42:09 - Processando pergunta 5, resposta_valor: Sim
2025-04-29 10:42:09 - Pergunta 5 - resposta_sim_nao: Sim, justificativa_valor: 
2025-04-29 10:42:09 - Processando pergunta 6, resposta_valor: 04 horas semanais
2025-04-29 10:42:09 - Processando pergunta 7, resposta_valor: Sim
2025-04-29 10:42:09 - Pergunta 7 - resposta_sim_nao: Sim, justificativa_valor: 
2025-04-29 10:42:10 - Processando pergunta 8, resposta_valor: Interesse dos servidores nas capacitações virtuais, em função dos servidores estarem desmotivados e os cursos não serem vistos como algo compensativo, no sentido financeiro.
2025-04-29 10:42:10 - Pergunta 8 - resposta_valor: Interesse dos servidores nas capacitações virtuais, em função dos servidores estarem desmotivados e os cursos não serem vistos como algo compensativo, no sentido financeiro., outras_respostas_valor: 
2025-04-29 10:42:10 - Processando pergunta 9, resposta_valor: A razão principal é o comprometimento da administração demonstrando o interesse em aderir ao programa e a responsabilidade com o uso dos recursos públicos, principalmente com o compromisso da transparência publica.
2025-04-29 10:46:32 - Prefeitura ID: 38
2025-04-29 10:46:32 - Total de perguntas recuperadas: 9
2025-04-29 10:46:32 - Respostas recuperadas: {"1":"A ideia foi do Prefeito, muitos servidores n\u00e3o conhecem o programa, mas mostraram-se entusiasmados.","2":"Sim","14":"Prefeitura Municipal|1998|167|405|2570|2570;Teste|1|1|1|3|2573;Teste|1|1|1|3|2576","4":"N\u00e3o","5":"N\u00e3o|teste","6":"Teste","7":"Sim","8":"Teste","9":"Teste"}
2025-04-29 10:46:32 - Formulário enviado: {"resposta":{"1":"A ideia foi do Prefeito, muitos servidores n\u00e3o conhecem o programa, mas mostraram-se entusiasmados.","2":{"sim_nao":"Sim"},"4":{"sim_nao":"Sim","eixo":""},"5":"Sim","6":"Os servidores, compatibilizando suas atribui\u00e7\u00f5es regulares com sua jornada de trabalho, ter\u00e3o disponibilidade, dentro do expediente de 8 horas di\u00e1rias e 40 horas semanais, para atender \u00e0s demandas do programa.","7":{"sim_nao":"Sim"},"8":"Embora quase todos os desafios mencionados representem barreiras \u00e0 participa\u00e7\u00e3o do munic\u00edpio no PCM 2025, o comprometimento da alta administra\u00e7\u00e3o n\u00e3o se configura como um desses gargalos, considerando que o prefeito \u00e9 um dos principais interessados no desenvolvimento e sucesso do programa. Quanto aos demais desafios a gest\u00e3o municipal est\u00e1 empenhada em super\u00e1-los por meio de planejamento, sensibiliza\u00e7\u00e3o dos servidores e investimentos necess\u00e1rios, garantindo assim a plena execu\u00e7\u00e3o das atividades propostas.","9":"O munic\u00edpio re\u00fane as condi\u00e7\u00f5es ideais para ser selecionado no PCM 2025 porque j\u00e1 vem construindo, de forma s\u00f3lida e comprometida, os pilares que o Programa valoriza: \u00e9tica, transpar\u00eancia, gest\u00e3o de riscos e capacita\u00e7\u00e3o de servidores.\r\n\r\nA cultura de integridade est\u00e1 em franco desenvolvimento, com iniciativas concretas para fortalecer a \u00e9tica no servi\u00e7o p\u00fablico e fomentar um ambiente institucional baseado na responsabilidade e no respeito ao cidad\u00e3o. A transpar\u00eancia e a Ouvidoria j\u00e1 s\u00e3o tratadas como prioridades estrat\u00e9gicas, com a\u00e7\u00f5es cont\u00ednuas para ampliar o acesso \u00e0 informa\u00e7\u00e3o e estimular a participa\u00e7\u00e3o popular.\r\n\r\nAl\u00e9m disso, a administra\u00e7\u00e3o municipal tem se dedicado \u00e0 implanta\u00e7\u00e3o de pr\u00e1ticas de Gest\u00e3o de Riscos, buscando identificar e mitigar vulnerabilidades, promovendo maior efici\u00eancia e seguran\u00e7a na execu\u00e7\u00e3o das pol\u00edticas p\u00fablicas.\r\n\r\nNo campo da capacita\u00e7\u00e3o, a gest\u00e3o investe na qualifica\u00e7\u00e3o permanente dos servidores, reconhecendo que pessoas bem preparadas s\u00e3o a base para transformar desafios em resultados concretos.\r\n\r\nO munic\u00edpio n\u00e3o apenas se alinha aos objetivos do PCM 2025 \u2014 ele respira os valores que o Programa busca fortalecer, demonstrando maturidade institucional, vis\u00e3o de futuro e total disposi\u00e7\u00e3o para evoluir ainda mais com o apoio desta importante iniciativa."},"justificativa":{"2":"","4":"","5":"Os servidores designados pelo Munic\u00edpio ter\u00e3o papel fundamental na condu\u00e7\u00e3o e no desenvolvimento dos eixos tem\u00e1ticos do PCM 2025. Eles atuar\u00e3o como interlocutores entre os idealizadores do Programa de Compliance e a sua efetiva implementa\u00e7\u00e3o no \u00e2mbito municipal, garantindo a articula\u00e7\u00e3o necess\u00e1ria para o cumprimento das metas e a consolida\u00e7\u00e3o das pr\u00e1ticas de gest\u00e3o de riscos, \u00e9tica, transpar\u00eancia e ouvidoria.","7":""},"secretaria":{"14":["Prefeitura Municipal","Teste","Teste"]},"efetivos":{"14":["1998","1","1"]},"comissionados":{"14":["167","1","1"]},"temporarios":{"14":["405","1","1"]},"salvar":""}
2025-04-29 10:46:32 - Atualizada resposta para pergunta 1: A ideia foi do Prefeito, muitos servidores não conhecem o programa, mas mostraram-se entusiasmados.
2025-04-29 10:46:33 - Atualizada resposta para pergunta 2: Sim
2025-04-29 10:46:33 - Pergunta 14 (planilha) - Resposta gerada: Prefeitura Municipal|1998|167|405|2570;Teste|1|1|1|3;Teste|1|1|1|3
2025-04-29 10:46:33 - Atualizada resposta para pergunta 14: Prefeitura Municipal|1998|167|405|2570;Teste|1|1|1|3;Teste|1|1|1|3
2025-04-29 10:46:33 - Erro validação pergunta 4: Selecione um eixo para a pergunta: Dentre os três eixos temáticos: Gestão de Riscos, Ética, Transparência/Ouvidoria, a serem abordados
no PCM 2025, há algum que a administração do município considere prioritário?
2025-04-29 10:46:33 - Salvamento falhou: Selecione um eixo para a pergunta: Dentre os três eixos temáticos: Gestão de Riscos, Ética, Transparência/Ouvidoria, a serem abordados
no PCM 2025, há algum que a administração do município considere prioritário?
2025-04-29 10:46:33 - Processando pergunta 1, resposta_valor: A ideia foi do Prefeito, muitos servidores não conhecem o programa, mas mostraram-se entusiasmados.
2025-04-29 10:46:33 - Processando pergunta 2, resposta_valor: Sim
2025-04-29 10:46:33 - Pergunta 2 - resposta_sim_nao: Sim, justificativa_valor: 
2025-04-29 10:46:33 - Processando pergunta 14, resposta_valor: Prefeitura Municipal|1998|167|405|2570|2570;Teste|1|1|1|3|2573;Teste|1|1|1|3|2576
2025-04-29 10:46:33 - Pergunta 14 (planilha) - linhas brutas: ["Prefeitura Municipal|1998|167|405|2570|2570","Teste|1|1|1|3|2573","Teste|1|1|1|3|2576"]
2025-04-29 10:46:33 - Pergunta 14 (planilha) - dados da linha: ["Prefeitura Municipal","1998","167","405","2570","2570"]
2025-04-29 10:46:33 - Pergunta 14 (planilha) - dados da linha: ["Teste","1","1","1","3","2573"]
2025-04-29 10:46:33 - Pergunta 14 (planilha) - dados da linha: ["Teste","1","1","1","3","2576"]
2025-04-29 10:46:33 - Pergunta 14 (planilha) - planilha_data: [{"secretaria":"Prefeitura Municipal","efetivos":"1998","comissionados":"167","temporarios":"405","total_parcial":"2570"},{"secretaria":"Teste","efetivos":"1","comissionados":"1","temporarios":"1","total_parcial":"3"},{"secretaria":"Teste","efetivos":"1","comissionados":"1","temporarios":"1","total_parcial":"3"}]
2025-04-29 10:46:34 - Processando pergunta 4, resposta_valor: Não
2025-04-29 10:46:34 - Pergunta 4 - resposta_sim_nao: Não, eixo_selecionado: , justificativa_valor: 
2025-04-29 10:46:34 - Processando pergunta 5, resposta_valor: Não|teste
2025-04-29 10:46:34 - Pergunta 5 - resposta_sim_nao: Não, justificativa_valor: teste
2025-04-29 10:46:34 - Processando pergunta 6, resposta_valor: Teste
2025-04-29 10:46:34 - Processando pergunta 7, resposta_valor: Sim
2025-04-29 10:46:34 - Pergunta 7 - resposta_sim_nao: Sim, justificativa_valor: 
2025-04-29 10:46:34 - Processando pergunta 8, resposta_valor: Teste
2025-04-29 10:46:34 - Pergunta 8 - resposta_valor: Teste, outras_respostas_valor: 
2025-04-29 10:46:34 - Processando pergunta 9, resposta_valor: Teste
2025-04-29 11:04:30 - Prefeitura ID: 59
2025-04-29 11:04:30 - Total de perguntas recuperadas: 9
2025-04-29 11:04:30 - Respostas recuperadas: []
2025-04-29 11:04:30 - Processando pergunta 1, resposta_valor: 
2025-04-29 11:04:31 - Processando pergunta 2, resposta_valor: 
2025-04-29 11:04:31 - Processando pergunta 14, resposta_valor: 
2025-04-29 11:04:31 - Processando pergunta 4, resposta_valor: 
2025-04-29 11:04:31 - Processando pergunta 5, resposta_valor: 
2025-04-29 11:04:31 - Processando pergunta 6, resposta_valor: 
2025-04-29 11:04:31 - Processando pergunta 7, resposta_valor: 
2025-04-29 11:04:31 - Processando pergunta 8, resposta_valor: 
2025-04-29 11:04:31 - Processando pergunta 9, resposta_valor: 
2025-04-29 11:05:05 - Prefeitura ID: 57
2025-04-29 11:05:05 - Total de perguntas recuperadas: 9
2025-04-29 11:05:05 - Respostas recuperadas: {"1":"Quem tomou a iniciativa de inscrever o munic\u00edpio no Programa de Certifica\u00e7\u00e3o Municipal (PCM) 2025 foi o secret\u00e1rio municipal de Administra\u00e7\u00e3o e Finan\u00e7as Marcelo Venturini, que descobriu o edital por meio das redes sociais. Ao se deparar com a oportunidade, ele identificou que o programa poderia trazer benef\u00edcios relevantes para a gest\u00e3o p\u00fablica local, incentivando boas pr\u00e1ticas administrativas, maior transpar\u00eancia e melhoria nos servi\u00e7os prestados \u00e0 popula\u00e7\u00e3o.\r\n\r\nA ideia foi apresentada \u00e0 administra\u00e7\u00e3o municipal e, inicialmente, causou curiosidade entre os gestores e servidores. Ap\u00f3s uma an\u00e1lise mais detalhada sobre os objetivos e requisitos do PCM 2025, a proposta foi bem recebida. A equipe t\u00e9cnica reconheceu o potencial do programa como uma ferramenta estrat\u00e9gica para o desenvolvimento institucional e aprimoramento das pol\u00edticas p\u00fablicas. Servidores de diferentes \u00e1reas se mostraram receptivos e dispostos a colaborar na organiza\u00e7\u00e3o dos documentos e cumprimento dos crit\u00e9rios exigidos, o que fortaleceu o engajamento coletivo em torno da iniciativa.","2":"Sim"}
2025-04-29 11:05:05 - Processando pergunta 1, resposta_valor: Quem tomou a iniciativa de inscrever o município no Programa de Certificação Municipal (PCM) 2025 foi o secretário municipal de Administração e Finanças Marcelo Venturini, que descobriu o edital por meio das redes sociais. Ao se deparar com a oportunidade, ele identificou que o programa poderia trazer benefícios relevantes para a gestão pública local, incentivando boas práticas administrativas, maior transparência e melhoria nos serviços prestados à população.

A ideia foi apresentada à administração municipal e, inicialmente, causou curiosidade entre os gestores e servidores. Após uma análise mais detalhada sobre os objetivos e requisitos do PCM 2025, a proposta foi bem recebida. A equipe técnica reconheceu o potencial do programa como uma ferramenta estratégica para o desenvolvimento institucional e aprimoramento das políticas públicas. Servidores de diferentes áreas se mostraram receptivos e dispostos a colaborar na organização dos documentos e cumprimento dos critérios exigidos, o que fortaleceu o engajamento coletivo em torno da iniciativa.
2025-04-29 11:05:06 - Processando pergunta 2, resposta_valor: Sim
2025-04-29 11:05:06 - Pergunta 2 - resposta_sim_nao: Sim, justificativa_valor: 
2025-04-29 11:05:06 - Processando pergunta 14, resposta_valor: 
2025-04-29 11:05:06 - Processando pergunta 4, resposta_valor: 
2025-04-29 11:05:06 - Processando pergunta 5, resposta_valor: 
2025-04-29 11:05:07 - Processando pergunta 6, resposta_valor: 
2025-04-29 11:05:07 - Processando pergunta 7, resposta_valor: 
2025-04-29 11:05:07 - Processando pergunta 8, resposta_valor: 
2025-04-29 11:05:07 - Processando pergunta 9, resposta_valor: 
2025-04-29 11:06:38 - Prefeitura ID: 57
2025-04-29 11:06:38 - Total de perguntas recuperadas: 9
2025-04-29 11:06:38 - Respostas recuperadas: {"1":"Quem tomou a iniciativa de inscrever o munic\u00edpio no Programa de Certifica\u00e7\u00e3o Municipal (PCM) 2025 foi o secret\u00e1rio municipal de Administra\u00e7\u00e3o e Finan\u00e7as Marcelo Venturini, que descobriu o edital por meio das redes sociais. Ao se deparar com a oportunidade, ele identificou que o programa poderia trazer benef\u00edcios relevantes para a gest\u00e3o p\u00fablica local, incentivando boas pr\u00e1ticas administrativas, maior transpar\u00eancia e melhoria nos servi\u00e7os prestados \u00e0 popula\u00e7\u00e3o.\r\n\r\nA ideia foi apresentada \u00e0 administra\u00e7\u00e3o municipal e, inicialmente, causou curiosidade entre os gestores e servidores. Ap\u00f3s uma an\u00e1lise mais detalhada sobre os objetivos e requisitos do PCM 2025, a proposta foi bem recebida. A equipe t\u00e9cnica reconheceu o potencial do programa como uma ferramenta estrat\u00e9gica para o desenvolvimento institucional e aprimoramento das pol\u00edticas p\u00fablicas. Servidores de diferentes \u00e1reas se mostraram receptivos e dispostos a colaborar na organiza\u00e7\u00e3o dos documentos e cumprimento dos crit\u00e9rios exigidos, o que fortaleceu o engajamento coletivo em torno da iniciativa.","2":"Sim"}
2025-04-29 11:06:39 - Processando pergunta 1, resposta_valor: Quem tomou a iniciativa de inscrever o município no Programa de Certificação Municipal (PCM) 2025 foi o secretário municipal de Administração e Finanças Marcelo Venturini, que descobriu o edital por meio das redes sociais. Ao se deparar com a oportunidade, ele identificou que o programa poderia trazer benefícios relevantes para a gestão pública local, incentivando boas práticas administrativas, maior transparência e melhoria nos serviços prestados à população.

A ideia foi apresentada à administração municipal e, inicialmente, causou curiosidade entre os gestores e servidores. Após uma análise mais detalhada sobre os objetivos e requisitos do PCM 2025, a proposta foi bem recebida. A equipe técnica reconheceu o potencial do programa como uma ferramenta estratégica para o desenvolvimento institucional e aprimoramento das políticas públicas. Servidores de diferentes áreas se mostraram receptivos e dispostos a colaborar na organização dos documentos e cumprimento dos critérios exigidos, o que fortaleceu o engajamento coletivo em torno da iniciativa.
2025-04-29 11:06:39 - Processando pergunta 2, resposta_valor: Sim
2025-04-29 11:06:39 - Pergunta 2 - resposta_sim_nao: Sim, justificativa_valor: 
2025-04-29 11:06:39 - Processando pergunta 14, resposta_valor: 
2025-04-29 11:06:39 - Processando pergunta 4, resposta_valor: 
2025-04-29 11:06:40 - Processando pergunta 5, resposta_valor: 
2025-04-29 11:06:40 - Processando pergunta 6, resposta_valor: 
2025-04-29 11:06:40 - Processando pergunta 7, resposta_valor: 
2025-04-29 11:06:40 - Processando pergunta 8, resposta_valor: 
2025-04-29 11:06:40 - Processando pergunta 9, resposta_valor: 
2025-04-29 11:13:26 - Prefeitura ID: 57
2025-04-29 11:13:26 - Total de perguntas recuperadas: 9
2025-04-29 11:13:27 - Respostas recuperadas: {"1":"Quem tomou a iniciativa de inscrever o munic\u00edpio no Programa de Certifica\u00e7\u00e3o Municipal (PCM) 2025 foi o secret\u00e1rio municipal de Administra\u00e7\u00e3o e Finan\u00e7as Marcelo Venturini, que descobriu o edital por meio das redes sociais. Ao se deparar com a oportunidade, ele identificou que o programa poderia trazer benef\u00edcios relevantes para a gest\u00e3o p\u00fablica local, incentivando boas pr\u00e1ticas administrativas, maior transpar\u00eancia e melhoria nos servi\u00e7os prestados \u00e0 popula\u00e7\u00e3o.\r\n\r\nA ideia foi apresentada \u00e0 administra\u00e7\u00e3o municipal e, inicialmente, causou curiosidade entre os gestores e servidores. Ap\u00f3s uma an\u00e1lise mais detalhada sobre os objetivos e requisitos do PCM 2025, a proposta foi bem recebida. A equipe t\u00e9cnica reconheceu o potencial do programa como uma ferramenta estrat\u00e9gica para o desenvolvimento institucional e aprimoramento das pol\u00edticas p\u00fablicas. Servidores de diferentes \u00e1reas se mostraram receptivos e dispostos a colaborar na organiza\u00e7\u00e3o dos documentos e cumprimento dos crit\u00e9rios exigidos, o que fortaleceu o engajamento coletivo em torno da iniciativa.","2":"Sim"}
2025-04-29 11:13:27 - Formulário enviado: {"resposta":{"1":"Quem tomou a iniciativa de inscrever o munic\u00edpio no Programa de Certifica\u00e7\u00e3o Municipal (PCM) 2025 foi o secret\u00e1rio municipal de Administra\u00e7\u00e3o e Finan\u00e7as Marcelo Venturini, que descobriu o edital por meio das redes sociais. Ao se deparar com a oportunidade, ele identificou que o programa poderia trazer benef\u00edcios relevantes para a gest\u00e3o p\u00fablica local, incentivando boas pr\u00e1ticas administrativas, maior transpar\u00eancia e melhoria nos servi\u00e7os prestados \u00e0 popula\u00e7\u00e3o.\r\n\r\nA ideia foi apresentada \u00e0 administra\u00e7\u00e3o municipal e, inicialmente, causou curiosidade entre os gestores e servidores. Ap\u00f3s uma an\u00e1lise mais detalhada sobre os objetivos e requisitos do PCM 2025, a proposta foi bem recebida. A equipe t\u00e9cnica reconheceu o potencial do programa como uma ferramenta estrat\u00e9gica para o desenvolvimento institucional e aprimoramento das pol\u00edticas p\u00fablicas. Servidores de diferentes \u00e1reas se mostraram receptivos e dispostos a colaborar na organiza\u00e7\u00e3o dos documentos e cumprimento dos crit\u00e9rios exigidos, o que fortaleceu o engajamento coletivo em torno da iniciativa.","2":{"sim_nao":"Sim"},"4":{"sim_nao":"Sim","eixo":""},"5":"Sim","6":"Os servidores municipais designados para coordenar os eixos tem\u00e1ticos do PCM 2025 dever\u00e3o participar de reuni\u00f5es virtuais ou presenciais com o mentor do munic\u00edpio em hor\u00e1rios previamente agendados. Considerando a rotina administrativa e a disponibilidade m\u00e9dia dos servidores, estima-se que eles poder\u00e3o dedicar de 2 a 4 horas semanais para as mentorias, distribu\u00eddas conforme o cronograma definido em conjunto com o mentor.\r\n\r\nEssa carga hor\u00e1ria inclui n\u00e3o apenas a participa\u00e7\u00e3o nas reuni\u00f5es, mas tamb\u00e9m o tempo necess\u00e1rio para organiza\u00e7\u00e3o de documentos, levantamento de dados e articula\u00e7\u00e3o interna entre as secretarias envolvidas. A administra\u00e7\u00e3o municipal est\u00e1 comprometida em garantir a libera\u00e7\u00e3o dos servidores durante esse per\u00edodo, sem preju\u00edzo das demais atribui\u00e7\u00f5es.","7":{"sim_nao":"Sim"},"8":"Interesse e engajamento dos servidores: nem todos os servidores demonstram, inicialmente, interesse em atividades que envolvem certifica\u00e7\u00f5es, capacita\u00e7\u00f5es e mudan\u00e7as de processos. Isso pode afetar a ades\u00e3o \u00e0s tarefas dos eixos tem\u00e1ticos, principalmente se n\u00e3o houver incentivo claro ou reconhecimento institucional.","9":"O munic\u00edpio apresenta uma s\u00e9rie de caracter\u00edsticas que justificam sua sele\u00e7\u00e3o para participar do Programa de Certifica\u00e7\u00e3o Municipal (PCM) 2025, evidenciando afinidade com os objetivos propostos e um cen\u00e1rio institucional favor\u00e1vel \u00e0 implementa\u00e7\u00e3o das a\u00e7\u00f5es previstas.\r\n\r\nEm primeiro lugar, destaca-se o compromisso da administra\u00e7\u00e3o municipal com a transpar\u00eancia e o controle social. Nos \u00faltimos anos, houve avan\u00e7os significativos na amplia\u00e7\u00e3o da transpar\u00eancia ativa, com melhorias no portal da transpar\u00eancia e iniciativas voltadas \u00e0 reestrutura\u00e7\u00e3o da ouvidoria municipal. Essas a\u00e7\u00f5es demonstram um esfor\u00e7o concreto para promover o acesso \u00e0 informa\u00e7\u00e3o p\u00fablica e fortalecer os canais de comunica\u00e7\u00e3o com os cidad\u00e3os, em conson\u00e2ncia com o eixo tem\u00e1tico de Transpar\u00eancia\/Ouvidoria do programa.\r\n\r\nAl\u00e9m disso, o munic\u00edpio tem dado os primeiros passos na institucionaliza\u00e7\u00e3o da Gest\u00e3o de Riscos, especialmente em setores estrat\u00e9gicos como licita\u00e7\u00f5es, sa\u00fade e assist\u00eancia social. Ainda em fase inicial, essa pr\u00e1tica j\u00e1 sinaliza uma mudan\u00e7a de cultura administrativa, com foco em preven\u00e7\u00e3o, integridade e efici\u00eancia na gest\u00e3o p\u00fablica.\r\n\r\nOutro ponto relevante \u00e9 a valoriza\u00e7\u00e3o da \u00e9tica na administra\u00e7\u00e3o municipal. H\u00e1 um movimento interno de conscientiza\u00e7\u00e3o e promo\u00e7\u00e3o de condutas \u00e9ticas entre os servidores, com incentivo \u00e0 elabora\u00e7\u00e3o de c\u00f3digos de \u00e9tica e forma\u00e7\u00e3o de comiss\u00f5es de acompanhamento. Isso demonstra que o tema da \u00e9tica j\u00e1 faz parte das preocupa\u00e7\u00f5es da gest\u00e3o e pode ser fortalecido com a ades\u00e3o ao programa.\r\n\r\nNo campo da capacita\u00e7\u00e3o, o munic\u00edpio tem incentivado a forma\u00e7\u00e3o continuada dos servidores por meio da oferta e est\u00edmulo \u00e0 participa\u00e7\u00e3o em cursos e treinamentos nas \u00e1reas de administra\u00e7\u00e3o p\u00fablica, legisla\u00e7\u00e3o, finan\u00e7as e gest\u00e3o de pessoas. Esse compromisso com a qualifica\u00e7\u00e3o da equipe t\u00e9cnica \u00e9 fundamental para o sucesso das a\u00e7\u00f5es do PCM 2025, que prev\u00ea mentorias e capacita\u00e7\u00f5es como parte de sua metodologia.\r\n\r\nPor fim, ressalta-se a disponibilidade de servidores capacitados e engajados, dispostos a coordenar os eixos tem\u00e1ticos do programa, mesmo diante de limita\u00e7\u00f5es estruturais. Esse fator humano \u00e9 decisivo para garantir a execu\u00e7\u00e3o eficiente das atividades, o cumprimento dos requisitos e o alcance dos resultados esperados.\r\n\r\nDessa forma, a combina\u00e7\u00e3o entre iniciativas j\u00e1 em curso e a disposi\u00e7\u00e3o institucional para avan\u00e7ar nas \u00e1reas de gest\u00e3o de riscos, \u00e9tica, transpar\u00eancia e capacita\u00e7\u00e3o tornam o munic\u00edpio um candidato com alto potencial para participar e se beneficiar do PCM 2025."},"justificativa":{"2":"","4":"","5":"","7":""},"secretaria":{"14":[""]},"efetivos":{"14":[""]},"comissionados":{"14":[""]},"temporarios":{"14":[""]},"salvar":""}
2025-04-29 11:13:27 - Atualizada resposta para pergunta 1: Quem tomou a iniciativa de inscrever o município no Programa de Certificação Municipal (PCM) 2025 foi o secretário municipal de Administração e Finanças Marcelo Venturini, que descobriu o edital por meio das redes sociais. Ao se deparar com a oportunidade, ele identificou que o programa poderia trazer benefícios relevantes para a gestão pública local, incentivando boas práticas administrativas, maior transparência e melhoria nos serviços prestados à população.

A ideia foi apresentada à administração municipal e, inicialmente, causou curiosidade entre os gestores e servidores. Após uma análise mais detalhada sobre os objetivos e requisitos do PCM 2025, a proposta foi bem recebida. A equipe técnica reconheceu o potencial do programa como uma ferramenta estratégica para o desenvolvimento institucional e aprimoramento das políticas públicas. Servidores de diferentes áreas se mostraram receptivos e dispostos a colaborar na organização dos documentos e cumprimento dos critérios exigidos, o que fortaleceu o engajamento coletivo em torno da iniciativa.
2025-04-29 11:13:27 - Atualizada resposta para pergunta 2: Sim
2025-04-29 11:13:27 - Pergunta 14 (planilha) - Resposta gerada: 
2025-04-29 11:13:28 - Erro validação pergunta 4: Selecione um eixo para a pergunta: Dentre os três eixos temáticos: Gestão de Riscos, Ética, Transparência/Ouvidoria, a serem abordados
no PCM 2025, há algum que a administração do município considere prioritário?
2025-04-29 11:13:28 - Salvamento falhou: Selecione um eixo para a pergunta: Dentre os três eixos temáticos: Gestão de Riscos, Ética, Transparência/Ouvidoria, a serem abordados
no PCM 2025, há algum que a administração do município considere prioritário?
2025-04-29 11:13:28 - Processando pergunta 1, resposta_valor: Quem tomou a iniciativa de inscrever o município no Programa de Certificação Municipal (PCM) 2025 foi o secretário municipal de Administração e Finanças Marcelo Venturini, que descobriu o edital por meio das redes sociais. Ao se deparar com a oportunidade, ele identificou que o programa poderia trazer benefícios relevantes para a gestão pública local, incentivando boas práticas administrativas, maior transparência e melhoria nos serviços prestados à população.

A ideia foi apresentada à administração municipal e, inicialmente, causou curiosidade entre os gestores e servidores. Após uma análise mais detalhada sobre os objetivos e requisitos do PCM 2025, a proposta foi bem recebida. A equipe técnica reconheceu o potencial do programa como uma ferramenta estratégica para o desenvolvimento institucional e aprimoramento das políticas públicas. Servidores de diferentes áreas se mostraram receptivos e dispostos a colaborar na organização dos documentos e cumprimento dos critérios exigidos, o que fortaleceu o engajamento coletivo em torno da iniciativa.
2025-04-29 11:13:28 - Processando pergunta 2, resposta_valor: Sim
2025-04-29 11:13:28 - Pergunta 2 - resposta_sim_nao: Sim, justificativa_valor: 
2025-04-29 11:13:29 - Processando pergunta 14, resposta_valor: 
2025-04-29 11:13:29 - Processando pergunta 4, resposta_valor: 
2025-04-29 11:13:29 - Processando pergunta 5, resposta_valor: 
2025-04-29 11:13:29 - Processando pergunta 6, resposta_valor: 
2025-04-29 11:13:30 - Processando pergunta 7, resposta_valor: 
2025-04-29 11:13:30 - Processando pergunta 8, resposta_valor: 
2025-04-29 11:13:30 - Processando pergunta 9, resposta_valor: 
2025-04-29 11:16:45 - Prefeitura ID: 51
2025-04-29 11:16:45 - Total de perguntas recuperadas: 9
2025-04-29 11:16:45 - Respostas recuperadas: {"1":"O Prefeito.\r\nAtrav\u00e9s de e-mail","2":"Sim","14":"SECRETARIA DE EDUCA\u00c7\u00c3O|707|116|281|1104","4":"N\u00e3o","5":"Sim","6":"20 (vinte) horas semanais","7":"Sim","8":"A falta de salas climatizadas e de equipamentos com c\u00e2meras de v\u00eddeo pode dificultar ou inviabilizar a participa\u00e7\u00e3o em reuni\u00f5es e capacita\u00e7\u00f5es, tanto virtuais quanto presenciais, comprometendo a qualidade das atividades realizadas no \u00e2mbito do Programa.\r\nEsses desafios impactam diretamente a ades\u00e3o, o engajamento e a efetividade das a\u00e7\u00f5es propostas pelo Programa Compliance Municipal 2025, sendo, portanto, pontos cr\u00edticos que precisam ser superados para garantir o sucesso da participa\u00e7\u00e3o do munic\u00edpio.","9":"O munic\u00edpio re\u00fane condi\u00e7\u00f5es para participar do Programa Compliance Municipal 2025 para adotar pr\u00e1ticas de Gest\u00e3o de Riscos, promover a cultura de \u00c9tica e Integridade, fortalecer a Transpar\u00eancia e a Ouvidoria, investir na capacita\u00e7\u00e3o dos servidores e buscar continuamente a melhoria da gest\u00e3o p\u00fablica."}
2025-04-29 11:16:45 - Processando pergunta 1, resposta_valor: O Prefeito.
Através de e-mail
2025-04-29 11:16:45 - Processando pergunta 2, resposta_valor: Sim
2025-04-29 11:16:46 - Pergunta 2 - resposta_sim_nao: Sim, justificativa_valor: 
2025-04-29 11:16:46 - Processando pergunta 14, resposta_valor: SECRETARIA DE EDUCAÇÃO|707|116|281|1104
2025-04-29 11:16:46 - Pergunta 14 (planilha) - linhas brutas: ["SECRETARIA DE EDUCA\u00c7\u00c3O|707|116|281|1104"]
2025-04-29 11:16:46 - Pergunta 14 (planilha) - dados da linha: ["SECRETARIA DE EDUCA\u00c7\u00c3O","707","116","281","1104"]
2025-04-29 11:16:46 - Pergunta 14 (planilha) - planilha_data: [{"secretaria":"SECRETARIA DE EDUCA\u00c7\u00c3O","efetivos":"707","comissionados":"116","temporarios":"281","total_parcial":"1104"}]
2025-04-29 11:16:47 - Processando pergunta 4, resposta_valor: Não
2025-04-29 11:16:47 - Pergunta 4 - resposta_sim_nao: Não, eixo_selecionado: , justificativa_valor: 
2025-04-29 11:16:47 - Processando pergunta 5, resposta_valor: Sim
2025-04-29 11:16:47 - Pergunta 5 - resposta_sim_nao: Sim, justificativa_valor: 
2025-04-29 11:16:47 - Processando pergunta 6, resposta_valor: 20 (vinte) horas semanais
2025-04-29 11:16:48 - Processando pergunta 7, resposta_valor: Sim
2025-04-29 11:16:48 - Pergunta 7 - resposta_sim_nao: Sim, justificativa_valor: 
2025-04-29 11:16:48 - Processando pergunta 8, resposta_valor: A falta de salas climatizadas e de equipamentos com câmeras de vídeo pode dificultar ou inviabilizar a participação em reuniões e capacitações, tanto virtuais quanto presenciais, comprometendo a qualidade das atividades realizadas no âmbito do Programa.
Esses desafios impactam diretamente a adesão, o engajamento e a efetividade das ações propostas pelo Programa Compliance Municipal 2025, sendo, portanto, pontos críticos que precisam ser superados para garantir o sucesso da participação do município.
2025-04-29 11:16:48 - Pergunta 8 - resposta_valor: A falta de salas climatizadas e de equipamentos com câmeras de vídeo pode dificultar ou inviabilizar a participação em reuniões e capacitações, tanto virtuais quanto presenciais, comprometendo a qualidade das atividades realizadas no âmbito do Programa.
Esses desafios impactam diretamente a adesão, o engajamento e a efetividade das ações propostas pelo Programa Compliance Municipal 2025, sendo, portanto, pontos críticos que precisam ser superados para garantir o sucesso da participação do município., outras_respostas_valor: 
2025-04-29 11:16:48 - Processando pergunta 9, resposta_valor: O município reúne condições para participar do Programa Compliance Municipal 2025 para adotar práticas de Gestão de Riscos, promover a cultura de Ética e Integridade, fortalecer a Transparência e a Ouvidoria, investir na capacitação dos servidores e buscar continuamente a melhoria da gestão pública.
2025-04-29 11:31:54 - Prefeitura ID: 42
2025-04-29 11:31:54 - Total de perguntas recuperadas: 9
2025-04-29 11:31:54 - Respostas recuperadas: {"1":"IDEIA INICIADA PELO CONTROLADOR INTERNO; RECEBIDA COMO OPORTUNIDADE DE CONHECIMENTO E CRESCIMENTO EM RESPEITO A GEST\u00c3O PUBLICA DE QUALIDADE.","2":"Sim","14":"ADMINISTRA\u00c7\u00c3O|404|320|242|966","4":"N\u00e3o","5":"Sim","6":"QUANTIDADE NECESSARIA DE HORAS QUE PRECISAR","7":"Sim","8":"TODAS AS SITUA\u00c7\u00d5ES OBSERVADAS APRESENTAM UM POUCO DE DESAFIO PARA IMPLANTA\u00c7\u00c3O DO PCM 2025, CABENDO A ADMINISTRA\u00c7\u00c3O SE ADAPTAR EM RELA\u00c7\u00c3O AO SERVIDORES DISPONIBILIZADOS, ESTANDO ESTES COM FOCO AO MELHOR APROVEITAMENTO DE CADA ASSUNTO ABORDADO DURANTE OS DIAS DE ATIVIDADES.","9":"UMA GEST\u00c3O DE RISCO COM EFIC\u00caNCIA E GOVERNAN\u00c7A MAIS EFICAZ, COM TOMADAS DE DECISOES PRECISAS COM SUCESSO NAS A\u00c7\u00d5ES GOVERNAMENTAIS; UMA ETICA SEGUINDO PRINCIPIOS E PROMOVENDO O INTERESSE PUBLICO COM SENTIDO DE ORIENTAR O GESTOR NOS BONS COSTUMES DE EFICIENCIA E TRANSPARENCIA; UMA TRANSPARENCIA DE QUALIDADE QUE APRESENTE AO CIDADAO INFORMA\u00c7\u00d5ES DE GOVERNO, SENDO ESSE UM IMPORTANTE MEIO DE EVITAR E PREVENIR A TODOS OS TIPOS DE CORRUP\u00c7\u00c3O; TER SERVIDORES MAIS CAPACITADOS SIGNIFICA MAIOR QUALIDADE DOS SERVI\u00c7OS PUBLICOS, COM MAIS RESULTADOS MAIS PRODUTIVOS E EFICIENTES, ESTANDO MAIS MOTIVADO PARA AS TAREFAS DO DIA DIA."}
2025-04-29 11:31:54 - Processando pergunta 1, resposta_valor: IDEIA INICIADA PELO CONTROLADOR INTERNO; RECEBIDA COMO OPORTUNIDADE DE CONHECIMENTO E CRESCIMENTO EM RESPEITO A GESTÃO PUBLICA DE QUALIDADE.
2025-04-29 11:31:54 - Processando pergunta 2, resposta_valor: Sim
2025-04-29 11:31:55 - Pergunta 2 - resposta_sim_nao: Sim, justificativa_valor: 
2025-04-29 11:31:55 - Processando pergunta 14, resposta_valor: ADMINISTRAÇÃO|404|320|242|966
2025-04-29 11:31:55 - Pergunta 14 (planilha) - linhas brutas: ["ADMINISTRA\u00c7\u00c3O|404|320|242|966"]
2025-04-29 11:31:55 - Pergunta 14 (planilha) - dados da linha: ["ADMINISTRA\u00c7\u00c3O","404","320","242","966"]
2025-04-29 11:31:55 - Pergunta 14 (planilha) - planilha_data: [{"secretaria":"ADMINISTRA\u00c7\u00c3O","efetivos":"404","comissionados":"320","temporarios":"242","total_parcial":"966"}]
2025-04-29 11:31:56 - Processando pergunta 4, resposta_valor: Não
2025-04-29 11:31:56 - Pergunta 4 - resposta_sim_nao: Não, eixo_selecionado: , justificativa_valor: 
2025-04-29 11:31:56 - Processando pergunta 5, resposta_valor: Sim
2025-04-29 11:31:56 - Pergunta 5 - resposta_sim_nao: Sim, justificativa_valor: 
2025-04-29 11:31:57 - Processando pergunta 6, resposta_valor: QUANTIDADE NECESSARIA DE HORAS QUE PRECISAR
2025-04-29 11:31:57 - Processando pergunta 7, resposta_valor: Sim
2025-04-29 11:31:57 - Pergunta 7 - resposta_sim_nao: Sim, justificativa_valor: 
2025-04-29 11:31:57 - Processando pergunta 8, resposta_valor: TODAS AS SITUAÇÕES OBSERVADAS APRESENTAM UM POUCO DE DESAFIO PARA IMPLANTAÇÃO DO PCM 2025, CABENDO A ADMINISTRAÇÃO SE ADAPTAR EM RELAÇÃO AO SERVIDORES DISPONIBILIZADOS, ESTANDO ESTES COM FOCO AO MELHOR APROVEITAMENTO DE CADA ASSUNTO ABORDADO DURANTE OS DIAS DE ATIVIDADES.
2025-04-29 11:31:57 - Pergunta 8 - resposta_valor: TODAS AS SITUAÇÕES OBSERVADAS APRESENTAM UM POUCO DE DESAFIO PARA IMPLANTAÇÃO DO PCM 2025, CABENDO A ADMINISTRAÇÃO SE ADAPTAR EM RELAÇÃO AO SERVIDORES DISPONIBILIZADOS, ESTANDO ESTES COM FOCO AO MELHOR APROVEITAMENTO DE CADA ASSUNTO ABORDADO DURANTE OS DIAS DE ATIVIDADES., outras_respostas_valor: 
2025-04-29 11:31:58 - Processando pergunta 9, resposta_valor: UMA GESTÃO DE RISCO COM EFICÊNCIA E GOVERNANÇA MAIS EFICAZ, COM TOMADAS DE DECISOES PRECISAS COM SUCESSO NAS AÇÕES GOVERNAMENTAIS; UMA ETICA SEGUINDO PRINCIPIOS E PROMOVENDO O INTERESSE PUBLICO COM SENTIDO DE ORIENTAR O GESTOR NOS BONS COSTUMES DE EFICIENCIA E TRANSPARENCIA; UMA TRANSPARENCIA DE QUALIDADE QUE APRESENTE AO CIDADAO INFORMAÇÕES DE GOVERNO, SENDO ESSE UM IMPORTANTE MEIO DE EVITAR E PREVENIR A TODOS OS TIPOS DE CORRUPÇÃO; TER SERVIDORES MAIS CAPACITADOS SIGNIFICA MAIOR QUALIDADE DOS SERVIÇOS PUBLICOS, COM MAIS RESULTADOS MAIS PRODUTIVOS E EFICIENTES, ESTANDO MAIS MOTIVADO PARA AS TAREFAS DO DIA DIA.
2025-04-29 11:32:09 - Prefeitura ID: 42
2025-04-29 11:32:09 - Total de perguntas recuperadas: 9
2025-04-29 11:32:09 - Respostas recuperadas: {"1":"IDEIA INICIADA PELO CONTROLADOR INTERNO; RECEBIDA COMO OPORTUNIDADE DE CONHECIMENTO E CRESCIMENTO EM RESPEITO A GEST\u00c3O PUBLICA DE QUALIDADE.","2":"Sim","14":"ADMINISTRA\u00c7\u00c3O|404|320|242|966","4":"N\u00e3o","5":"Sim","6":"QUANTIDADE NECESSARIA DE HORAS QUE PRECISAR","7":"Sim","8":"TODAS AS SITUA\u00c7\u00d5ES OBSERVADAS APRESENTAM UM POUCO DE DESAFIO PARA IMPLANTA\u00c7\u00c3O DO PCM 2025, CABENDO A ADMINISTRA\u00c7\u00c3O SE ADAPTAR EM RELA\u00c7\u00c3O AO SERVIDORES DISPONIBILIZADOS, ESTANDO ESTES COM FOCO AO MELHOR APROVEITAMENTO DE CADA ASSUNTO ABORDADO DURANTE OS DIAS DE ATIVIDADES.","9":"UMA GEST\u00c3O DE RISCO COM EFIC\u00caNCIA E GOVERNAN\u00c7A MAIS EFICAZ, COM TOMADAS DE DECISOES PRECISAS COM SUCESSO NAS A\u00c7\u00d5ES GOVERNAMENTAIS; UMA ETICA SEGUINDO PRINCIPIOS E PROMOVENDO O INTERESSE PUBLICO COM SENTIDO DE ORIENTAR O GESTOR NOS BONS COSTUMES DE EFICIENCIA E TRANSPARENCIA; UMA TRANSPARENCIA DE QUALIDADE QUE APRESENTE AO CIDADAO INFORMA\u00c7\u00d5ES DE GOVERNO, SENDO ESSE UM IMPORTANTE MEIO DE EVITAR E PREVENIR A TODOS OS TIPOS DE CORRUP\u00c7\u00c3O; TER SERVIDORES MAIS CAPACITADOS SIGNIFICA MAIOR QUALIDADE DOS SERVI\u00c7OS PUBLICOS, COM MAIS RESULTADOS MAIS PRODUTIVOS E EFICIENTES, ESTANDO MAIS MOTIVADO PARA AS TAREFAS DO DIA DIA."}
2025-04-29 11:32:10 - Processando pergunta 1, resposta_valor: IDEIA INICIADA PELO CONTROLADOR INTERNO; RECEBIDA COMO OPORTUNIDADE DE CONHECIMENTO E CRESCIMENTO EM RESPEITO A GESTÃO PUBLICA DE QUALIDADE.
2025-04-29 11:32:10 - Processando pergunta 2, resposta_valor: Sim
2025-04-29 11:32:10 - Pergunta 2 - resposta_sim_nao: Sim, justificativa_valor: 
2025-04-29 11:32:10 - Processando pergunta 14, resposta_valor: ADMINISTRAÇÃO|404|320|242|966
2025-04-29 11:32:11 - Pergunta 14 (planilha) - linhas brutas: ["ADMINISTRA\u00c7\u00c3O|404|320|242|966"]
2025-04-29 11:32:11 - Pergunta 14 (planilha) - dados da linha: ["ADMINISTRA\u00c7\u00c3O","404","320","242","966"]
2025-04-29 11:32:11 - Pergunta 14 (planilha) - planilha_data: [{"secretaria":"ADMINISTRA\u00c7\u00c3O","efetivos":"404","comissionados":"320","temporarios":"242","total_parcial":"966"}]
2025-04-29 11:32:11 - Processando pergunta 4, resposta_valor: Não
2025-04-29 11:32:11 - Pergunta 4 - resposta_sim_nao: Não, eixo_selecionado: , justificativa_valor: 
2025-04-29 11:32:12 - Processando pergunta 5, resposta_valor: Sim
2025-04-29 11:32:12 - Pergunta 5 - resposta_sim_nao: Sim, justificativa_valor: 
2025-04-29 11:32:12 - Processando pergunta 6, resposta_valor: QUANTIDADE NECESSARIA DE HORAS QUE PRECISAR
2025-04-29 11:32:12 - Processando pergunta 7, resposta_valor: Sim
2025-04-29 11:32:12 - Pergunta 7 - resposta_sim_nao: Sim, justificativa_valor: 
2025-04-29 11:32:13 - Processando pergunta 8, resposta_valor: TODAS AS SITUAÇÕES OBSERVADAS APRESENTAM UM POUCO DE DESAFIO PARA IMPLANTAÇÃO DO PCM 2025, CABENDO A ADMINISTRAÇÃO SE ADAPTAR EM RELAÇÃO AO SERVIDORES DISPONIBILIZADOS, ESTANDO ESTES COM FOCO AO MELHOR APROVEITAMENTO DE CADA ASSUNTO ABORDADO DURANTE OS DIAS DE ATIVIDADES.
2025-04-29 11:32:13 - Pergunta 8 - resposta_valor: TODAS AS SITUAÇÕES OBSERVADAS APRESENTAM UM POUCO DE DESAFIO PARA IMPLANTAÇÃO DO PCM 2025, CABENDO A ADMINISTRAÇÃO SE ADAPTAR EM RELAÇÃO AO SERVIDORES DISPONIBILIZADOS, ESTANDO ESTES COM FOCO AO MELHOR APROVEITAMENTO DE CADA ASSUNTO ABORDADO DURANTE OS DIAS DE ATIVIDADES., outras_respostas_valor: 
2025-04-29 11:32:13 - Processando pergunta 9, resposta_valor: UMA GESTÃO DE RISCO COM EFICÊNCIA E GOVERNANÇA MAIS EFICAZ, COM TOMADAS DE DECISOES PRECISAS COM SUCESSO NAS AÇÕES GOVERNAMENTAIS; UMA ETICA SEGUINDO PRINCIPIOS E PROMOVENDO O INTERESSE PUBLICO COM SENTIDO DE ORIENTAR O GESTOR NOS BONS COSTUMES DE EFICIENCIA E TRANSPARENCIA; UMA TRANSPARENCIA DE QUALIDADE QUE APRESENTE AO CIDADAO INFORMAÇÕES DE GOVERNO, SENDO ESSE UM IMPORTANTE MEIO DE EVITAR E PREVENIR A TODOS OS TIPOS DE CORRUPÇÃO; TER SERVIDORES MAIS CAPACITADOS SIGNIFICA MAIOR QUALIDADE DOS SERVIÇOS PUBLICOS, COM MAIS RESULTADOS MAIS PRODUTIVOS E EFICIENTES, ESTANDO MAIS MOTIVADO PARA AS TAREFAS DO DIA DIA.
2025-04-29 13:08:08 - Prefeitura ID: 51
2025-04-29 13:08:08 - Total de perguntas recuperadas: 9
2025-04-29 13:08:08 - Respostas recuperadas: {"1":"O Prefeito.\r\nAtrav\u00e9s de e-mail","2":"Sim","14":"SECRETARIA DE EDUCA\u00c7\u00c3O|707|116|281|1104","4":"N\u00e3o","5":"Sim","6":"20 (vinte) horas semanais","7":"Sim","8":"A falta de salas climatizadas e de equipamentos com c\u00e2meras de v\u00eddeo pode dificultar ou inviabilizar a participa\u00e7\u00e3o em reuni\u00f5es e capacita\u00e7\u00f5es, tanto virtuais quanto presenciais, comprometendo a qualidade das atividades realizadas no \u00e2mbito do Programa.\r\nEsses desafios impactam diretamente a ades\u00e3o, o engajamento e a efetividade das a\u00e7\u00f5es propostas pelo Programa Compliance Municipal 2025, sendo, portanto, pontos cr\u00edticos que precisam ser superados para garantir o sucesso da participa\u00e7\u00e3o do munic\u00edpio.","9":"O munic\u00edpio re\u00fane condi\u00e7\u00f5es para participar do Programa Compliance Municipal 2025 para adotar pr\u00e1ticas de Gest\u00e3o de Riscos, promover a cultura de \u00c9tica e Integridade, fortalecer a Transpar\u00eancia e a Ouvidoria, investir na capacita\u00e7\u00e3o dos servidores e buscar continuamente a melhoria da gest\u00e3o p\u00fablica."}
2025-04-29 13:08:08 - Processando pergunta 1, resposta_valor: O Prefeito.
Através de e-mail
2025-04-29 13:08:08 - Processando pergunta 2, resposta_valor: Sim
2025-04-29 13:08:09 - Pergunta 2 - resposta_sim_nao: Sim, justificativa_valor: 
2025-04-29 13:08:09 - Processando pergunta 14, resposta_valor: SECRETARIA DE EDUCAÇÃO|707|116|281|1104
2025-04-29 13:08:09 - Pergunta 14 (planilha) - linhas brutas: ["SECRETARIA DE EDUCA\u00c7\u00c3O|707|116|281|1104"]
2025-04-29 13:08:09 - Pergunta 14 (planilha) - dados da linha: ["SECRETARIA DE EDUCA\u00c7\u00c3O","707","116","281","1104"]
2025-04-29 13:08:10 - Pergunta 14 (planilha) - planilha_data: [{"secretaria":"SECRETARIA DE EDUCA\u00c7\u00c3O","efetivos":"707","comissionados":"116","temporarios":"281","total_parcial":"1104"}]
2025-04-29 13:08:10 - Processando pergunta 4, resposta_valor: Não
2025-04-29 13:08:10 - Pergunta 4 - resposta_sim_nao: Não, eixo_selecionado: , justificativa_valor: 
2025-04-29 13:08:10 - Processando pergunta 5, resposta_valor: Sim
2025-04-29 13:08:10 - Pergunta 5 - resposta_sim_nao: Sim, justificativa_valor: 
2025-04-29 13:08:11 - Processando pergunta 6, resposta_valor: 20 (vinte) horas semanais
2025-04-29 13:08:11 - Processando pergunta 7, resposta_valor: Sim
2025-04-29 13:08:11 - Pergunta 7 - resposta_sim_nao: Sim, justificativa_valor: 
2025-04-29 13:08:11 - Processando pergunta 8, resposta_valor: A falta de salas climatizadas e de equipamentos com câmeras de vídeo pode dificultar ou inviabilizar a participação em reuniões e capacitações, tanto virtuais quanto presenciais, comprometendo a qualidade das atividades realizadas no âmbito do Programa.
Esses desafios impactam diretamente a adesão, o engajamento e a efetividade das ações propostas pelo Programa Compliance Municipal 2025, sendo, portanto, pontos críticos que precisam ser superados para garantir o sucesso da participação do município.
2025-04-29 13:08:11 - Pergunta 8 - resposta_valor: A falta de salas climatizadas e de equipamentos com câmeras de vídeo pode dificultar ou inviabilizar a participação em reuniões e capacitações, tanto virtuais quanto presenciais, comprometendo a qualidade das atividades realizadas no âmbito do Programa.
Esses desafios impactam diretamente a adesão, o engajamento e a efetividade das ações propostas pelo Programa Compliance Municipal 2025, sendo, portanto, pontos críticos que precisam ser superados para garantir o sucesso da participação do município., outras_respostas_valor: 
2025-04-29 13:08:12 - Processando pergunta 9, resposta_valor: O município reúne condições para participar do Programa Compliance Municipal 2025 para adotar práticas de Gestão de Riscos, promover a cultura de Ética e Integridade, fortalecer a Transparência e a Ouvidoria, investir na capacitação dos servidores e buscar continuamente a melhoria da gestão pública.
2025-04-29 13:11:40 - Prefeitura ID: 61
2025-04-29 13:11:40 - Total de perguntas recuperadas: 9
2025-04-29 13:11:40 - Respostas recuperadas: {"1":"Levando em considera\u00e7\u00e3o que somos uma nova gest\u00e3o e com mentalidade diferente, visando um mandato transparente, o Prefeito achou important\u00edssimo esse evento para a capacita\u00e7\u00e3o dos colaboradores. A iniciativa foi repassado por ele, onde realizamos nossa inscri\u00e7\u00e3o.","2":"Sim"}
2025-04-29 13:11:40 - Processando pergunta 1, resposta_valor: Levando em consideração que somos uma nova gestão e com mentalidade diferente, visando um mandato transparente, o Prefeito achou importantíssimo esse evento para a capacitação dos colaboradores. A iniciativa foi repassado por ele, onde realizamos nossa inscrição.
2025-04-29 13:11:40 - Processando pergunta 2, resposta_valor: Sim
2025-04-29 13:11:40 - Pergunta 2 - resposta_sim_nao: Sim, justificativa_valor: 
2025-04-29 13:11:40 - Processando pergunta 14, resposta_valor: 
2025-04-29 13:11:41 - Processando pergunta 4, resposta_valor: 
2025-04-29 13:11:41 - Processando pergunta 5, resposta_valor: 
2025-04-29 13:11:41 - Processando pergunta 6, resposta_valor: 
2025-04-29 13:11:41 - Processando pergunta 7, resposta_valor: 
2025-04-29 13:11:41 - Processando pergunta 8, resposta_valor: 
2025-04-29 13:11:41 - Processando pergunta 9, resposta_valor: 
2025-04-29 13:12:06 - Prefeitura ID: 61
2025-04-29 13:12:06 - Total de perguntas recuperadas: 9
2025-04-29 13:12:06 - Respostas recuperadas: {"1":"Levando em considera\u00e7\u00e3o que somos uma nova gest\u00e3o e com mentalidade diferente, visando um mandato transparente, o Prefeito achou important\u00edssimo esse evento para a capacita\u00e7\u00e3o dos colaboradores. A iniciativa foi repassado por ele, onde realizamos nossa inscri\u00e7\u00e3o.","2":"Sim"}
2025-04-29 13:12:06 - Processando pergunta 1, resposta_valor: Levando em consideração que somos uma nova gestão e com mentalidade diferente, visando um mandato transparente, o Prefeito achou importantíssimo esse evento para a capacitação dos colaboradores. A iniciativa foi repassado por ele, onde realizamos nossa inscrição.
2025-04-29 13:12:07 - Processando pergunta 2, resposta_valor: Sim
2025-04-29 13:12:07 - Pergunta 2 - resposta_sim_nao: Sim, justificativa_valor: 
2025-04-29 13:12:07 - Processando pergunta 14, resposta_valor: 
2025-04-29 13:12:07 - Processando pergunta 4, resposta_valor: 
2025-04-29 13:12:07 - Processando pergunta 5, resposta_valor: 
2025-04-29 13:12:07 - Processando pergunta 6, resposta_valor: 
2025-04-29 13:12:07 - Processando pergunta 7, resposta_valor: 
2025-04-29 13:12:07 - Processando pergunta 8, resposta_valor: 
2025-04-29 13:12:07 - Processando pergunta 9, resposta_valor: 
2025-04-29 13:15:37 - Prefeitura ID: 51
2025-04-29 13:15:37 - Total de perguntas recuperadas: 9
2025-04-29 13:15:37 - Respostas recuperadas: {"1":"O Prefeito.\r\nAtrav\u00e9s de e-mail","2":"Sim","14":"SECRETARIA DE EDUCA\u00c7\u00c3O|707|116|281|1104","4":"N\u00e3o","5":"Sim","6":"20 (vinte) horas semanais","7":"Sim","8":"A falta de salas climatizadas e de equipamentos com c\u00e2meras de v\u00eddeo pode dificultar ou inviabilizar a participa\u00e7\u00e3o em reuni\u00f5es e capacita\u00e7\u00f5es, tanto virtuais quanto presenciais, comprometendo a qualidade das atividades realizadas no \u00e2mbito do Programa.\r\nEsses desafios impactam diretamente a ades\u00e3o, o engajamento e a efetividade das a\u00e7\u00f5es propostas pelo Programa Compliance Municipal 2025, sendo, portanto, pontos cr\u00edticos que precisam ser superados para garantir o sucesso da participa\u00e7\u00e3o do munic\u00edpio.","9":"O munic\u00edpio re\u00fane condi\u00e7\u00f5es para participar do Programa Compliance Municipal 2025 para adotar pr\u00e1ticas de Gest\u00e3o de Riscos, promover a cultura de \u00c9tica e Integridade, fortalecer a Transpar\u00eancia e a Ouvidoria, investir na capacita\u00e7\u00e3o dos servidores e buscar continuamente a melhoria da gest\u00e3o p\u00fablica."}
2025-04-29 13:15:38 - Processando pergunta 1, resposta_valor: O Prefeito.
Através de e-mail
2025-04-29 13:15:38 - Processando pergunta 2, resposta_valor: Sim
2025-04-29 13:15:38 - Pergunta 2 - resposta_sim_nao: Sim, justificativa_valor: 
2025-04-29 13:15:38 - Processando pergunta 14, resposta_valor: SECRETARIA DE EDUCAÇÃO|707|116|281|1104
2025-04-29 13:15:39 - Pergunta 14 (planilha) - linhas brutas: ["SECRETARIA DE EDUCA\u00c7\u00c3O|707|116|281|1104"]
2025-04-29 13:15:39 - Pergunta 14 (planilha) - dados da linha: ["SECRETARIA DE EDUCA\u00c7\u00c3O","707","116","281","1104"]
2025-04-29 13:15:39 - Pergunta 14 (planilha) - planilha_data: [{"secretaria":"SECRETARIA DE EDUCA\u00c7\u00c3O","efetivos":"707","comissionados":"116","temporarios":"281","total_parcial":"1104"}]
2025-04-29 13:15:39 - Processando pergunta 4, resposta_valor: Não
2025-04-29 13:15:39 - Pergunta 4 - resposta_sim_nao: Não, eixo_selecionado: , justificativa_valor: 
2025-04-29 13:15:40 - Processando pergunta 5, resposta_valor: Sim
2025-04-29 13:15:40 - Pergunta 5 - resposta_sim_nao: Sim, justificativa_valor: 
2025-04-29 13:15:40 - Processando pergunta 6, resposta_valor: 20 (vinte) horas semanais
2025-04-29 13:15:40 - Processando pergunta 7, resposta_valor: Sim
2025-04-29 13:15:40 - Pergunta 7 - resposta_sim_nao: Sim, justificativa_valor: 
2025-04-29 13:15:41 - Processando pergunta 8, resposta_valor: A falta de salas climatizadas e de equipamentos com câmeras de vídeo pode dificultar ou inviabilizar a participação em reuniões e capacitações, tanto virtuais quanto presenciais, comprometendo a qualidade das atividades realizadas no âmbito do Programa.
Esses desafios impactam diretamente a adesão, o engajamento e a efetividade das ações propostas pelo Programa Compliance Municipal 2025, sendo, portanto, pontos críticos que precisam ser superados para garantir o sucesso da participação do município.
2025-04-29 13:15:41 - Pergunta 8 - resposta_valor: A falta de salas climatizadas e de equipamentos com câmeras de vídeo pode dificultar ou inviabilizar a participação em reuniões e capacitações, tanto virtuais quanto presenciais, comprometendo a qualidade das atividades realizadas no âmbito do Programa.
Esses desafios impactam diretamente a adesão, o engajamento e a efetividade das ações propostas pelo Programa Compliance Municipal 2025, sendo, portanto, pontos críticos que precisam ser superados para garantir o sucesso da participação do município., outras_respostas_valor: 
2025-04-29 13:15:41 - Processando pergunta 9, resposta_valor: O município reúne condições para participar do Programa Compliance Municipal 2025 para adotar práticas de Gestão de Riscos, promover a cultura de Ética e Integridade, fortalecer a Transparência e a Ouvidoria, investir na capacitação dos servidores e buscar continuamente a melhoria da gestão pública.
2025-04-29 13:21:23 - Prefeitura ID: 61
2025-04-29 13:21:23 - Total de perguntas recuperadas: 9
2025-04-29 13:21:23 - Respostas recuperadas: {"1":"Levando em considera\u00e7\u00e3o que somos uma nova gest\u00e3o e com mentalidade diferente, visando um mandato transparente, o Prefeito achou important\u00edssimo esse evento para a capacita\u00e7\u00e3o dos colaboradores. A iniciativa foi repassado por ele, onde realizamos nossa inscri\u00e7\u00e3o.","2":"Sim"}
2025-04-29 13:21:23 - Formulário enviado: {"resposta":{"1":"Levando em considera\u00e7\u00e3o que somos uma nova gest\u00e3o e com mentalidade diferente, visando um mandato transparente, o Prefeito achou important\u00edssimo esse evento para a capacita\u00e7\u00e3o dos colaboradores. A iniciativa foi repassado por ele, onde realizamos nossa inscri\u00e7\u00e3o.","2":{"sim_nao":"Sim"},"4":{"sim_nao":"Sim","eixo":""},"5":"Sim","6":"3","7":{"sim_nao":"Sim"},"8":"equipamentos de inform\u00e1tica com c\u00e2meras de v\u00eddeo para as reuni\u00f5es virtuais e presenciais.","9":"A jun\u00e7\u00e3o da expectativa da nova gest\u00e3o de encontro com a tem\u00e1tica do PCM 2025"},"justificativa":{"2":"","4":"","5":"","7":""},"secretaria":{"14":["Total"]},"efetivos":{"14":["136"]},"comissionados":{"14":["205"]},"temporarios":{"14":["18"]},"salvar":""}
2025-04-29 13:21:23 - Atualizada resposta para pergunta 1: Levando em consideração que somos uma nova gestão e com mentalidade diferente, visando um mandato transparente, o Prefeito achou importantíssimo esse evento para a capacitação dos colaboradores. A iniciativa foi repassado por ele, onde realizamos nossa inscrição.
2025-04-29 13:21:23 - Atualizada resposta para pergunta 2: Sim
2025-04-29 13:21:23 - Pergunta 14 (planilha) - Resposta gerada: Total|136|205|18|359
2025-04-29 13:21:23 - Inserida resposta para pergunta 14: Total|136|205|18|359
2025-04-29 13:21:23 - Erro validação pergunta 4: Selecione um eixo para a pergunta: Dentre os três eixos temáticos: Gestão de Riscos, Ética, Transparência/Ouvidoria, a serem abordados
no PCM 2025, há algum que a administração do município considere prioritário?
2025-04-29 13:21:23 - Salvamento falhou: Selecione um eixo para a pergunta: Dentre os três eixos temáticos: Gestão de Riscos, Ética, Transparência/Ouvidoria, a serem abordados
no PCM 2025, há algum que a administração do município considere prioritário?
2025-04-29 13:21:23 - Processando pergunta 1, resposta_valor: Levando em consideração que somos uma nova gestão e com mentalidade diferente, visando um mandato transparente, o Prefeito achou importantíssimo esse evento para a capacitação dos colaboradores. A iniciativa foi repassado por ele, onde realizamos nossa inscrição.
2025-04-29 13:21:23 - Processando pergunta 2, resposta_valor: Sim
2025-04-29 13:21:23 - Pergunta 2 - resposta_sim_nao: Sim, justificativa_valor: 
2025-04-29 13:21:24 - Processando pergunta 14, resposta_valor: 
2025-04-29 13:21:24 - Processando pergunta 4, resposta_valor: 
2025-04-29 13:21:24 - Processando pergunta 5, resposta_valor: 
2025-04-29 13:21:24 - Processando pergunta 6, resposta_valor: 
2025-04-29 13:21:24 - Processando pergunta 7, resposta_valor: 
2025-04-29 13:21:24 - Processando pergunta 8, resposta_valor: 
2025-04-29 13:21:24 - Processando pergunta 9, resposta_valor: 
2025-04-29 13:26:35 - Prefeitura ID: 65
2025-04-29 13:26:35 - Total de perguntas recuperadas: 9
2025-04-29 13:26:35 - Respostas recuperadas: {"1":"WENDERSON DE ASSIS RODRIGUES","2":"Sim"}
2025-04-29 13:26:35 - Processando pergunta 1, resposta_valor: WENDERSON DE ASSIS RODRIGUES
2025-04-29 13:26:35 - Processando pergunta 2, resposta_valor: Sim
2025-04-29 13:26:35 - Pergunta 2 - resposta_sim_nao: Sim, justificativa_valor: 
2025-04-29 13:26:35 - Processando pergunta 14, resposta_valor: 
2025-04-29 13:26:35 - Processando pergunta 4, resposta_valor: 
2025-04-29 13:26:35 - Processando pergunta 5, resposta_valor: 
2025-04-29 13:26:35 - Processando pergunta 6, resposta_valor: 
2025-04-29 13:26:36 - Processando pergunta 7, resposta_valor: 
2025-04-29 13:26:36 - Processando pergunta 8, resposta_valor: 
2025-04-29 13:26:36 - Processando pergunta 9, resposta_valor: 
2025-04-29 13:28:41 - Prefeitura ID: 65
2025-04-29 13:28:41 - Total de perguntas recuperadas: 9
2025-04-29 13:28:41 - Respostas recuperadas: {"1":"WENDERSON DE ASSIS RODRIGUES","2":"Sim"}
2025-04-29 13:28:41 - Processando pergunta 1, resposta_valor: WENDERSON DE ASSIS RODRIGUES
2025-04-29 13:28:41 - Processando pergunta 2, resposta_valor: Sim
2025-04-29 13:28:41 - Pergunta 2 - resposta_sim_nao: Sim, justificativa_valor: 
2025-04-29 13:28:41 - Processando pergunta 14, resposta_valor: 
2025-04-29 13:28:41 - Processando pergunta 4, resposta_valor: 
2025-04-29 13:28:41 - Processando pergunta 5, resposta_valor: 
2025-04-29 13:28:41 - Processando pergunta 6, resposta_valor: 
2025-04-29 13:28:41 - Processando pergunta 7, resposta_valor: 
2025-04-29 13:28:42 - Processando pergunta 8, resposta_valor: 
2025-04-29 13:28:42 - Processando pergunta 9, resposta_valor: 
2025-04-29 13:30:45 - Prefeitura ID: 64
2025-04-29 13:30:46 - Total de perguntas recuperadas: 9
2025-04-29 13:30:46 - Respostas recuperadas: {"1":"A secret\u00e1ria Municipal de Educa\u00e7\u00e3o juntamente com o prefeito. A ideia foi vista como uma oportunidade de melhoria do servi\u00e7o p\u00fablico municipal evoluindo a cada dia  o nosso munic\u00edpio.","2":"Sim"}
2025-04-29 13:30:46 - Processando pergunta 1, resposta_valor: A secretária Municipal de Educação juntamente com o prefeito. A ideia foi vista como uma oportunidade de melhoria do serviço público municipal evoluindo a cada dia  o nosso município.
2025-04-29 13:30:46 - Processando pergunta 2, resposta_valor: Sim
2025-04-29 13:30:46 - Pergunta 2 - resposta_sim_nao: Sim, justificativa_valor: 
2025-04-29 13:30:46 - Processando pergunta 14, resposta_valor: 
2025-04-29 13:30:46 - Processando pergunta 4, resposta_valor: 
2025-04-29 13:30:46 - Processando pergunta 5, resposta_valor: 
2025-04-29 13:30:46 - Processando pergunta 6, resposta_valor: 
2025-04-29 13:30:46 - Processando pergunta 7, resposta_valor: 
2025-04-29 13:30:46 - Processando pergunta 8, resposta_valor: 
2025-04-29 13:30:46 - Processando pergunta 9, resposta_valor: 
2025-04-29 13:32:47 - Prefeitura ID: 45
2025-04-29 13:32:47 - Total de perguntas recuperadas: 9
2025-04-29 13:32:47 - Respostas recuperadas: {"1":"Ficamos sabendo do Programa de Compliance Municipal por meio do convite recebido via e-mail e tamb\u00e9m atrav\u00e9s do presidente da FGM, Paulo Vitor Avelar, que \u00e9 o prefeito de nosso munic\u00edpio e teve a iniciativa de participar","2":"Sim"}
2025-04-29 13:32:48 - Processando pergunta 1, resposta_valor: Ficamos sabendo do Programa de Compliance Municipal por meio do convite recebido via e-mail e também através do presidente da FGM, Paulo Vitor Avelar, que é o prefeito de nosso município e teve a iniciativa de participar
2025-04-29 13:32:48 - Processando pergunta 2, resposta_valor: Sim
2025-04-29 13:32:48 - Pergunta 2 - resposta_sim_nao: Sim, justificativa_valor: 
2025-04-29 13:32:48 - Processando pergunta 14, resposta_valor: 
2025-04-29 13:32:48 - Processando pergunta 4, resposta_valor: 
2025-04-29 13:32:49 - Processando pergunta 5, resposta_valor: 
2025-04-29 13:32:49 - Processando pergunta 6, resposta_valor: 
2025-04-29 13:32:49 - Processando pergunta 7, resposta_valor: 
2025-04-29 13:32:49 - Processando pergunta 8, resposta_valor: 
2025-04-29 13:32:49 - Processando pergunta 9, resposta_valor: 
2025-04-29 13:56:09 - Prefeitura ID: 45
2025-04-29 13:56:09 - Total de perguntas recuperadas: 9
2025-04-29 13:56:09 - Respostas recuperadas: {"1":"Ficamos sabendo do Programa de Compliance Municipal por meio do convite recebido via e-mail e tamb\u00e9m atrav\u00e9s do presidente da FGM, Paulo Vitor Avelar, que \u00e9 o prefeito de nosso munic\u00edpio e teve a iniciativa de participar","2":"Sim"}
2025-04-29 13:56:09 - Formulário enviado: {"resposta":{"1":"Ficamos sabendo do Programa de Compliance Municipal por meio do convite recebido via e-mail e tamb\u00e9m atrav\u00e9s do presidente da FGM, Paulo Vitor Avelar, que \u00e9 o prefeito de nosso munic\u00edpio e teve a iniciativa de participar","2":{"sim_nao":"Sim"},"4":{"sim_nao":"N\u00e3o","eixo":""},"5":"Sim","6":"Em m\u00e9dia 04-06 horas semanais, podendo variar conforme a necessidade","7":{"sim_nao":"Sim"},"8":"A infraestrutura representa um desafio, devido \u00e0  insufici\u00eancia de equipamentos adequados, como c\u00e2meras de v\u00eddeo e \u00e1udio, que s\u00e3o essenciais para garantir a qualidade das reuni\u00f5es virtuais e presenciais. Contudo, estamos comprometidos em superar esses obst\u00e1culos e buscar solu\u00e7\u00f5es que assegurem a participa\u00e7\u00e3o plena e o sucesso de Jaragu\u00e1\/GO no PCM 2025.","9":"As principais raz\u00f5es para que Jaragu\u00e1\/GO seja selecionado para participar do PCM 2025 est\u00e3o relacionadas ao avan\u00e7o cont\u00ednuo da administra\u00e7\u00e3o municipal em \u00e1reas fundamentais para a boa gest\u00e3o p\u00fablica. O munic\u00edpio j\u00e1 vem implementando pr\u00e1ticas de Gest\u00e3o de Riscos, identificando e mitigando poss\u00edveis obst\u00e1culos com o objetivo de garantir a continuidade e efici\u00eancia das a\u00e7\u00f5es p\u00fablicas. Al\u00e9m disso, a \u00e9tica tem sido um princ\u00edpio norteador, promovendo uma gest\u00e3o transparente e respons\u00e1vel em todas as suas a\u00e7\u00f5es.\r\n\r\nA transpar\u00eancia e a ouvidoria tamb\u00e9m s\u00e3o pilares importantes na administra\u00e7\u00e3o de Jaragu\u00e1\/GO. O munic\u00edpio tem se esfor\u00e7ado para garantir que as informa\u00e7\u00f5es p\u00fablicas sejam acess\u00edveis, al\u00e9m de incentivar a participa\u00e7\u00e3o cidad\u00e3 e o controle social por meio de canais de comunica\u00e7\u00e3o eficientes.\r\n\r\nOutro ponto forte \u00e9 o investimento cont\u00ednuo em capacita\u00e7\u00e3o dos servidores p\u00fablicos, promovendo o desenvolvimento profissional e a qualifica\u00e7\u00e3o dos colaboradores para uma gest\u00e3o mais eficiente e inovadora. Esses aspectos, aliados \u00e0 determina\u00e7\u00e3o da administra\u00e7\u00e3o em aprimorar ainda mais suas pr\u00e1ticas, tornam Jaragu\u00e1\/GO um candidato ideal para integrar o PCM 2025 e continuar seu caminho de transforma\u00e7\u00e3o e excel\u00eancia na gest\u00e3o p\u00fablica."},"justificativa":{"2":"","4":"","5":"","7":""},"secretaria":{"14":["Munic\u00edpio de Jaragu\u00e1"]},"efetivos":{"14":[""]},"comissionados":{"14":[""]},"temporarios":{"14":["0"]},"salvar":""}
2025-04-29 13:56:10 - Atualizada resposta para pergunta 1: Ficamos sabendo do Programa de Compliance Municipal por meio do convite recebido via e-mail e também através do presidente da FGM, Paulo Vitor Avelar, que é o prefeito de nosso município e teve a iniciativa de participar
2025-04-29 13:56:10 - Atualizada resposta para pergunta 2: Sim
2025-04-29 13:56:10 - Pergunta 14 (planilha) - Resposta gerada: Município de Jaraguá|0|0|0|0
2025-04-29 13:56:10 - Inserida resposta para pergunta 14: Município de Jaraguá|0|0|0|0
2025-04-29 13:56:10 - Inserida resposta para pergunta 4: Não
2025-04-29 13:56:11 - Inserida resposta para pergunta 5: Sim
2025-04-29 13:56:11 - Inserida resposta para pergunta 6: Em média 04-06 horas semanais, podendo variar conforme a necessidade
2025-04-29 13:56:11 - Inserida resposta para pergunta 7: Sim
2025-04-29 13:56:11 - Inserida resposta para pergunta 8: A infraestrutura representa um desafio, devido à  insuficiência de equipamentos adequados, como câmeras de vídeo e áudio, que são essenciais para garantir a qualidade das reuniões virtuais e presenciais. Contudo, estamos comprometidos em superar esses obstáculos e buscar soluções que assegurem a participação plena e o sucesso de Jaraguá/GO no PCM 2025.
2025-04-29 13:56:11 - Inserida resposta para pergunta 9: As principais razões para que Jaraguá/GO seja selecionado para participar do PCM 2025 estão relacionadas ao avanço contínuo da administração municipal em áreas fundamentais para a boa gestão pública. O município já vem implementando práticas de Gestão de Riscos, identificando e mitigando possíveis obstáculos com o objetivo de garantir a continuidade e eficiência das ações públicas. Além disso, a ética tem sido um princípio norteador, promovendo uma gestão transparente e responsável em todas as suas ações.

A transparência e a ouvidoria também são pilares importantes na administração de Jaraguá/GO. O município tem se esforçado para garantir que as informações públicas sejam acessíveis, além de incentivar a participação cidadã e o controle social por meio de canais de comunicação eficientes.

Outro ponto forte é o investimento contínuo em capacitação dos servidores públicos, promovendo o desenvolvimento profissional e a qualificação dos colaboradores para uma gestão mais eficiente e inovadora. Esses aspectos, aliados à determinação da administração em aprimorar ainda mais suas práticas, tornam Jaraguá/GO um candidato ideal para integrar o PCM 2025 e continuar seu caminho de transformação e excelência na gestão pública.
2025-04-29 13:56:12 - Salvamento concluído com sucesso
2025-04-29 13:56:12 - Prefeitura ID: 45
2025-04-29 13:56:12 - Total de perguntas recuperadas: 9
2025-04-29 13:56:12 - Respostas recuperadas: {"1":"Ficamos sabendo do Programa de Compliance Municipal por meio do convite recebido via e-mail e tamb\u00e9m atrav\u00e9s do presidente da FGM, Paulo Vitor Avelar, que \u00e9 o prefeito de nosso munic\u00edpio e teve a iniciativa de participar","2":"Sim","14":"Munic\u00edpio de Jaragu\u00e1|0|0|0|0","4":"N\u00e3o","5":"Sim","6":"Em m\u00e9dia 04-06 horas semanais, podendo variar conforme a necessidade","7":"Sim","8":"A infraestrutura representa um desafio, devido \u00e0  insufici\u00eancia de equipamentos adequados, como c\u00e2meras de v\u00eddeo e \u00e1udio, que s\u00e3o essenciais para garantir a qualidade das reuni\u00f5es virtuais e presenciais. Contudo, estamos comprometidos em superar esses obst\u00e1culos e buscar solu\u00e7\u00f5es que assegurem a participa\u00e7\u00e3o plena e o sucesso de Jaragu\u00e1\/GO no PCM 2025.","9":"As principais raz\u00f5es para que Jaragu\u00e1\/GO seja selecionado para participar do PCM 2025 est\u00e3o relacionadas ao avan\u00e7o cont\u00ednuo da administra\u00e7\u00e3o municipal em \u00e1reas fundamentais para a boa gest\u00e3o p\u00fablica. O munic\u00edpio j\u00e1 vem implementando pr\u00e1ticas de Gest\u00e3o de Riscos, identificando e mitigando poss\u00edveis obst\u00e1culos com o objetivo de garantir a continuidade e efici\u00eancia das a\u00e7\u00f5es p\u00fablicas. Al\u00e9m disso, a \u00e9tica tem sido um princ\u00edpio norteador, promovendo uma gest\u00e3o transparente e respons\u00e1vel em todas as suas a\u00e7\u00f5es.\r\n\r\nA transpar\u00eancia e a ouvidoria tamb\u00e9m s\u00e3o pilares importantes na administra\u00e7\u00e3o de Jaragu\u00e1\/GO. O munic\u00edpio tem se esfor\u00e7ado para garantir que as informa\u00e7\u00f5es p\u00fablicas sejam acess\u00edveis, al\u00e9m de incentivar a participa\u00e7\u00e3o cidad\u00e3 e o controle social por meio de canais de comunica\u00e7\u00e3o eficientes.\r\n\r\nOutro ponto forte \u00e9 o investimento cont\u00ednuo em capacita\u00e7\u00e3o dos servidores p\u00fablicos, promovendo o desenvolvimento profissional e a qualifica\u00e7\u00e3o dos colaboradores para uma gest\u00e3o mais eficiente e inovadora. Esses aspectos, aliados \u00e0 determina\u00e7\u00e3o da administra\u00e7\u00e3o em aprimorar ainda mais suas pr\u00e1ticas, tornam Jaragu\u00e1\/GO um candidato ideal para integrar o PCM 2025 e continuar seu caminho de transforma\u00e7\u00e3o e excel\u00eancia na gest\u00e3o p\u00fablica."}
2025-04-29 13:56:13 - Processando pergunta 1, resposta_valor: Ficamos sabendo do Programa de Compliance Municipal por meio do convite recebido via e-mail e também através do presidente da FGM, Paulo Vitor Avelar, que é o prefeito de nosso município e teve a iniciativa de participar
2025-04-29 13:56:13 - Processando pergunta 2, resposta_valor: Sim
2025-04-29 13:56:13 - Pergunta 2 - resposta_sim_nao: Sim, justificativa_valor: 
2025-04-29 13:56:13 - Processando pergunta 14, resposta_valor: Município de Jaraguá|0|0|0|0
2025-04-29 13:56:13 - Pergunta 14 (planilha) - linhas brutas: ["Munic\u00edpio de Jaragu\u00e1|0|0|0|0"]
2025-04-29 13:56:14 - Pergunta 14 (planilha) - dados da linha: ["Munic\u00edpio de Jaragu\u00e1","0","0","0","0"]
2025-04-29 13:56:14 - Pergunta 14 (planilha) - planilha_data: [{"secretaria":"Munic\u00edpio de Jaragu\u00e1","efetivos":"0","comissionados":"0","temporarios":"0","total_parcial":"0"}]
2025-04-29 13:56:14 - Processando pergunta 4, resposta_valor: Não
2025-04-29 13:56:14 - Pergunta 4 - resposta_sim_nao: Não, eixo_selecionado: , justificativa_valor: 
2025-04-29 13:56:14 - Processando pergunta 5, resposta_valor: Sim
2025-04-29 13:56:15 - Pergunta 5 - resposta_sim_nao: Sim, justificativa_valor: 
2025-04-29 13:56:15 - Processando pergunta 6, resposta_valor: Em média 04-06 horas semanais, podendo variar conforme a necessidade
2025-04-29 13:56:15 - Processando pergunta 7, resposta_valor: Sim
2025-04-29 13:56:15 - Pergunta 7 - resposta_sim_nao: Sim, justificativa_valor: 
2025-04-29 13:56:16 - Processando pergunta 8, resposta_valor: A infraestrutura representa um desafio, devido à  insuficiência de equipamentos adequados, como câmeras de vídeo e áudio, que são essenciais para garantir a qualidade das reuniões virtuais e presenciais. Contudo, estamos comprometidos em superar esses obstáculos e buscar soluções que assegurem a participação plena e o sucesso de Jaraguá/GO no PCM 2025.
2025-04-29 13:56:16 - Pergunta 8 - resposta_valor: A infraestrutura representa um desafio, devido à  insuficiência de equipamentos adequados, como câmeras de vídeo e áudio, que são essenciais para garantir a qualidade das reuniões virtuais e presenciais. Contudo, estamos comprometidos em superar esses obstáculos e buscar soluções que assegurem a participação plena e o sucesso de Jaraguá/GO no PCM 2025., outras_respostas_valor: 
2025-04-29 13:56:16 - Processando pergunta 9, resposta_valor: As principais razões para que Jaraguá/GO seja selecionado para participar do PCM 2025 estão relacionadas ao avanço contínuo da administração municipal em áreas fundamentais para a boa gestão pública. O município já vem implementando práticas de Gestão de Riscos, identificando e mitigando possíveis obstáculos com o objetivo de garantir a continuidade e eficiência das ações públicas. Além disso, a ética tem sido um princípio norteador, promovendo uma gestão transparente e responsável em todas as suas ações.

A transparência e a ouvidoria também são pilares importantes na administração de Jaraguá/GO. O município tem se esforçado para garantir que as informações públicas sejam acessíveis, além de incentivar a participação cidadã e o controle social por meio de canais de comunicação eficientes.

Outro ponto forte é o investimento contínuo em capacitação dos servidores públicos, promovendo o desenvolvimento profissional e a qualificação dos colaboradores para uma gestão mais eficiente e inovadora. Esses aspectos, aliados à determinação da administração em aprimorar ainda mais suas práticas, tornam Jaraguá/GO um candidato ideal para integrar o PCM 2025 e continuar seu caminho de transformação e excelência na gestão pública.
2025-04-29 13:57:10 - Prefeitura ID: 45
2025-04-29 13:57:10 - Total de perguntas recuperadas: 9
2025-04-29 13:57:11 - Respostas recuperadas: {"1":"Ficamos sabendo do Programa de Compliance Municipal por meio do convite recebido via e-mail e tamb\u00e9m atrav\u00e9s do presidente da FGM, Paulo Vitor Avelar, que \u00e9 o prefeito de nosso munic\u00edpio e teve a iniciativa de participar","2":"Sim","14":"Munic\u00edpio de Jaragu\u00e1|0|0|0|0","4":"N\u00e3o","5":"Sim","6":"Em m\u00e9dia 04-06 horas semanais, podendo variar conforme a necessidade","7":"Sim","8":"A infraestrutura representa um desafio, devido \u00e0  insufici\u00eancia de equipamentos adequados, como c\u00e2meras de v\u00eddeo e \u00e1udio, que s\u00e3o essenciais para garantir a qualidade das reuni\u00f5es virtuais e presenciais. Contudo, estamos comprometidos em superar esses obst\u00e1culos e buscar solu\u00e7\u00f5es que assegurem a participa\u00e7\u00e3o plena e o sucesso de Jaragu\u00e1\/GO no PCM 2025.","9":"As principais raz\u00f5es para que Jaragu\u00e1\/GO seja selecionado para participar do PCM 2025 est\u00e3o relacionadas ao avan\u00e7o cont\u00ednuo da administra\u00e7\u00e3o municipal em \u00e1reas fundamentais para a boa gest\u00e3o p\u00fablica. O munic\u00edpio j\u00e1 vem implementando pr\u00e1ticas de Gest\u00e3o de Riscos, identificando e mitigando poss\u00edveis obst\u00e1culos com o objetivo de garantir a continuidade e efici\u00eancia das a\u00e7\u00f5es p\u00fablicas. Al\u00e9m disso, a \u00e9tica tem sido um princ\u00edpio norteador, promovendo uma gest\u00e3o transparente e respons\u00e1vel em todas as suas a\u00e7\u00f5es.\r\n\r\nA transpar\u00eancia e a ouvidoria tamb\u00e9m s\u00e3o pilares importantes na administra\u00e7\u00e3o de Jaragu\u00e1\/GO. O munic\u00edpio tem se esfor\u00e7ado para garantir que as informa\u00e7\u00f5es p\u00fablicas sejam acess\u00edveis, al\u00e9m de incentivar a participa\u00e7\u00e3o cidad\u00e3 e o controle social por meio de canais de comunica\u00e7\u00e3o eficientes.\r\n\r\nOutro ponto forte \u00e9 o investimento cont\u00ednuo em capacita\u00e7\u00e3o dos servidores p\u00fablicos, promovendo o desenvolvimento profissional e a qualifica\u00e7\u00e3o dos colaboradores para uma gest\u00e3o mais eficiente e inovadora. Esses aspectos, aliados \u00e0 determina\u00e7\u00e3o da administra\u00e7\u00e3o em aprimorar ainda mais suas pr\u00e1ticas, tornam Jaragu\u00e1\/GO um candidato ideal para integrar o PCM 2025 e continuar seu caminho de transforma\u00e7\u00e3o e excel\u00eancia na gest\u00e3o p\u00fablica."}
2025-04-29 13:57:11 - Processando pergunta 1, resposta_valor: Ficamos sabendo do Programa de Compliance Municipal por meio do convite recebido via e-mail e também através do presidente da FGM, Paulo Vitor Avelar, que é o prefeito de nosso município e teve a iniciativa de participar
2025-04-29 13:57:11 - Processando pergunta 2, resposta_valor: Sim
2025-04-29 13:57:11 - Pergunta 2 - resposta_sim_nao: Sim, justificativa_valor: 
2025-04-29 13:57:11 - Processando pergunta 14, resposta_valor: Município de Jaraguá|0|0|0|0
2025-04-29 13:57:12 - Pergunta 14 (planilha) - linhas brutas: ["Munic\u00edpio de Jaragu\u00e1|0|0|0|0"]
2025-04-29 13:57:12 - Pergunta 14 (planilha) - dados da linha: ["Munic\u00edpio de Jaragu\u00e1","0","0","0","0"]
2025-04-29 13:57:12 - Pergunta 14 (planilha) - planilha_data: [{"secretaria":"Munic\u00edpio de Jaragu\u00e1","efetivos":"0","comissionados":"0","temporarios":"0","total_parcial":"0"}]
2025-04-29 13:57:12 - Processando pergunta 4, resposta_valor: Não
2025-04-29 13:57:12 - Pergunta 4 - resposta_sim_nao: Não, eixo_selecionado: , justificativa_valor: 
2025-04-29 13:57:13 - Processando pergunta 5, resposta_valor: Sim
2025-04-29 13:57:13 - Pergunta 5 - resposta_sim_nao: Sim, justificativa_valor: 
2025-04-29 13:57:13 - Processando pergunta 6, resposta_valor: Em média 04-06 horas semanais, podendo variar conforme a necessidade
2025-04-29 13:57:13 - Processando pergunta 7, resposta_valor: Sim
2025-04-29 13:57:13 - Pergunta 7 - resposta_sim_nao: Sim, justificativa_valor: 
2025-04-29 13:57:14 - Processando pergunta 8, resposta_valor: A infraestrutura representa um desafio, devido à  insuficiência de equipamentos adequados, como câmeras de vídeo e áudio, que são essenciais para garantir a qualidade das reuniões virtuais e presenciais. Contudo, estamos comprometidos em superar esses obstáculos e buscar soluções que assegurem a participação plena e o sucesso de Jaraguá/GO no PCM 2025.
2025-04-29 13:57:14 - Pergunta 8 - resposta_valor: A infraestrutura representa um desafio, devido à  insuficiência de equipamentos adequados, como câmeras de vídeo e áudio, que são essenciais para garantir a qualidade das reuniões virtuais e presenciais. Contudo, estamos comprometidos em superar esses obstáculos e buscar soluções que assegurem a participação plena e o sucesso de Jaraguá/GO no PCM 2025., outras_respostas_valor: 
2025-04-29 13:57:14 - Processando pergunta 9, resposta_valor: As principais razões para que Jaraguá/GO seja selecionado para participar do PCM 2025 estão relacionadas ao avanço contínuo da administração municipal em áreas fundamentais para a boa gestão pública. O município já vem implementando práticas de Gestão de Riscos, identificando e mitigando possíveis obstáculos com o objetivo de garantir a continuidade e eficiência das ações públicas. Além disso, a ética tem sido um princípio norteador, promovendo uma gestão transparente e responsável em todas as suas ações.

A transparência e a ouvidoria também são pilares importantes na administração de Jaraguá/GO. O município tem se esforçado para garantir que as informações públicas sejam acessíveis, além de incentivar a participação cidadã e o controle social por meio de canais de comunicação eficientes.

Outro ponto forte é o investimento contínuo em capacitação dos servidores públicos, promovendo o desenvolvimento profissional e a qualificação dos colaboradores para uma gestão mais eficiente e inovadora. Esses aspectos, aliados à determinação da administração em aprimorar ainda mais suas práticas, tornam Jaraguá/GO um candidato ideal para integrar o PCM 2025 e continuar seu caminho de transformação e excelência na gestão pública.
2025-04-29 13:57:18 - Prefeitura ID: 45
2025-04-29 13:57:18 - Total de perguntas recuperadas: 9
2025-04-29 13:57:19 - Respostas recuperadas: {"1":"Ficamos sabendo do Programa de Compliance Municipal por meio do convite recebido via e-mail e tamb\u00e9m atrav\u00e9s do presidente da FGM, Paulo Vitor Avelar, que \u00e9 o prefeito de nosso munic\u00edpio e teve a iniciativa de participar","2":"Sim","14":"Munic\u00edpio de Jaragu\u00e1|0|0|0|0","4":"N\u00e3o","5":"Sim","6":"Em m\u00e9dia 04-06 horas semanais, podendo variar conforme a necessidade","7":"Sim","8":"A infraestrutura representa um desafio, devido \u00e0  insufici\u00eancia de equipamentos adequados, como c\u00e2meras de v\u00eddeo e \u00e1udio, que s\u00e3o essenciais para garantir a qualidade das reuni\u00f5es virtuais e presenciais. Contudo, estamos comprometidos em superar esses obst\u00e1culos e buscar solu\u00e7\u00f5es que assegurem a participa\u00e7\u00e3o plena e o sucesso de Jaragu\u00e1\/GO no PCM 2025.","9":"As principais raz\u00f5es para que Jaragu\u00e1\/GO seja selecionado para participar do PCM 2025 est\u00e3o relacionadas ao avan\u00e7o cont\u00ednuo da administra\u00e7\u00e3o municipal em \u00e1reas fundamentais para a boa gest\u00e3o p\u00fablica. O munic\u00edpio j\u00e1 vem implementando pr\u00e1ticas de Gest\u00e3o de Riscos, identificando e mitigando poss\u00edveis obst\u00e1culos com o objetivo de garantir a continuidade e efici\u00eancia das a\u00e7\u00f5es p\u00fablicas. Al\u00e9m disso, a \u00e9tica tem sido um princ\u00edpio norteador, promovendo uma gest\u00e3o transparente e respons\u00e1vel em todas as suas a\u00e7\u00f5es.\r\n\r\nA transpar\u00eancia e a ouvidoria tamb\u00e9m s\u00e3o pilares importantes na administra\u00e7\u00e3o de Jaragu\u00e1\/GO. O munic\u00edpio tem se esfor\u00e7ado para garantir que as informa\u00e7\u00f5es p\u00fablicas sejam acess\u00edveis, al\u00e9m de incentivar a participa\u00e7\u00e3o cidad\u00e3 e o controle social por meio de canais de comunica\u00e7\u00e3o eficientes.\r\n\r\nOutro ponto forte \u00e9 o investimento cont\u00ednuo em capacita\u00e7\u00e3o dos servidores p\u00fablicos, promovendo o desenvolvimento profissional e a qualifica\u00e7\u00e3o dos colaboradores para uma gest\u00e3o mais eficiente e inovadora. Esses aspectos, aliados \u00e0 determina\u00e7\u00e3o da administra\u00e7\u00e3o em aprimorar ainda mais suas pr\u00e1ticas, tornam Jaragu\u00e1\/GO um candidato ideal para integrar o PCM 2025 e continuar seu caminho de transforma\u00e7\u00e3o e excel\u00eancia na gest\u00e3o p\u00fablica."}
2025-04-29 13:57:19 - Processando pergunta 1, resposta_valor: Ficamos sabendo do Programa de Compliance Municipal por meio do convite recebido via e-mail e também através do presidente da FGM, Paulo Vitor Avelar, que é o prefeito de nosso município e teve a iniciativa de participar
2025-04-29 13:57:19 - Processando pergunta 2, resposta_valor: Sim
2025-04-29 13:57:19 - Pergunta 2 - resposta_sim_nao: Sim, justificativa_valor: 
2025-04-29 13:57:20 - Processando pergunta 14, resposta_valor: Município de Jaraguá|0|0|0|0
2025-04-29 13:57:20 - Pergunta 14 (planilha) - linhas brutas: ["Munic\u00edpio de Jaragu\u00e1|0|0|0|0"]
2025-04-29 13:57:20 - Pergunta 14 (planilha) - dados da linha: ["Munic\u00edpio de Jaragu\u00e1","0","0","0","0"]
2025-04-29 13:57:20 - Pergunta 14 (planilha) - planilha_data: [{"secretaria":"Munic\u00edpio de Jaragu\u00e1","efetivos":"0","comissionados":"0","temporarios":"0","total_parcial":"0"}]
2025-04-29 13:57:20 - Processando pergunta 4, resposta_valor: Não
2025-04-29 13:57:21 - Pergunta 4 - resposta_sim_nao: Não, eixo_selecionado: , justificativa_valor: 
2025-04-29 13:57:21 - Processando pergunta 5, resposta_valor: Sim
2025-04-29 13:57:21 - Pergunta 5 - resposta_sim_nao: Sim, justificativa_valor: 
2025-04-29 13:57:21 - Processando pergunta 6, resposta_valor: Em média 04-06 horas semanais, podendo variar conforme a necessidade
2025-04-29 13:57:21 - Processando pergunta 7, resposta_valor: Sim
2025-04-29 13:57:22 - Pergunta 7 - resposta_sim_nao: Sim, justificativa_valor: 
2025-04-29 13:57:22 - Processando pergunta 8, resposta_valor: A infraestrutura representa um desafio, devido à  insuficiência de equipamentos adequados, como câmeras de vídeo e áudio, que são essenciais para garantir a qualidade das reuniões virtuais e presenciais. Contudo, estamos comprometidos em superar esses obstáculos e buscar soluções que assegurem a participação plena e o sucesso de Jaraguá/GO no PCM 2025.
2025-04-29 13:57:22 - Pergunta 8 - resposta_valor: A infraestrutura representa um desafio, devido à  insuficiência de equipamentos adequados, como câmeras de vídeo e áudio, que são essenciais para garantir a qualidade das reuniões virtuais e presenciais. Contudo, estamos comprometidos em superar esses obstáculos e buscar soluções que assegurem a participação plena e o sucesso de Jaraguá/GO no PCM 2025., outras_respostas_valor: 
2025-04-29 13:57:22 - Processando pergunta 9, resposta_valor: As principais razões para que Jaraguá/GO seja selecionado para participar do PCM 2025 estão relacionadas ao avanço contínuo da administração municipal em áreas fundamentais para a boa gestão pública. O município já vem implementando práticas de Gestão de Riscos, identificando e mitigando possíveis obstáculos com o objetivo de garantir a continuidade e eficiência das ações públicas. Além disso, a ética tem sido um princípio norteador, promovendo uma gestão transparente e responsável em todas as suas ações.

A transparência e a ouvidoria também são pilares importantes na administração de Jaraguá/GO. O município tem se esforçado para garantir que as informações públicas sejam acessíveis, além de incentivar a participação cidadã e o controle social por meio de canais de comunicação eficientes.

Outro ponto forte é o investimento contínuo em capacitação dos servidores públicos, promovendo o desenvolvimento profissional e a qualificação dos colaboradores para uma gestão mais eficiente e inovadora. Esses aspectos, aliados à determinação da administração em aprimorar ainda mais suas práticas, tornam Jaraguá/GO um candidato ideal para integrar o PCM 2025 e continuar seu caminho de transformação e excelência na gestão pública.
2025-04-29 14:01:22 - Prefeitura ID: 51
2025-04-29 14:01:22 - Total de perguntas recuperadas: 9
2025-04-29 14:01:22 - Respostas recuperadas: {"1":"O Prefeito.\r\nAtrav\u00e9s de e-mail","2":"Sim","14":"SECRETARIA DE EDUCA\u00c7\u00c3O|707|116|281|1104|1104","4":"N\u00e3o","5":"Sim","6":"20 (vinte) horas semanais","7":"Sim","8":"A falta de salas climatizadas e de equipamentos com c\u00e2meras de v\u00eddeo pode dificultar ou inviabilizar a participa\u00e7\u00e3o em reuni\u00f5es e capacita\u00e7\u00f5es, tanto virtuais quanto presenciais, comprometendo a qualidade das atividades realizadas no \u00e2mbito do Programa.\r\nEsses desafios impactam diretamente a ades\u00e3o, o engajamento e a efetividade das a\u00e7\u00f5es propostas pelo Programa Compliance Municipal 2025, sendo, portanto, pontos cr\u00edticos que precisam ser superados para garantir o sucesso da participa\u00e7\u00e3o do munic\u00edpio.","9":"O munic\u00edpio re\u00fane condi\u00e7\u00f5es para participar do Programa Compliance Municipal 2025 para adotar pr\u00e1ticas de Gest\u00e3o de Riscos, promover a cultura de \u00c9tica e Integridade, fortalecer a Transpar\u00eancia e a Ouvidoria, investir na capacita\u00e7\u00e3o dos servidores e buscar continuamente a melhoria da gest\u00e3o p\u00fablica."}
2025-04-29 14:01:22 - Processando pergunta 1, resposta_valor: O Prefeito.
Através de e-mail
2025-04-29 14:01:23 - Processando pergunta 2, resposta_valor: Sim
2025-04-29 14:01:23 - Pergunta 2 - resposta_sim_nao: Sim, justificativa_valor: 
2025-04-29 14:01:23 - Processando pergunta 14, resposta_valor: SECRETARIA DE EDUCAÇÃO|707|116|281|1104|1104
2025-04-29 14:01:23 - Pergunta 14 (planilha) - linhas brutas: ["SECRETARIA DE EDUCA\u00c7\u00c3O|707|116|281|1104|1104"]
2025-04-29 14:01:23 - Pergunta 14 (planilha) - dados da linha: ["SECRETARIA DE EDUCA\u00c7\u00c3O","707","116","281","1104","1104"]
2025-04-29 14:01:24 - Pergunta 14 (planilha) - planilha_data: [{"secretaria":"SECRETARIA DE EDUCA\u00c7\u00c3O","efetivos":"707","comissionados":"116","temporarios":"281","total_parcial":"1104"}]
2025-04-29 14:01:24 - Processando pergunta 4, resposta_valor: Não
2025-04-29 14:01:24 - Pergunta 4 - resposta_sim_nao: Não, eixo_selecionado: , justificativa_valor: 
2025-04-29 14:01:24 - Processando pergunta 5, resposta_valor: Sim
2025-04-29 14:01:24 - Pergunta 5 - resposta_sim_nao: Sim, justificativa_valor: 
2025-04-29 14:01:25 - Processando pergunta 6, resposta_valor: 20 (vinte) horas semanais
2025-04-29 14:01:25 - Processando pergunta 7, resposta_valor: Sim
2025-04-29 14:01:25 - Pergunta 7 - resposta_sim_nao: Sim, justificativa_valor: 
2025-04-29 14:01:25 - Processando pergunta 8, resposta_valor: A falta de salas climatizadas e de equipamentos com câmeras de vídeo pode dificultar ou inviabilizar a participação em reuniões e capacitações, tanto virtuais quanto presenciais, comprometendo a qualidade das atividades realizadas no âmbito do Programa.
Esses desafios impactam diretamente a adesão, o engajamento e a efetividade das ações propostas pelo Programa Compliance Municipal 2025, sendo, portanto, pontos críticos que precisam ser superados para garantir o sucesso da participação do município.
2025-04-29 14:01:25 - Pergunta 8 - resposta_valor: A falta de salas climatizadas e de equipamentos com câmeras de vídeo pode dificultar ou inviabilizar a participação em reuniões e capacitações, tanto virtuais quanto presenciais, comprometendo a qualidade das atividades realizadas no âmbito do Programa.
Esses desafios impactam diretamente a adesão, o engajamento e a efetividade das ações propostas pelo Programa Compliance Municipal 2025, sendo, portanto, pontos críticos que precisam ser superados para garantir o sucesso da participação do município., outras_respostas_valor: 
2025-04-29 14:01:26 - Processando pergunta 9, resposta_valor: O município reúne condições para participar do Programa Compliance Municipal 2025 para adotar práticas de Gestão de Riscos, promover a cultura de Ética e Integridade, fortalecer a Transparência e a Ouvidoria, investir na capacitação dos servidores e buscar continuamente a melhoria da gestão pública.
2025-04-29 14:07:17 - Prefeitura ID: 65
2025-04-29 14:07:17 - Total de perguntas recuperadas: 9
2025-04-29 14:07:17 - Respostas recuperadas: {"1":"WENDERSON DE ASSIS RODRIGUES","2":"Sim"}
2025-04-29 14:07:17 - Processando pergunta 1, resposta_valor: WENDERSON DE ASSIS RODRIGUES
2025-04-29 14:07:17 - Processando pergunta 2, resposta_valor: Sim
2025-04-29 14:07:17 - Pergunta 2 - resposta_sim_nao: Sim, justificativa_valor: 
2025-04-29 14:07:17 - Processando pergunta 14, resposta_valor: 
2025-04-29 14:07:17 - Processando pergunta 4, resposta_valor: 
2025-04-29 14:07:17 - Processando pergunta 5, resposta_valor: 
2025-04-29 14:07:17 - Processando pergunta 6, resposta_valor: 
2025-04-29 14:07:18 - Processando pergunta 7, resposta_valor: 
2025-04-29 14:07:18 - Processando pergunta 8, resposta_valor: 
2025-04-29 14:07:18 - Processando pergunta 9, resposta_valor: 
2025-04-29 14:11:42 - Prefeitura ID: 56
2025-04-29 14:11:42 - Total de perguntas recuperadas: 9
2025-04-29 14:11:42 - Respostas recuperadas: {"1":"Positiva","2":"Sim","14":"MEIO AMBIENTE|1|1|1|3|3"}
2025-04-29 14:11:43 - Processando pergunta 1, resposta_valor: Positiva
2025-04-29 14:11:43 - Processando pergunta 2, resposta_valor: Sim
2025-04-29 14:11:43 - Pergunta 2 - resposta_sim_nao: Sim, justificativa_valor: 
2025-04-29 14:11:43 - Processando pergunta 14, resposta_valor: MEIO AMBIENTE|1|1|1|3|3
2025-04-29 14:11:43 - Pergunta 14 (planilha) - linhas brutas: ["MEIO AMBIENTE|1|1|1|3|3"]
2025-04-29 14:11:43 - Pergunta 14 (planilha) - dados da linha: ["MEIO AMBIENTE","1","1","1","3","3"]
2025-04-29 14:11:43 - Pergunta 14 (planilha) - planilha_data: [{"secretaria":"MEIO AMBIENTE","efetivos":"1","comissionados":"1","temporarios":"1","total_parcial":"3"}]
2025-04-29 14:11:43 - Processando pergunta 4, resposta_valor: 
2025-04-29 14:11:43 - Processando pergunta 5, resposta_valor: 
2025-04-29 14:11:43 - Processando pergunta 6, resposta_valor: 
2025-04-29 14:11:43 - Processando pergunta 7, resposta_valor: 
2025-04-29 14:11:43 - Processando pergunta 8, resposta_valor: 
2025-04-29 14:11:43 - Processando pergunta 9, resposta_valor: 
2025-04-29 14:13:07 - Prefeitura ID: 56
2025-04-29 14:13:07 - Total de perguntas recuperadas: 9
2025-04-29 14:13:07 - Respostas recuperadas: {"1":"Positiva","2":"Sim","14":"MEIO AMBIENTE|1|1|1|3|3"}
2025-04-29 14:13:07 - Processando pergunta 1, resposta_valor: Positiva
2025-04-29 14:13:07 - Processando pergunta 2, resposta_valor: Sim
2025-04-29 14:13:07 - Pergunta 2 - resposta_sim_nao: Sim, justificativa_valor: 
2025-04-29 14:13:08 - Processando pergunta 14, resposta_valor: MEIO AMBIENTE|1|1|1|3|3
2025-04-29 14:13:08 - Pergunta 14 (planilha) - linhas brutas: ["MEIO AMBIENTE|1|1|1|3|3"]
2025-04-29 14:13:08 - Pergunta 14 (planilha) - dados da linha: ["MEIO AMBIENTE","1","1","1","3","3"]
2025-04-29 14:13:08 - Pergunta 14 (planilha) - planilha_data: [{"secretaria":"MEIO AMBIENTE","efetivos":"1","comissionados":"1","temporarios":"1","total_parcial":"3"}]
2025-04-29 14:13:08 - Processando pergunta 4, resposta_valor: 
2025-04-29 14:13:08 - Processando pergunta 5, resposta_valor: 
2025-04-29 14:13:08 - Processando pergunta 6, resposta_valor: 
2025-04-29 14:13:08 - Processando pergunta 7, resposta_valor: 
2025-04-29 14:13:08 - Processando pergunta 8, resposta_valor: 
2025-04-29 14:13:08 - Processando pergunta 9, resposta_valor: 
2025-04-29 14:14:23 - Prefeitura ID: 45
2025-04-29 14:14:23 - Total de perguntas recuperadas: 9
2025-04-29 14:14:23 - Respostas recuperadas: {"1":"Ficamos sabendo do Programa de Compliance Municipal por meio do convite recebido via e-mail e tamb\u00e9m atrav\u00e9s do presidente da FGM, Paulo Vitor Avelar, que \u00e9 o prefeito de nosso munic\u00edpio e teve a iniciativa de participar","2":"Sim","14":"Munic\u00edpio de Jaragu\u00e1|0|0|0|0","4":"N\u00e3o","5":"Sim","6":"Em m\u00e9dia 04-06 horas semanais, podendo variar conforme a necessidade","7":"Sim","8":"A infraestrutura representa um desafio, devido \u00e0  insufici\u00eancia de equipamentos adequados, como c\u00e2meras de v\u00eddeo e \u00e1udio, que s\u00e3o essenciais para garantir a qualidade das reuni\u00f5es virtuais e presenciais. Contudo, estamos comprometidos em superar esses obst\u00e1culos e buscar solu\u00e7\u00f5es que assegurem a participa\u00e7\u00e3o plena e o sucesso de Jaragu\u00e1\/GO no PCM 2025.","9":"As principais raz\u00f5es para que Jaragu\u00e1\/GO seja selecionado para participar do PCM 2025 est\u00e3o relacionadas ao avan\u00e7o cont\u00ednuo da administra\u00e7\u00e3o municipal em \u00e1reas fundamentais para a boa gest\u00e3o p\u00fablica. O munic\u00edpio j\u00e1 vem implementando pr\u00e1ticas de Gest\u00e3o de Riscos, identificando e mitigando poss\u00edveis obst\u00e1culos com o objetivo de garantir a continuidade e efici\u00eancia das a\u00e7\u00f5es p\u00fablicas. Al\u00e9m disso, a \u00e9tica tem sido um princ\u00edpio norteador, promovendo uma gest\u00e3o transparente e respons\u00e1vel em todas as suas a\u00e7\u00f5es.\r\n\r\nA transpar\u00eancia e a ouvidoria tamb\u00e9m s\u00e3o pilares importantes na administra\u00e7\u00e3o de Jaragu\u00e1\/GO. O munic\u00edpio tem se esfor\u00e7ado para garantir que as informa\u00e7\u00f5es p\u00fablicas sejam acess\u00edveis, al\u00e9m de incentivar a participa\u00e7\u00e3o cidad\u00e3 e o controle social por meio de canais de comunica\u00e7\u00e3o eficientes.\r\n\r\nOutro ponto forte \u00e9 o investimento cont\u00ednuo em capacita\u00e7\u00e3o dos servidores p\u00fablicos, promovendo o desenvolvimento profissional e a qualifica\u00e7\u00e3o dos colaboradores para uma gest\u00e3o mais eficiente e inovadora. Esses aspectos, aliados \u00e0 determina\u00e7\u00e3o da administra\u00e7\u00e3o em aprimorar ainda mais suas pr\u00e1ticas, tornam Jaragu\u00e1\/GO um candidato ideal para integrar o PCM 2025 e continuar seu caminho de transforma\u00e7\u00e3o e excel\u00eancia na gest\u00e3o p\u00fablica."}
2025-04-29 14:14:24 - Formulário enviado: {"resposta":{"1":"Ficamos sabendo do Programa de Compliance Municipal por meio do convite recebido via e-mail e tamb\u00e9m atrav\u00e9s do presidente da FGM, Paulo Vitor Avelar, que \u00e9 o prefeito de nosso munic\u00edpio e teve a iniciativa de participar","2":{"sim_nao":"Sim"},"4":{"sim_nao":"N\u00e3o","eixo":""},"5":"Sim","6":"Em m\u00e9dia 04-06 horas semanais, podendo variar conforme a necessidade","7":{"sim_nao":"Sim"},"8":"A infraestrutura representa um desafio, devido \u00e0  insufici\u00eancia de equipamentos adequados, como c\u00e2meras de v\u00eddeo e \u00e1udio, que s\u00e3o essenciais para garantir a qualidade das reuni\u00f5es virtuais e presenciais. Contudo, estamos comprometidos em superar esses obst\u00e1culos e buscar solu\u00e7\u00f5es que assegurem a participa\u00e7\u00e3o plena e o sucesso de Jaragu\u00e1\/GO no PCM 2025.","9":"As principais raz\u00f5es para que Jaragu\u00e1\/GO seja selecionado para participar do PCM 2025 est\u00e3o relacionadas ao avan\u00e7o cont\u00ednuo da administra\u00e7\u00e3o municipal em \u00e1reas fundamentais para a boa gest\u00e3o p\u00fablica. O munic\u00edpio j\u00e1 vem implementando pr\u00e1ticas de Gest\u00e3o de Riscos, identificando e mitigando poss\u00edveis obst\u00e1culos com o objetivo de garantir a continuidade e efici\u00eancia das a\u00e7\u00f5es p\u00fablicas. Al\u00e9m disso, a \u00e9tica tem sido um princ\u00edpio norteador, promovendo uma gest\u00e3o transparente e respons\u00e1vel em todas as suas a\u00e7\u00f5es.\r\n\r\nA transpar\u00eancia e a ouvidoria tamb\u00e9m s\u00e3o pilares importantes na administra\u00e7\u00e3o de Jaragu\u00e1\/GO. O munic\u00edpio tem se esfor\u00e7ado para garantir que as informa\u00e7\u00f5es p\u00fablicas sejam acess\u00edveis, al\u00e9m de incentivar a participa\u00e7\u00e3o cidad\u00e3 e o controle social por meio de canais de comunica\u00e7\u00e3o eficientes.\r\n\r\nOutro ponto forte \u00e9 o investimento cont\u00ednuo em capacita\u00e7\u00e3o dos servidores p\u00fablicos, promovendo o desenvolvimento profissional e a qualifica\u00e7\u00e3o dos colaboradores para uma gest\u00e3o mais eficiente e inovadora. Esses aspectos, aliados \u00e0 determina\u00e7\u00e3o da administra\u00e7\u00e3o em aprimorar ainda mais suas pr\u00e1ticas, tornam Jaragu\u00e1\/GO um candidato ideal para integrar o PCM 2025 e continuar seu caminho de transforma\u00e7\u00e3o e excel\u00eancia na gest\u00e3o p\u00fablica."},"justificativa":{"2":"","4":"","5":"","7":""},"secretaria":{"14":["Munic\u00edpio de Jaragu\u00e1"]},"efetivos":{"14":[""]},"comissionados":{"14":["090"]},"temporarios":{"14":["0"]},"salvar":""}
2025-04-29 14:14:24 - Atualizada resposta para pergunta 1: Ficamos sabendo do Programa de Compliance Municipal por meio do convite recebido via e-mail e também através do presidente da FGM, Paulo Vitor Avelar, que é o prefeito de nosso município e teve a iniciativa de participar
2025-04-29 14:14:24 - Atualizada resposta para pergunta 2: Sim
2025-04-29 14:14:24 - Pergunta 14 (planilha) - Resposta gerada: Município de Jaraguá|0|90|0|90
2025-04-29 14:14:24 - Atualizada resposta para pergunta 14: Município de Jaraguá|0|90|0|90
2025-04-29 14:14:25 - Atualizada resposta para pergunta 4: Não
2025-04-29 14:14:25 - Atualizada resposta para pergunta 5: Sim
2025-04-29 14:14:25 - Atualizada resposta para pergunta 6: Em média 04-06 horas semanais, podendo variar conforme a necessidade
2025-04-29 14:14:25 - Atualizada resposta para pergunta 7: Sim
2025-04-29 14:14:25 - Atualizada resposta para pergunta 8: A infraestrutura representa um desafio, devido à  insuficiência de equipamentos adequados, como câmeras de vídeo e áudio, que são essenciais para garantir a qualidade das reuniões virtuais e presenciais. Contudo, estamos comprometidos em superar esses obstáculos e buscar soluções que assegurem a participação plena e o sucesso de Jaraguá/GO no PCM 2025.
2025-04-29 14:14:26 - Atualizada resposta para pergunta 9: As principais razões para que Jaraguá/GO seja selecionado para participar do PCM 2025 estão relacionadas ao avanço contínuo da administração municipal em áreas fundamentais para a boa gestão pública. O município já vem implementando práticas de Gestão de Riscos, identificando e mitigando possíveis obstáculos com o objetivo de garantir a continuidade e eficiência das ações públicas. Além disso, a ética tem sido um princípio norteador, promovendo uma gestão transparente e responsável em todas as suas ações.

A transparência e a ouvidoria também são pilares importantes na administração de Jaraguá/GO. O município tem se esforçado para garantir que as informações públicas sejam acessíveis, além de incentivar a participação cidadã e o controle social por meio de canais de comunicação eficientes.

Outro ponto forte é o investimento contínuo em capacitação dos servidores públicos, promovendo o desenvolvimento profissional e a qualificação dos colaboradores para uma gestão mais eficiente e inovadora. Esses aspectos, aliados à determinação da administração em aprimorar ainda mais suas práticas, tornam Jaraguá/GO um candidato ideal para integrar o PCM 2025 e continuar seu caminho de transformação e excelência na gestão pública.
2025-04-29 14:14:26 - Salvamento concluído com sucesso
2025-04-29 14:14:26 - Prefeitura ID: 45
2025-04-29 14:14:26 - Total de perguntas recuperadas: 9
2025-04-29 14:14:27 - Respostas recuperadas: {"1":"Ficamos sabendo do Programa de Compliance Municipal por meio do convite recebido via e-mail e tamb\u00e9m atrav\u00e9s do presidente da FGM, Paulo Vitor Avelar, que \u00e9 o prefeito de nosso munic\u00edpio e teve a iniciativa de participar","2":"Sim","14":"Munic\u00edpio de Jaragu\u00e1|0|90|0|90","4":"N\u00e3o","5":"Sim","6":"Em m\u00e9dia 04-06 horas semanais, podendo variar conforme a necessidade","7":"Sim","8":"A infraestrutura representa um desafio, devido \u00e0  insufici\u00eancia de equipamentos adequados, como c\u00e2meras de v\u00eddeo e \u00e1udio, que s\u00e3o essenciais para garantir a qualidade das reuni\u00f5es virtuais e presenciais. Contudo, estamos comprometidos em superar esses obst\u00e1culos e buscar solu\u00e7\u00f5es que assegurem a participa\u00e7\u00e3o plena e o sucesso de Jaragu\u00e1\/GO no PCM 2025.","9":"As principais raz\u00f5es para que Jaragu\u00e1\/GO seja selecionado para participar do PCM 2025 est\u00e3o relacionadas ao avan\u00e7o cont\u00ednuo da administra\u00e7\u00e3o municipal em \u00e1reas fundamentais para a boa gest\u00e3o p\u00fablica. O munic\u00edpio j\u00e1 vem implementando pr\u00e1ticas de Gest\u00e3o de Riscos, identificando e mitigando poss\u00edveis obst\u00e1culos com o objetivo de garantir a continuidade e efici\u00eancia das a\u00e7\u00f5es p\u00fablicas. Al\u00e9m disso, a \u00e9tica tem sido um princ\u00edpio norteador, promovendo uma gest\u00e3o transparente e respons\u00e1vel em todas as suas a\u00e7\u00f5es.\r\n\r\nA transpar\u00eancia e a ouvidoria tamb\u00e9m s\u00e3o pilares importantes na administra\u00e7\u00e3o de Jaragu\u00e1\/GO. O munic\u00edpio tem se esfor\u00e7ado para garantir que as informa\u00e7\u00f5es p\u00fablicas sejam acess\u00edveis, al\u00e9m de incentivar a participa\u00e7\u00e3o cidad\u00e3 e o controle social por meio de canais de comunica\u00e7\u00e3o eficientes.\r\n\r\nOutro ponto forte \u00e9 o investimento cont\u00ednuo em capacita\u00e7\u00e3o dos servidores p\u00fablicos, promovendo o desenvolvimento profissional e a qualifica\u00e7\u00e3o dos colaboradores para uma gest\u00e3o mais eficiente e inovadora. Esses aspectos, aliados \u00e0 determina\u00e7\u00e3o da administra\u00e7\u00e3o em aprimorar ainda mais suas pr\u00e1ticas, tornam Jaragu\u00e1\/GO um candidato ideal para integrar o PCM 2025 e continuar seu caminho de transforma\u00e7\u00e3o e excel\u00eancia na gest\u00e3o p\u00fablica."}
2025-04-29 14:14:27 - Processando pergunta 1, resposta_valor: Ficamos sabendo do Programa de Compliance Municipal por meio do convite recebido via e-mail e também através do presidente da FGM, Paulo Vitor Avelar, que é o prefeito de nosso município e teve a iniciativa de participar
2025-04-29 14:14:27 - Processando pergunta 2, resposta_valor: Sim
2025-04-29 14:14:27 - Pergunta 2 - resposta_sim_nao: Sim, justificativa_valor: 
2025-04-29 14:14:27 - Processando pergunta 14, resposta_valor: Município de Jaraguá|0|90|0|90
2025-04-29 14:14:28 - Pergunta 14 (planilha) - linhas brutas: ["Munic\u00edpio de Jaragu\u00e1|0|90|0|90"]
2025-04-29 14:14:28 - Pergunta 14 (planilha) - dados da linha: ["Munic\u00edpio de Jaragu\u00e1","0","90","0","90"]
2025-04-29 14:14:28 - Pergunta 14 (planilha) - planilha_data: [{"secretaria":"Munic\u00edpio de Jaragu\u00e1","efetivos":"0","comissionados":"90","temporarios":"0","total_parcial":"90"}]
2025-04-29 14:14:28 - Processando pergunta 4, resposta_valor: Não
2025-04-29 14:14:28 - Pergunta 4 - resposta_sim_nao: Não, eixo_selecionado: , justificativa_valor: 
2025-04-29 14:14:29 - Processando pergunta 5, resposta_valor: Sim
2025-04-29 14:14:29 - Pergunta 5 - resposta_sim_nao: Sim, justificativa_valor: 
2025-04-29 14:14:29 - Processando pergunta 6, resposta_valor: Em média 04-06 horas semanais, podendo variar conforme a necessidade
2025-04-29 14:14:29 - Processando pergunta 7, resposta_valor: Sim
2025-04-29 14:14:30 - Pergunta 7 - resposta_sim_nao: Sim, justificativa_valor: 
2025-04-29 14:14:30 - Processando pergunta 8, resposta_valor: A infraestrutura representa um desafio, devido à  insuficiência de equipamentos adequados, como câmeras de vídeo e áudio, que são essenciais para garantir a qualidade das reuniões virtuais e presenciais. Contudo, estamos comprometidos em superar esses obstáculos e buscar soluções que assegurem a participação plena e o sucesso de Jaraguá/GO no PCM 2025.
2025-04-29 14:14:30 - Pergunta 8 - resposta_valor: A infraestrutura representa um desafio, devido à  insuficiência de equipamentos adequados, como câmeras de vídeo e áudio, que são essenciais para garantir a qualidade das reuniões virtuais e presenciais. Contudo, estamos comprometidos em superar esses obstáculos e buscar soluções que assegurem a participação plena e o sucesso de Jaraguá/GO no PCM 2025., outras_respostas_valor: 
2025-04-29 14:14:30 - Processando pergunta 9, resposta_valor: As principais razões para que Jaraguá/GO seja selecionado para participar do PCM 2025 estão relacionadas ao avanço contínuo da administração municipal em áreas fundamentais para a boa gestão pública. O município já vem implementando práticas de Gestão de Riscos, identificando e mitigando possíveis obstáculos com o objetivo de garantir a continuidade e eficiência das ações públicas. Além disso, a ética tem sido um princípio norteador, promovendo uma gestão transparente e responsável em todas as suas ações.

A transparência e a ouvidoria também são pilares importantes na administração de Jaraguá/GO. O município tem se esforçado para garantir que as informações públicas sejam acessíveis, além de incentivar a participação cidadã e o controle social por meio de canais de comunicação eficientes.

Outro ponto forte é o investimento contínuo em capacitação dos servidores públicos, promovendo o desenvolvimento profissional e a qualificação dos colaboradores para uma gestão mais eficiente e inovadora. Esses aspectos, aliados à determinação da administração em aprimorar ainda mais suas práticas, tornam Jaraguá/GO um candidato ideal para integrar o PCM 2025 e continuar seu caminho de transformação e excelência na gestão pública.
2025-04-29 14:16:04 - Prefeitura ID: 64
2025-04-29 14:16:04 - Total de perguntas recuperadas: 9
2025-04-29 14:16:04 - Respostas recuperadas: {"1":"A secret\u00e1ria Municipal de Educa\u00e7\u00e3o juntamente com o prefeito. A ideia foi vista como uma oportunidade de melhoria do servi\u00e7o p\u00fablico municipal evoluindo a cada dia  o nosso munic\u00edpio.","2":"Sim"}
2025-04-29 14:16:05 - Processando pergunta 1, resposta_valor: A secretária Municipal de Educação juntamente com o prefeito. A ideia foi vista como uma oportunidade de melhoria do serviço público municipal evoluindo a cada dia  o nosso município.
2025-04-29 14:16:05 - Processando pergunta 2, resposta_valor: Sim
2025-04-29 14:16:05 - Pergunta 2 - resposta_sim_nao: Sim, justificativa_valor: 
2025-04-29 14:16:05 - Processando pergunta 14, resposta_valor: 
2025-04-29 14:16:05 - Processando pergunta 4, resposta_valor: 
2025-04-29 14:16:05 - Processando pergunta 5, resposta_valor: 
2025-04-29 14:16:05 - Processando pergunta 6, resposta_valor: 
2025-04-29 14:16:05 - Processando pergunta 7, resposta_valor: 
2025-04-29 14:16:05 - Processando pergunta 8, resposta_valor: 
2025-04-29 14:16:05 - Processando pergunta 9, resposta_valor: 
2025-04-29 14:17:24 - Prefeitura ID: 45
2025-04-29 14:17:24 - Total de perguntas recuperadas: 9
2025-04-29 14:17:24 - Respostas recuperadas: {"1":"Ficamos sabendo do Programa de Compliance Municipal por meio do convite recebido via e-mail e tamb\u00e9m atrav\u00e9s do presidente da FGM, Paulo Vitor Avelar, que \u00e9 o prefeito de nosso munic\u00edpio e teve a iniciativa de participar","2":"Sim","14":"Munic\u00edpio de Jaragu\u00e1|0|90|0|90","4":"N\u00e3o","5":"Sim","6":"Em m\u00e9dia 04-06 horas semanais, podendo variar conforme a necessidade","7":"Sim","8":"A infraestrutura representa um desafio, devido \u00e0  insufici\u00eancia de equipamentos adequados, como c\u00e2meras de v\u00eddeo e \u00e1udio, que s\u00e3o essenciais para garantir a qualidade das reuni\u00f5es virtuais e presenciais. Contudo, estamos comprometidos em superar esses obst\u00e1culos e buscar solu\u00e7\u00f5es que assegurem a participa\u00e7\u00e3o plena e o sucesso de Jaragu\u00e1\/GO no PCM 2025.","9":"As principais raz\u00f5es para que Jaragu\u00e1\/GO seja selecionado para participar do PCM 2025 est\u00e3o relacionadas ao avan\u00e7o cont\u00ednuo da administra\u00e7\u00e3o municipal em \u00e1reas fundamentais para a boa gest\u00e3o p\u00fablica. O munic\u00edpio j\u00e1 vem implementando pr\u00e1ticas de Gest\u00e3o de Riscos, identificando e mitigando poss\u00edveis obst\u00e1culos com o objetivo de garantir a continuidade e efici\u00eancia das a\u00e7\u00f5es p\u00fablicas. Al\u00e9m disso, a \u00e9tica tem sido um princ\u00edpio norteador, promovendo uma gest\u00e3o transparente e respons\u00e1vel em todas as suas a\u00e7\u00f5es.\r\n\r\nA transpar\u00eancia e a ouvidoria tamb\u00e9m s\u00e3o pilares importantes na administra\u00e7\u00e3o de Jaragu\u00e1\/GO. O munic\u00edpio tem se esfor\u00e7ado para garantir que as informa\u00e7\u00f5es p\u00fablicas sejam acess\u00edveis, al\u00e9m de incentivar a participa\u00e7\u00e3o cidad\u00e3 e o controle social por meio de canais de comunica\u00e7\u00e3o eficientes.\r\n\r\nOutro ponto forte \u00e9 o investimento cont\u00ednuo em capacita\u00e7\u00e3o dos servidores p\u00fablicos, promovendo o desenvolvimento profissional e a qualifica\u00e7\u00e3o dos colaboradores para uma gest\u00e3o mais eficiente e inovadora. Esses aspectos, aliados \u00e0 determina\u00e7\u00e3o da administra\u00e7\u00e3o em aprimorar ainda mais suas pr\u00e1ticas, tornam Jaragu\u00e1\/GO um candidato ideal para integrar o PCM 2025 e continuar seu caminho de transforma\u00e7\u00e3o e excel\u00eancia na gest\u00e3o p\u00fablica."}
2025-04-29 14:17:24 - Formulário enviado: {"resposta":{"1":"Ficamos sabendo do Programa de Compliance Municipal por meio do convite recebido via e-mail e tamb\u00e9m atrav\u00e9s do presidente da FGM, Paulo Vitor Avelar, que \u00e9 o prefeito de nosso munic\u00edpio e teve a iniciativa de participar","2":{"sim_nao":"Sim"},"4":{"sim_nao":"N\u00e3o","eixo":""},"5":"Sim","6":"Em m\u00e9dia 04-06 horas semanais, podendo variar conforme a necessidade","7":{"sim_nao":"Sim"},"8":"A infraestrutura representa um desafio, devido \u00e0  insufici\u00eancia de equipamentos adequados, como c\u00e2meras de v\u00eddeo e \u00e1udio, que s\u00e3o essenciais para garantir a qualidade das reuni\u00f5es virtuais e presenciais. Contudo, estamos comprometidos em superar esses obst\u00e1culos e buscar solu\u00e7\u00f5es que assegurem a participa\u00e7\u00e3o plena e o sucesso de Jaragu\u00e1\/GO no PCM 2025.","9":"As principais raz\u00f5es para que Jaragu\u00e1\/GO seja selecionado para participar do PCM 2025 est\u00e3o relacionadas ao avan\u00e7o cont\u00ednuo da administra\u00e7\u00e3o municipal em \u00e1reas fundamentais para a boa gest\u00e3o p\u00fablica. O munic\u00edpio j\u00e1 vem implementando pr\u00e1ticas de Gest\u00e3o de Riscos, identificando e mitigando poss\u00edveis obst\u00e1culos com o objetivo de garantir a continuidade e efici\u00eancia das a\u00e7\u00f5es p\u00fablicas. Al\u00e9m disso, a \u00e9tica tem sido um princ\u00edpio norteador, promovendo uma gest\u00e3o transparente e respons\u00e1vel em todas as suas a\u00e7\u00f5es.\r\n\r\nA transpar\u00eancia e a ouvidoria tamb\u00e9m s\u00e3o pilares importantes na administra\u00e7\u00e3o de Jaragu\u00e1\/GO. O munic\u00edpio tem se esfor\u00e7ado para garantir que as informa\u00e7\u00f5es p\u00fablicas sejam acess\u00edveis, al\u00e9m de incentivar a participa\u00e7\u00e3o cidad\u00e3 e o controle social por meio de canais de comunica\u00e7\u00e3o eficientes.\r\n\r\nOutro ponto forte \u00e9 o investimento cont\u00ednuo em capacita\u00e7\u00e3o dos servidores p\u00fablicos, promovendo o desenvolvimento profissional e a qualifica\u00e7\u00e3o dos colaboradores para uma gest\u00e3o mais eficiente e inovadora. Esses aspectos, aliados \u00e0 determina\u00e7\u00e3o da administra\u00e7\u00e3o em aprimorar ainda mais suas pr\u00e1ticas, tornam Jaragu\u00e1\/GO um candidato ideal para integrar o PCM 2025 e continuar seu caminho de transforma\u00e7\u00e3o e excel\u00eancia na gest\u00e3o p\u00fablica."},"justificativa":{"2":"","4":"","5":"","7":""},"secretaria":{"14":["Munic\u00edpio de Jaragu\u00e1"]},"efetivos":{"14":["0"]},"comissionados":{"14":["90"]},"temporarios":{"14":["0"]},"salvar":""}
2025-04-29 14:17:24 - Atualizada resposta para pergunta 1: Ficamos sabendo do Programa de Compliance Municipal por meio do convite recebido via e-mail e também através do presidente da FGM, Paulo Vitor Avelar, que é o prefeito de nosso município e teve a iniciativa de participar
2025-04-29 14:17:25 - Atualizada resposta para pergunta 2: Sim
2025-04-29 14:17:25 - Pergunta 14 (planilha) - Resposta gerada: Município de Jaraguá|0|90|0|90
2025-04-29 14:17:25 - Atualizada resposta para pergunta 14: Município de Jaraguá|0|90|0|90
2025-04-29 14:17:25 - Atualizada resposta para pergunta 4: Não
2025-04-29 14:17:26 - Atualizada resposta para pergunta 5: Sim
2025-04-29 14:17:26 - Atualizada resposta para pergunta 6: Em média 04-06 horas semanais, podendo variar conforme a necessidade
2025-04-29 14:17:26 - Atualizada resposta para pergunta 7: Sim
2025-04-29 14:17:26 - Atualizada resposta para pergunta 8: A infraestrutura representa um desafio, devido à  insuficiência de equipamentos adequados, como câmeras de vídeo e áudio, que são essenciais para garantir a qualidade das reuniões virtuais e presenciais. Contudo, estamos comprometidos em superar esses obstáculos e buscar soluções que assegurem a participação plena e o sucesso de Jaraguá/GO no PCM 2025.
2025-04-29 14:17:26 - Atualizada resposta para pergunta 9: As principais razões para que Jaraguá/GO seja selecionado para participar do PCM 2025 estão relacionadas ao avanço contínuo da administração municipal em áreas fundamentais para a boa gestão pública. O município já vem implementando práticas de Gestão de Riscos, identificando e mitigando possíveis obstáculos com o objetivo de garantir a continuidade e eficiência das ações públicas. Além disso, a ética tem sido um princípio norteador, promovendo uma gestão transparente e responsável em todas as suas ações.

A transparência e a ouvidoria também são pilares importantes na administração de Jaraguá/GO. O município tem se esforçado para garantir que as informações públicas sejam acessíveis, além de incentivar a participação cidadã e o controle social por meio de canais de comunicação eficientes.

Outro ponto forte é o investimento contínuo em capacitação dos servidores públicos, promovendo o desenvolvimento profissional e a qualificação dos colaboradores para uma gestão mais eficiente e inovadora. Esses aspectos, aliados à determinação da administração em aprimorar ainda mais suas práticas, tornam Jaraguá/GO um candidato ideal para integrar o PCM 2025 e continuar seu caminho de transformação e excelência na gestão pública.
2025-04-29 14:17:27 - Salvamento concluído com sucesso
2025-04-29 14:17:27 - Prefeitura ID: 45
2025-04-29 14:17:27 - Total de perguntas recuperadas: 9
2025-04-29 14:17:27 - Respostas recuperadas: {"1":"Ficamos sabendo do Programa de Compliance Municipal por meio do convite recebido via e-mail e tamb\u00e9m atrav\u00e9s do presidente da FGM, Paulo Vitor Avelar, que \u00e9 o prefeito de nosso munic\u00edpio e teve a iniciativa de participar","2":"Sim","14":"Munic\u00edpio de Jaragu\u00e1|0|90|0|90","4":"N\u00e3o","5":"Sim","6":"Em m\u00e9dia 04-06 horas semanais, podendo variar conforme a necessidade","7":"Sim","8":"A infraestrutura representa um desafio, devido \u00e0  insufici\u00eancia de equipamentos adequados, como c\u00e2meras de v\u00eddeo e \u00e1udio, que s\u00e3o essenciais para garantir a qualidade das reuni\u00f5es virtuais e presenciais. Contudo, estamos comprometidos em superar esses obst\u00e1culos e buscar solu\u00e7\u00f5es que assegurem a participa\u00e7\u00e3o plena e o sucesso de Jaragu\u00e1\/GO no PCM 2025.","9":"As principais raz\u00f5es para que Jaragu\u00e1\/GO seja selecionado para participar do PCM 2025 est\u00e3o relacionadas ao avan\u00e7o cont\u00ednuo da administra\u00e7\u00e3o municipal em \u00e1reas fundamentais para a boa gest\u00e3o p\u00fablica. O munic\u00edpio j\u00e1 vem implementando pr\u00e1ticas de Gest\u00e3o de Riscos, identificando e mitigando poss\u00edveis obst\u00e1culos com o objetivo de garantir a continuidade e efici\u00eancia das a\u00e7\u00f5es p\u00fablicas. Al\u00e9m disso, a \u00e9tica tem sido um princ\u00edpio norteador, promovendo uma gest\u00e3o transparente e respons\u00e1vel em todas as suas a\u00e7\u00f5es.\r\n\r\nA transpar\u00eancia e a ouvidoria tamb\u00e9m s\u00e3o pilares importantes na administra\u00e7\u00e3o de Jaragu\u00e1\/GO. O munic\u00edpio tem se esfor\u00e7ado para garantir que as informa\u00e7\u00f5es p\u00fablicas sejam acess\u00edveis, al\u00e9m de incentivar a participa\u00e7\u00e3o cidad\u00e3 e o controle social por meio de canais de comunica\u00e7\u00e3o eficientes.\r\n\r\nOutro ponto forte \u00e9 o investimento cont\u00ednuo em capacita\u00e7\u00e3o dos servidores p\u00fablicos, promovendo o desenvolvimento profissional e a qualifica\u00e7\u00e3o dos colaboradores para uma gest\u00e3o mais eficiente e inovadora. Esses aspectos, aliados \u00e0 determina\u00e7\u00e3o da administra\u00e7\u00e3o em aprimorar ainda mais suas pr\u00e1ticas, tornam Jaragu\u00e1\/GO um candidato ideal para integrar o PCM 2025 e continuar seu caminho de transforma\u00e7\u00e3o e excel\u00eancia na gest\u00e3o p\u00fablica."}
2025-04-29 14:17:27 - Processando pergunta 1, resposta_valor: Ficamos sabendo do Programa de Compliance Municipal por meio do convite recebido via e-mail e também através do presidente da FGM, Paulo Vitor Avelar, que é o prefeito de nosso município e teve a iniciativa de participar
2025-04-29 14:17:28 - Processando pergunta 2, resposta_valor: Sim
2025-04-29 14:17:28 - Pergunta 2 - resposta_sim_nao: Sim, justificativa_valor: 
2025-04-29 14:17:28 - Processando pergunta 14, resposta_valor: Município de Jaraguá|0|90|0|90
2025-04-29 14:17:28 - Pergunta 14 (planilha) - linhas brutas: ["Munic\u00edpio de Jaragu\u00e1|0|90|0|90"]
2025-04-29 14:17:29 - Pergunta 14 (planilha) - dados da linha: ["Munic\u00edpio de Jaragu\u00e1","0","90","0","90"]
2025-04-29 14:17:29 - Pergunta 14 (planilha) - planilha_data: [{"secretaria":"Munic\u00edpio de Jaragu\u00e1","efetivos":"0","comissionados":"90","temporarios":"0","total_parcial":"90"}]
2025-04-29 14:17:29 - Processando pergunta 4, resposta_valor: Não
2025-04-29 14:17:29 - Pergunta 4 - resposta_sim_nao: Não, eixo_selecionado: , justificativa_valor: 
2025-04-29 14:17:29 - Processando pergunta 5, resposta_valor: Sim
2025-04-29 14:17:30 - Pergunta 5 - resposta_sim_nao: Sim, justificativa_valor: 
2025-04-29 14:17:30 - Processando pergunta 6, resposta_valor: Em média 04-06 horas semanais, podendo variar conforme a necessidade
2025-04-29 14:17:30 - Processando pergunta 7, resposta_valor: Sim
2025-04-29 14:17:30 - Pergunta 7 - resposta_sim_nao: Sim, justificativa_valor: 
2025-04-29 14:17:31 - Processando pergunta 8, resposta_valor: A infraestrutura representa um desafio, devido à  insuficiência de equipamentos adequados, como câmeras de vídeo e áudio, que são essenciais para garantir a qualidade das reuniões virtuais e presenciais. Contudo, estamos comprometidos em superar esses obstáculos e buscar soluções que assegurem a participação plena e o sucesso de Jaraguá/GO no PCM 2025.
2025-04-29 14:17:31 - Pergunta 8 - resposta_valor: A infraestrutura representa um desafio, devido à  insuficiência de equipamentos adequados, como câmeras de vídeo e áudio, que são essenciais para garantir a qualidade das reuniões virtuais e presenciais. Contudo, estamos comprometidos em superar esses obstáculos e buscar soluções que assegurem a participação plena e o sucesso de Jaraguá/GO no PCM 2025., outras_respostas_valor: 
2025-04-29 14:17:31 - Processando pergunta 9, resposta_valor: As principais razões para que Jaraguá/GO seja selecionado para participar do PCM 2025 estão relacionadas ao avanço contínuo da administração municipal em áreas fundamentais para a boa gestão pública. O município já vem implementando práticas de Gestão de Riscos, identificando e mitigando possíveis obstáculos com o objetivo de garantir a continuidade e eficiência das ações públicas. Além disso, a ética tem sido um princípio norteador, promovendo uma gestão transparente e responsável em todas as suas ações.

A transparência e a ouvidoria também são pilares importantes na administração de Jaraguá/GO. O município tem se esforçado para garantir que as informações públicas sejam acessíveis, além de incentivar a participação cidadã e o controle social por meio de canais de comunicação eficientes.

Outro ponto forte é o investimento contínuo em capacitação dos servidores públicos, promovendo o desenvolvimento profissional e a qualificação dos colaboradores para uma gestão mais eficiente e inovadora. Esses aspectos, aliados à determinação da administração em aprimorar ainda mais suas práticas, tornam Jaraguá/GO um candidato ideal para integrar o PCM 2025 e continuar seu caminho de transformação e excelência na gestão pública.
2025-04-29 14:17:38 - Prefeitura ID: 45
2025-04-29 14:17:39 - Total de perguntas recuperadas: 9
2025-04-29 14:17:39 - Respostas recuperadas: {"1":"Ficamos sabendo do Programa de Compliance Municipal por meio do convite recebido via e-mail e tamb\u00e9m atrav\u00e9s do presidente da FGM, Paulo Vitor Avelar, que \u00e9 o prefeito de nosso munic\u00edpio e teve a iniciativa de participar","2":"Sim","14":"Munic\u00edpio de Jaragu\u00e1|0|90|0|90","4":"N\u00e3o","5":"Sim","6":"Em m\u00e9dia 04-06 horas semanais, podendo variar conforme a necessidade","7":"Sim","8":"A infraestrutura representa um desafio, devido \u00e0  insufici\u00eancia de equipamentos adequados, como c\u00e2meras de v\u00eddeo e \u00e1udio, que s\u00e3o essenciais para garantir a qualidade das reuni\u00f5es virtuais e presenciais. Contudo, estamos comprometidos em superar esses obst\u00e1culos e buscar solu\u00e7\u00f5es que assegurem a participa\u00e7\u00e3o plena e o sucesso de Jaragu\u00e1\/GO no PCM 2025.","9":"As principais raz\u00f5es para que Jaragu\u00e1\/GO seja selecionado para participar do PCM 2025 est\u00e3o relacionadas ao avan\u00e7o cont\u00ednuo da administra\u00e7\u00e3o municipal em \u00e1reas fundamentais para a boa gest\u00e3o p\u00fablica. O munic\u00edpio j\u00e1 vem implementando pr\u00e1ticas de Gest\u00e3o de Riscos, identificando e mitigando poss\u00edveis obst\u00e1culos com o objetivo de garantir a continuidade e efici\u00eancia das a\u00e7\u00f5es p\u00fablicas. Al\u00e9m disso, a \u00e9tica tem sido um princ\u00edpio norteador, promovendo uma gest\u00e3o transparente e respons\u00e1vel em todas as suas a\u00e7\u00f5es.\r\n\r\nA transpar\u00eancia e a ouvidoria tamb\u00e9m s\u00e3o pilares importantes na administra\u00e7\u00e3o de Jaragu\u00e1\/GO. O munic\u00edpio tem se esfor\u00e7ado para garantir que as informa\u00e7\u00f5es p\u00fablicas sejam acess\u00edveis, al\u00e9m de incentivar a participa\u00e7\u00e3o cidad\u00e3 e o controle social por meio de canais de comunica\u00e7\u00e3o eficientes.\r\n\r\nOutro ponto forte \u00e9 o investimento cont\u00ednuo em capacita\u00e7\u00e3o dos servidores p\u00fablicos, promovendo o desenvolvimento profissional e a qualifica\u00e7\u00e3o dos colaboradores para uma gest\u00e3o mais eficiente e inovadora. Esses aspectos, aliados \u00e0 determina\u00e7\u00e3o da administra\u00e7\u00e3o em aprimorar ainda mais suas pr\u00e1ticas, tornam Jaragu\u00e1\/GO um candidato ideal para integrar o PCM 2025 e continuar seu caminho de transforma\u00e7\u00e3o e excel\u00eancia na gest\u00e3o p\u00fablica."}
2025-04-29 14:17:39 - Processando pergunta 1, resposta_valor: Ficamos sabendo do Programa de Compliance Municipal por meio do convite recebido via e-mail e também através do presidente da FGM, Paulo Vitor Avelar, que é o prefeito de nosso município e teve a iniciativa de participar
2025-04-29 14:17:39 - Processando pergunta 2, resposta_valor: Sim
2025-04-29 14:17:40 - Pergunta 2 - resposta_sim_nao: Sim, justificativa_valor: 
2025-04-29 14:17:40 - Processando pergunta 14, resposta_valor: Município de Jaraguá|0|90|0|90
2025-04-29 14:17:40 - Pergunta 14 (planilha) - linhas brutas: ["Munic\u00edpio de Jaragu\u00e1|0|90|0|90"]
2025-04-29 14:17:40 - Pergunta 14 (planilha) - dados da linha: ["Munic\u00edpio de Jaragu\u00e1","0","90","0","90"]
2025-04-29 14:17:40 - Pergunta 14 (planilha) - planilha_data: [{"secretaria":"Munic\u00edpio de Jaragu\u00e1","efetivos":"0","comissionados":"90","temporarios":"0","total_parcial":"90"}]
2025-04-29 14:17:41 - Processando pergunta 4, resposta_valor: Não
2025-04-29 14:17:41 - Pergunta 4 - resposta_sim_nao: Não, eixo_selecionado: , justificativa_valor: 
2025-04-29 14:17:41 - Processando pergunta 5, resposta_valor: Sim
2025-04-29 14:17:41 - Pergunta 5 - resposta_sim_nao: Sim, justificativa_valor: 
2025-04-29 14:17:41 - Processando pergunta 6, resposta_valor: Em média 04-06 horas semanais, podendo variar conforme a necessidade
2025-04-29 14:17:42 - Processando pergunta 7, resposta_valor: Sim
2025-04-29 14:17:42 - Pergunta 7 - resposta_sim_nao: Sim, justificativa_valor: 
2025-04-29 14:17:42 - Processando pergunta 8, resposta_valor: A infraestrutura representa um desafio, devido à  insuficiência de equipamentos adequados, como câmeras de vídeo e áudio, que são essenciais para garantir a qualidade das reuniões virtuais e presenciais. Contudo, estamos comprometidos em superar esses obstáculos e buscar soluções que assegurem a participação plena e o sucesso de Jaraguá/GO no PCM 2025.
2025-04-29 14:17:42 - Pergunta 8 - resposta_valor: A infraestrutura representa um desafio, devido à  insuficiência de equipamentos adequados, como câmeras de vídeo e áudio, que são essenciais para garantir a qualidade das reuniões virtuais e presenciais. Contudo, estamos comprometidos em superar esses obstáculos e buscar soluções que assegurem a participação plena e o sucesso de Jaraguá/GO no PCM 2025., outras_respostas_valor: 
2025-04-29 14:17:42 - Processando pergunta 9, resposta_valor: As principais razões para que Jaraguá/GO seja selecionado para participar do PCM 2025 estão relacionadas ao avanço contínuo da administração municipal em áreas fundamentais para a boa gestão pública. O município já vem implementando práticas de Gestão de Riscos, identificando e mitigando possíveis obstáculos com o objetivo de garantir a continuidade e eficiência das ações públicas. Além disso, a ética tem sido um princípio norteador, promovendo uma gestão transparente e responsável em todas as suas ações.

A transparência e a ouvidoria também são pilares importantes na administração de Jaraguá/GO. O município tem se esforçado para garantir que as informações públicas sejam acessíveis, além de incentivar a participação cidadã e o controle social por meio de canais de comunicação eficientes.

Outro ponto forte é o investimento contínuo em capacitação dos servidores públicos, promovendo o desenvolvimento profissional e a qualificação dos colaboradores para uma gestão mais eficiente e inovadora. Esses aspectos, aliados à determinação da administração em aprimorar ainda mais suas práticas, tornam Jaraguá/GO um candidato ideal para integrar o PCM 2025 e continuar seu caminho de transformação e excelência na gestão pública.
2025-04-29 14:21:58 - Prefeitura ID: 65
2025-04-29 14:21:58 - Total de perguntas recuperadas: 9
2025-04-29 14:21:58 - Respostas recuperadas: {"1":"WENDERSON DE ASSIS RODRIGUES","2":"Sim"}
2025-04-29 14:21:58 - Processando pergunta 1, resposta_valor: WENDERSON DE ASSIS RODRIGUES
2025-04-29 14:21:58 - Processando pergunta 2, resposta_valor: Sim
2025-04-29 14:21:58 - Pergunta 2 - resposta_sim_nao: Sim, justificativa_valor: 
2025-04-29 14:21:58 - Processando pergunta 14, resposta_valor: 
2025-04-29 14:21:58 - Processando pergunta 4, resposta_valor: 
2025-04-29 14:21:58 - Processando pergunta 5, resposta_valor: 
2025-04-29 14:21:58 - Processando pergunta 6, resposta_valor: 
2025-04-29 14:21:58 - Processando pergunta 7, resposta_valor: 
2025-04-29 14:21:59 - Processando pergunta 8, resposta_valor: 
2025-04-29 14:21:59 - Processando pergunta 9, resposta_valor: 
2025-04-29 14:30:48 - Prefeitura ID: 56
2025-04-29 14:30:48 - Total de perguntas recuperadas: 9
2025-04-29 14:30:48 - Respostas recuperadas: {"1":"Positiva","2":"Sim","14":"MEIO AMBIENTE|1|1|1|3|3","4":"Sim|Transpar\u00eancia\/Ouvidoria|ESSENCIAL"}
2025-04-29 14:30:48 - Processando pergunta 1, resposta_valor: Positiva
2025-04-29 14:30:48 - Processando pergunta 2, resposta_valor: Sim
2025-04-29 14:30:49 - Pergunta 2 - resposta_sim_nao: Sim, justificativa_valor: 
2025-04-29 14:30:49 - Processando pergunta 14, resposta_valor: MEIO AMBIENTE|1|1|1|3|3
2025-04-29 14:30:49 - Pergunta 14 (planilha) - linhas brutas: ["MEIO AMBIENTE|1|1|1|3|3"]
2025-04-29 14:30:49 - Pergunta 14 (planilha) - dados da linha: ["MEIO AMBIENTE","1","1","1","3","3"]
2025-04-29 14:30:49 - Pergunta 14 (planilha) - planilha_data: [{"secretaria":"MEIO AMBIENTE","efetivos":"1","comissionados":"1","temporarios":"1","total_parcial":"3"}]
2025-04-29 14:30:49 - Processando pergunta 4, resposta_valor: Sim|Transparência/Ouvidoria|ESSENCIAL
2025-04-29 14:30:49 - Pergunta 4 - resposta_sim_nao: Sim, eixo_selecionado: Transparência/Ouvidoria, justificativa_valor: ESSENCIAL
2025-04-29 14:30:49 - Processando pergunta 5, resposta_valor: 
2025-04-29 14:30:49 - Processando pergunta 6, resposta_valor: 
2025-04-29 14:30:49 - Processando pergunta 7, resposta_valor: 
2025-04-29 14:30:49 - Processando pergunta 8, resposta_valor: 
2025-04-29 14:30:49 - Processando pergunta 9, resposta_valor: 
2025-04-29 14:31:58 - Prefeitura ID: 9
2025-04-29 14:31:59 - Total de perguntas recuperadas: 9
2025-04-29 14:31:59 - Respostas recuperadas: {"1":"Secretaria Municipal de Controle Interno de Itapuranga. Sim teve total apoio da Gest\u00e3o municipal para a participa\u00e7\u00e3o de Itapuranga pois reflete a melhoria da Governan\u00e7a publica, \u00e9tica, transpar\u00eancia e gest\u00e3o de riscos, alinhando-se aos objetivos do programa para fortalecer a confian\u00e7a da popula\u00e7\u00e3o na administra\u00e7\u00e3o local.","2":"Sim","14":"Prefeitura Municipal de Itapuranga|129|83|0|212","4":"N\u00e3o","5":"Sim","6":"04 horas semanais","7":"Sim","8":"Interesse dos servidores nas capacita\u00e7\u00f5es virtuais, em fun\u00e7\u00e3o dos servidores estarem desmotivados e os cursos n\u00e3o serem vistos como algo compensativo, no sentido financeiro.","9":"A raz\u00e3o principal \u00e9 o comprometimento da administra\u00e7\u00e3o demonstrando o interesse em aderir ao programa e a responsabilidade com o uso dos recursos p\u00fablicos, principalmente com o compromisso da transpar\u00eancia publica."}
2025-04-29 14:31:59 - Processando pergunta 1, resposta_valor: Secretaria Municipal de Controle Interno de Itapuranga. Sim teve total apoio da Gestão municipal para a participação de Itapuranga pois reflete a melhoria da Governança publica, ética, transparência e gestão de riscos, alinhando-se aos objetivos do programa para fortalecer a confiança da população na administração local.
2025-04-29 14:31:59 - Processando pergunta 2, resposta_valor: Sim
2025-04-29 14:31:59 - Pergunta 2 - resposta_sim_nao: Sim, justificativa_valor: 
2025-04-29 14:31:59 - Processando pergunta 14, resposta_valor: Prefeitura Municipal de Itapuranga|129|83|0|212
2025-04-29 14:31:59 - Pergunta 14 (planilha) - linhas brutas: ["Prefeitura Municipal de Itapuranga|129|83|0|212"]
2025-04-29 14:31:59 - Pergunta 14 (planilha) - dados da linha: ["Prefeitura Municipal de Itapuranga","129","83","0","212"]
2025-04-29 14:31:59 - Pergunta 14 (planilha) - planilha_data: [{"secretaria":"Prefeitura Municipal de Itapuranga","efetivos":"129","comissionados":"83","temporarios":"0","total_parcial":"212"}]
2025-04-29 14:31:59 - Processando pergunta 4, resposta_valor: Não
2025-04-29 14:31:59 - Pergunta 4 - resposta_sim_nao: Não, eixo_selecionado: , justificativa_valor: 
2025-04-29 14:31:59 - Processando pergunta 5, resposta_valor: Sim
2025-04-29 14:31:59 - Pergunta 5 - resposta_sim_nao: Sim, justificativa_valor: 
2025-04-29 14:31:59 - Processando pergunta 6, resposta_valor: 04 horas semanais
2025-04-29 14:31:59 - Processando pergunta 7, resposta_valor: Sim
2025-04-29 14:32:00 - Pergunta 7 - resposta_sim_nao: Sim, justificativa_valor: 
2025-04-29 14:32:00 - Processando pergunta 8, resposta_valor: Interesse dos servidores nas capacitações virtuais, em função dos servidores estarem desmotivados e os cursos não serem vistos como algo compensativo, no sentido financeiro.
2025-04-29 14:32:00 - Pergunta 8 - resposta_valor: Interesse dos servidores nas capacitações virtuais, em função dos servidores estarem desmotivados e os cursos não serem vistos como algo compensativo, no sentido financeiro., outras_respostas_valor: 
2025-04-29 14:32:00 - Processando pergunta 9, resposta_valor: A razão principal é o comprometimento da administração demonstrando o interesse em aderir ao programa e a responsabilidade com o uso dos recursos públicos, principalmente com o compromisso da transparência publica.
2025-04-29 14:38:56 - Prefeitura ID: 9
2025-04-29 14:38:56 - Total de perguntas recuperadas: 9
2025-04-29 14:38:56 - Respostas recuperadas: {"1":"Secretaria Municipal de Controle Interno de Itapuranga. Sim teve total apoio da Gest\u00e3o municipal para a participa\u00e7\u00e3o de Itapuranga pois reflete a melhoria da Governan\u00e7a publica, \u00e9tica, transpar\u00eancia e gest\u00e3o de riscos, alinhando-se aos objetivos do programa para fortalecer a confian\u00e7a da popula\u00e7\u00e3o na administra\u00e7\u00e3o local.","2":"Sim","14":"Prefeitura Municipal de Itapuranga|129|83|0|212","4":"N\u00e3o","5":"Sim","6":"04 horas semanais","7":"Sim","8":"Interesse dos servidores nas capacita\u00e7\u00f5es virtuais, em fun\u00e7\u00e3o dos servidores estarem desmotivados e os cursos n\u00e3o serem vistos como algo compensativo, no sentido financeiro.","9":"A raz\u00e3o principal \u00e9 o comprometimento da administra\u00e7\u00e3o demonstrando o interesse em aderir ao programa e a responsabilidade com o uso dos recursos p\u00fablicos, principalmente com o compromisso da transpar\u00eancia publica."}
2025-04-29 14:38:56 - Formulário enviado: {"resposta":{"1":"A iniciativa de inscrever o munic\u00edpio de Itapuranga no PCM 2025 partiu da Secretaria Municipal de Controle Interno. A proposta foi prontamente acolhida pela Gest\u00e3o Municipal, que reconheceu na participa\u00e7\u00e3o uma oportunidade de fortalecer a governan\u00e7a p\u00fablica. A ades\u00e3o ao programa foi vista de forma muito positiva tanto pela administra\u00e7\u00e3o quanto pelos servidores, pois est\u00e1 alinhada aos princ\u00edpios da \u00e9tica, transpar\u00eancia e gest\u00e3o de riscos, al\u00e9m de contribuir diretamente para o aumento da confian\u00e7a da popula\u00e7\u00e3o na administra\u00e7\u00e3o local.","2":{"sim_nao":"Sim"},"4":{"sim_nao":"Sim","eixo":""},"5":"Sim","6":"At\u00e9 04 (quatro) horas por semana.","7":{"sim_nao":"Sim"},"8":"Um dos principais desafios identificados para a participa\u00e7\u00e3o do munic\u00edpio de Itapuranga no PCM 2025 \u00e9 o interesse dos servidores nas capacita\u00e7\u00f5es virtuais. Muitos demonstram desmotiva\u00e7\u00e3o, especialmente pelo fato de os cursos n\u00e3o oferecerem compensa\u00e7\u00f5es financeiras diretas, o que impacta na ades\u00e3o \u00e0s atividades formativas. Essa falta de incentivo dificulta o engajamento necess\u00e1rio para a efetiva participa\u00e7\u00e3o e aproveitamento do programa, tornando essencial a ado\u00e7\u00e3o de estrat\u00e9gias que valorizem a capacita\u00e7\u00e3o como um investimento no desenvolvimento profissional e na melhoria do servi\u00e7o p\u00fablico.","9":"A principal raz\u00e3o para que o munic\u00edpio de Itapuranga seja selecionado para participar do PCM 2025 \u00e9 o comprometimento j\u00e1 demonstrado pela administra\u00e7\u00e3o municipal com a boa governan\u00e7a e a responsabilidade na gest\u00e3o dos recursos p\u00fablicos. O munic\u00edpio tem investido de forma cont\u00ednua em pr\u00e1ticas de transpar\u00eancia, fortalecimento da \u00e9tica no servi\u00e7o p\u00fablico, funcionamento ativo da ouvidoria e implementa\u00e7\u00e3o progressiva da gest\u00e3o de riscos. Al\u00e9m disso, h\u00e1 um esfor\u00e7o constante na capacita\u00e7\u00e3o dos servidores, o que evidencia a disposi\u00e7\u00e3o da gest\u00e3o em alinhar-se aos pilares do programa e aprimorar cada vez mais os mecanismos de controle e confian\u00e7a junto \u00e0 popula\u00e7\u00e3o."},"justificativa":{"2":"","4":"","5":"","7":""},"secretaria":{"14":["Prefeitura Municipal de Itapuranga"]},"efetivos":{"14":["129"]},"comissionados":{"14":["83"]},"temporarios":{"14":["0"]},"salvar":""}
2025-04-29 14:38:56 - Atualizada resposta para pergunta 1: A iniciativa de inscrever o município de Itapuranga no PCM 2025 partiu da Secretaria Municipal de Controle Interno. A proposta foi prontamente acolhida pela Gestão Municipal, que reconheceu na participação uma oportunidade de fortalecer a governança pública. A adesão ao programa foi vista de forma muito positiva tanto pela administração quanto pelos servidores, pois está alinhada aos princípios da ética, transparência e gestão de riscos, além de contribuir diretamente para o aumento da confiança da população na administração local.
2025-04-29 14:38:57 - Atualizada resposta para pergunta 2: Sim
2025-04-29 14:38:57 - Pergunta 14 (planilha) - Resposta gerada: Prefeitura Municipal de Itapuranga|129|83|0|212
2025-04-29 14:38:57 - Atualizada resposta para pergunta 14: Prefeitura Municipal de Itapuranga|129|83|0|212
2025-04-29 14:38:57 - Erro validação pergunta 4: Selecione um eixo para a pergunta: Dentre os três eixos temáticos: Gestão de Riscos, Ética, Transparência/Ouvidoria, a serem abordados
no PCM 2025, há algum que a administração do município considere prioritário?
2025-04-29 14:38:57 - Salvamento falhou: Selecione um eixo para a pergunta: Dentre os três eixos temáticos: Gestão de Riscos, Ética, Transparência/Ouvidoria, a serem abordados
no PCM 2025, há algum que a administração do município considere prioritário?
2025-04-29 14:38:57 - Processando pergunta 1, resposta_valor: Secretaria Municipal de Controle Interno de Itapuranga. Sim teve total apoio da Gestão municipal para a participação de Itapuranga pois reflete a melhoria da Governança publica, ética, transparência e gestão de riscos, alinhando-se aos objetivos do programa para fortalecer a confiança da população na administração local.
2025-04-29 14:38:57 - Processando pergunta 2, resposta_valor: Sim
2025-04-29 14:38:57 - Pergunta 2 - resposta_sim_nao: Sim, justificativa_valor: 
2025-04-29 14:38:57 - Processando pergunta 14, resposta_valor: Prefeitura Municipal de Itapuranga|129|83|0|212
2025-04-29 14:38:57 - Pergunta 14 (planilha) - linhas brutas: ["Prefeitura Municipal de Itapuranga|129|83|0|212"]
2025-04-29 14:38:57 - Pergunta 14 (planilha) - dados da linha: ["Prefeitura Municipal de Itapuranga","129","83","0","212"]
2025-04-29 14:38:57 - Pergunta 14 (planilha) - planilha_data: [{"secretaria":"Prefeitura Municipal de Itapuranga","efetivos":"129","comissionados":"83","temporarios":"0","total_parcial":"212"}]
2025-04-29 14:38:57 - Processando pergunta 4, resposta_valor: Não
2025-04-29 14:38:57 - Pergunta 4 - resposta_sim_nao: Não, eixo_selecionado: , justificativa_valor: 
2025-04-29 14:38:57 - Processando pergunta 5, resposta_valor: Sim
2025-04-29 14:38:58 - Pergunta 5 - resposta_sim_nao: Sim, justificativa_valor: 
2025-04-29 14:38:58 - Processando pergunta 6, resposta_valor: 04 horas semanais
2025-04-29 14:38:58 - Processando pergunta 7, resposta_valor: Sim
2025-04-29 14:38:58 - Pergunta 7 - resposta_sim_nao: Sim, justificativa_valor: 
2025-04-29 14:38:58 - Processando pergunta 8, resposta_valor: Interesse dos servidores nas capacitações virtuais, em função dos servidores estarem desmotivados e os cursos não serem vistos como algo compensativo, no sentido financeiro.
2025-04-29 14:38:58 - Pergunta 8 - resposta_valor: Interesse dos servidores nas capacitações virtuais, em função dos servidores estarem desmotivados e os cursos não serem vistos como algo compensativo, no sentido financeiro., outras_respostas_valor: 
2025-04-29 14:38:58 - Processando pergunta 9, resposta_valor: A razão principal é o comprometimento da administração demonstrando o interesse em aderir ao programa e a responsabilidade com o uso dos recursos públicos, principalmente com o compromisso da transparência publica.
2025-04-29 14:39:40 - Prefeitura ID: 9
2025-04-29 14:39:40 - Total de perguntas recuperadas: 9
2025-04-29 14:39:40 - Respostas recuperadas: {"1":"A iniciativa de inscrever o munic\u00edpio de Itapuranga no PCM 2025 partiu da Secretaria Municipal de Controle Interno. A proposta foi prontamente acolhida pela Gest\u00e3o Municipal, que reconheceu na participa\u00e7\u00e3o uma oportunidade de fortalecer a governan\u00e7a p\u00fablica. A ades\u00e3o ao programa foi vista de forma muito positiva tanto pela administra\u00e7\u00e3o quanto pelos servidores, pois est\u00e1 alinhada aos princ\u00edpios da \u00e9tica, transpar\u00eancia e gest\u00e3o de riscos, al\u00e9m de contribuir diretamente para o aumento da confian\u00e7a da popula\u00e7\u00e3o na administra\u00e7\u00e3o local.","2":"Sim","14":"Prefeitura Municipal de Itapuranga|129|83|0|212","4":"N\u00e3o","5":"Sim","6":"04 horas semanais","7":"Sim","8":"Interesse dos servidores nas capacita\u00e7\u00f5es virtuais, em fun\u00e7\u00e3o dos servidores estarem desmotivados e os cursos n\u00e3o serem vistos como algo compensativo, no sentido financeiro.","9":"A raz\u00e3o principal \u00e9 o comprometimento da administra\u00e7\u00e3o demonstrando o interesse em aderir ao programa e a responsabilidade com o uso dos recursos p\u00fablicos, principalmente com o compromisso da transpar\u00eancia publica."}
2025-04-29 14:39:40 - Processando pergunta 1, resposta_valor: A iniciativa de inscrever o município de Itapuranga no PCM 2025 partiu da Secretaria Municipal de Controle Interno. A proposta foi prontamente acolhida pela Gestão Municipal, que reconheceu na participação uma oportunidade de fortalecer a governança pública. A adesão ao programa foi vista de forma muito positiva tanto pela administração quanto pelos servidores, pois está alinhada aos princípios da ética, transparência e gestão de riscos, além de contribuir diretamente para o aumento da confiança da população na administração local.
2025-04-29 14:39:40 - Processando pergunta 2, resposta_valor: Sim
2025-04-29 14:39:40 - Pergunta 2 - resposta_sim_nao: Sim, justificativa_valor: 
2025-04-29 14:39:40 - Processando pergunta 14, resposta_valor: Prefeitura Municipal de Itapuranga|129|83|0|212
2025-04-29 14:39:40 - Pergunta 14 (planilha) - linhas brutas: ["Prefeitura Municipal de Itapuranga|129|83|0|212"]
2025-04-29 14:39:40 - Pergunta 14 (planilha) - dados da linha: ["Prefeitura Municipal de Itapuranga","129","83","0","212"]
2025-04-29 14:39:40 - Pergunta 14 (planilha) - planilha_data: [{"secretaria":"Prefeitura Municipal de Itapuranga","efetivos":"129","comissionados":"83","temporarios":"0","total_parcial":"212"}]
2025-04-29 14:39:40 - Processando pergunta 4, resposta_valor: Não
2025-04-29 14:39:40 - Pergunta 4 - resposta_sim_nao: Não, eixo_selecionado: , justificativa_valor: 
2025-04-29 14:39:40 - Processando pergunta 5, resposta_valor: Sim
2025-04-29 14:39:40 - Pergunta 5 - resposta_sim_nao: Sim, justificativa_valor: 
2025-04-29 14:39:40 - Processando pergunta 6, resposta_valor: 04 horas semanais
2025-04-29 14:39:41 - Processando pergunta 7, resposta_valor: Sim
2025-04-29 14:39:41 - Pergunta 7 - resposta_sim_nao: Sim, justificativa_valor: 
2025-04-29 14:39:41 - Processando pergunta 8, resposta_valor: Interesse dos servidores nas capacitações virtuais, em função dos servidores estarem desmotivados e os cursos não serem vistos como algo compensativo, no sentido financeiro.
2025-04-29 14:39:41 - Pergunta 8 - resposta_valor: Interesse dos servidores nas capacitações virtuais, em função dos servidores estarem desmotivados e os cursos não serem vistos como algo compensativo, no sentido financeiro., outras_respostas_valor: 
2025-04-29 14:39:41 - Processando pergunta 9, resposta_valor: A razão principal é o comprometimento da administração demonstrando o interesse em aderir ao programa e a responsabilidade com o uso dos recursos públicos, principalmente com o compromisso da transparência publica.
2025-04-29 14:39:55 - Prefeitura ID: 9
2025-04-29 14:39:55 - Total de perguntas recuperadas: 9
2025-04-29 14:39:55 - Respostas recuperadas: {"1":"A iniciativa de inscrever o munic\u00edpio de Itapuranga no PCM 2025 partiu da Secretaria Municipal de Controle Interno. A proposta foi prontamente acolhida pela Gest\u00e3o Municipal, que reconheceu na participa\u00e7\u00e3o uma oportunidade de fortalecer a governan\u00e7a p\u00fablica. A ades\u00e3o ao programa foi vista de forma muito positiva tanto pela administra\u00e7\u00e3o quanto pelos servidores, pois est\u00e1 alinhada aos princ\u00edpios da \u00e9tica, transpar\u00eancia e gest\u00e3o de riscos, al\u00e9m de contribuir diretamente para o aumento da confian\u00e7a da popula\u00e7\u00e3o na administra\u00e7\u00e3o local.","2":"Sim","14":"Prefeitura Municipal de Itapuranga|129|83|0|212","4":"N\u00e3o","5":"Sim","6":"04 horas semanais","7":"Sim","8":"Interesse dos servidores nas capacita\u00e7\u00f5es virtuais, em fun\u00e7\u00e3o dos servidores estarem desmotivados e os cursos n\u00e3o serem vistos como algo compensativo, no sentido financeiro.","9":"A raz\u00e3o principal \u00e9 o comprometimento da administra\u00e7\u00e3o demonstrando o interesse em aderir ao programa e a responsabilidade com o uso dos recursos p\u00fablicos, principalmente com o compromisso da transpar\u00eancia publica."}
2025-04-29 14:39:55 - Formulário enviado: {"resposta":{"1":"A iniciativa de inscrever o munic\u00edpio de Itapuranga no PCM 2025 partiu da Secretaria Municipal de Controle Interno. A proposta foi prontamente acolhida pela Gest\u00e3o Municipal, que reconheceu na participa\u00e7\u00e3o uma oportunidade de fortalecer a governan\u00e7a p\u00fablica. A ades\u00e3o ao programa foi vista de forma muito positiva tanto pela administra\u00e7\u00e3o quanto pelos servidores, pois est\u00e1 alinhada aos princ\u00edpios da \u00e9tica, transpar\u00eancia e gest\u00e3o de riscos, al\u00e9m de contribuir diretamente para o aumento da confian\u00e7a da popula\u00e7\u00e3o na administra\u00e7\u00e3o local.","2":{"sim_nao":"Sim"},"4":{"sim_nao":"N\u00e3o","eixo":""},"5":"Sim","6":"At\u00e9 04 (quatro) horas por semana.","7":{"sim_nao":"Sim"},"8":"Um dos principais desafios identificados para a participa\u00e7\u00e3o do munic\u00edpio de Itapuranga no PCM 2025 \u00e9 o interesse dos servidores nas capacita\u00e7\u00f5es virtuais. Muitos demonstram desmotiva\u00e7\u00e3o, especialmente pelo fato de os cursos n\u00e3o oferecerem compensa\u00e7\u00f5es financeiras diretas, o que impacta na ades\u00e3o \u00e0s atividades formativas. Essa falta de incentivo dificulta o engajamento necess\u00e1rio para a efetiva participa\u00e7\u00e3o e aproveitamento do programa, tornando essencial a ado\u00e7\u00e3o de estrat\u00e9gias que valorizem a capacita\u00e7\u00e3o como um investimento no desenvolvimento profissional e na melhoria do servi\u00e7o p\u00fablico.","9":"A principal raz\u00e3o para que o munic\u00edpio de Itapuranga seja selecionado para participar do PCM 2025 \u00e9 o comprometimento j\u00e1 demonstrado pela administra\u00e7\u00e3o municipal com a boa governan\u00e7a e a responsabilidade na gest\u00e3o dos recursos p\u00fablicos. O munic\u00edpio tem investido de forma cont\u00ednua em pr\u00e1ticas de transpar\u00eancia, fortalecimento da \u00e9tica no servi\u00e7o p\u00fablico, funcionamento ativo da ouvidoria e implementa\u00e7\u00e3o progressiva da gest\u00e3o de riscos. Al\u00e9m disso, h\u00e1 um esfor\u00e7o constante na capacita\u00e7\u00e3o dos servidores, o que evidencia a disposi\u00e7\u00e3o da gest\u00e3o em alinhar-se aos pilares do programa e aprimorar cada vez mais os mecanismos de controle e confian\u00e7a junto \u00e0 popula\u00e7\u00e3o."},"justificativa":{"2":"","4":"","5":"","7":""},"secretaria":{"14":["Prefeitura Municipal de Itapuranga"]},"efetivos":{"14":["129"]},"comissionados":{"14":["83"]},"temporarios":{"14":["0"]},"salvar":""}
2025-04-29 14:39:55 - Atualizada resposta para pergunta 1: A iniciativa de inscrever o município de Itapuranga no PCM 2025 partiu da Secretaria Municipal de Controle Interno. A proposta foi prontamente acolhida pela Gestão Municipal, que reconheceu na participação uma oportunidade de fortalecer a governança pública. A adesão ao programa foi vista de forma muito positiva tanto pela administração quanto pelos servidores, pois está alinhada aos princípios da ética, transparência e gestão de riscos, além de contribuir diretamente para o aumento da confiança da população na administração local.
2025-04-29 14:39:56 - Atualizada resposta para pergunta 2: Sim
2025-04-29 14:39:56 - Pergunta 14 (planilha) - Resposta gerada: Prefeitura Municipal de Itapuranga|129|83|0|212
2025-04-29 14:39:56 - Atualizada resposta para pergunta 14: Prefeitura Municipal de Itapuranga|129|83|0|212
2025-04-29 14:39:56 - Atualizada resposta para pergunta 4: Não
2025-04-29 14:39:56 - Atualizada resposta para pergunta 5: Sim
2025-04-29 14:39:56 - Atualizada resposta para pergunta 6: Até 04 (quatro) horas por semana.
2025-04-29 14:39:56 - Atualizada resposta para pergunta 7: Sim
2025-04-29 14:39:56 - Atualizada resposta para pergunta 8: Um dos principais desafios identificados para a participação do município de Itapuranga no PCM 2025 é o interesse dos servidores nas capacitações virtuais. Muitos demonstram desmotivação, especialmente pelo fato de os cursos não oferecerem compensações financeiras diretas, o que impacta na adesão às atividades formativas. Essa falta de incentivo dificulta o engajamento necessário para a efetiva participação e aproveitamento do programa, tornando essencial a adoção de estratégias que valorizem a capacitação como um investimento no desenvolvimento profissional e na melhoria do serviço público.
2025-04-29 14:39:56 - Atualizada resposta para pergunta 9: A principal razão para que o município de Itapuranga seja selecionado para participar do PCM 2025 é o comprometimento já demonstrado pela administração municipal com a boa governança e a responsabilidade na gestão dos recursos públicos. O município tem investido de forma contínua em práticas de transparência, fortalecimento da ética no serviço público, funcionamento ativo da ouvidoria e implementação progressiva da gestão de riscos. Além disso, há um esforço constante na capacitação dos servidores, o que evidencia a disposição da gestão em alinhar-se aos pilares do programa e aprimorar cada vez mais os mecanismos de controle e confiança junto à população.
2025-04-29 14:39:56 - Salvamento concluído com sucesso
2025-04-29 14:39:56 - Prefeitura ID: 9
2025-04-29 14:39:56 - Total de perguntas recuperadas: 9
2025-04-29 14:39:56 - Respostas recuperadas: {"1":"A iniciativa de inscrever o munic\u00edpio de Itapuranga no PCM 2025 partiu da Secretaria Municipal de Controle Interno. A proposta foi prontamente acolhida pela Gest\u00e3o Municipal, que reconheceu na participa\u00e7\u00e3o uma oportunidade de fortalecer a governan\u00e7a p\u00fablica. A ades\u00e3o ao programa foi vista de forma muito positiva tanto pela administra\u00e7\u00e3o quanto pelos servidores, pois est\u00e1 alinhada aos princ\u00edpios da \u00e9tica, transpar\u00eancia e gest\u00e3o de riscos, al\u00e9m de contribuir diretamente para o aumento da confian\u00e7a da popula\u00e7\u00e3o na administra\u00e7\u00e3o local.","2":"Sim","14":"Prefeitura Municipal de Itapuranga|129|83|0|212","4":"N\u00e3o","5":"Sim","6":"At\u00e9 04 (quatro) horas por semana.","7":"Sim","8":"Um dos principais desafios identificados para a participa\u00e7\u00e3o do munic\u00edpio de Itapuranga no PCM 2025 \u00e9 o interesse dos servidores nas capacita\u00e7\u00f5es virtuais. Muitos demonstram desmotiva\u00e7\u00e3o, especialmente pelo fato de os cursos n\u00e3o oferecerem compensa\u00e7\u00f5es financeiras diretas, o que impacta na ades\u00e3o \u00e0s atividades formativas. Essa falta de incentivo dificulta o engajamento necess\u00e1rio para a efetiva participa\u00e7\u00e3o e aproveitamento do programa, tornando essencial a ado\u00e7\u00e3o de estrat\u00e9gias que valorizem a capacita\u00e7\u00e3o como um investimento no desenvolvimento profissional e na melhoria do servi\u00e7o p\u00fablico.","9":"A principal raz\u00e3o para que o munic\u00edpio de Itapuranga seja selecionado para participar do PCM 2025 \u00e9 o comprometimento j\u00e1 demonstrado pela administra\u00e7\u00e3o municipal com a boa governan\u00e7a e a responsabilidade na gest\u00e3o dos recursos p\u00fablicos. O munic\u00edpio tem investido de forma cont\u00ednua em pr\u00e1ticas de transpar\u00eancia, fortalecimento da \u00e9tica no servi\u00e7o p\u00fablico, funcionamento ativo da ouvidoria e implementa\u00e7\u00e3o progressiva da gest\u00e3o de riscos. Al\u00e9m disso, h\u00e1 um esfor\u00e7o constante na capacita\u00e7\u00e3o dos servidores, o que evidencia a disposi\u00e7\u00e3o da gest\u00e3o em alinhar-se aos pilares do programa e aprimorar cada vez mais os mecanismos de controle e confian\u00e7a junto \u00e0 popula\u00e7\u00e3o."}
2025-04-29 14:39:57 - Processando pergunta 1, resposta_valor: A iniciativa de inscrever o município de Itapuranga no PCM 2025 partiu da Secretaria Municipal de Controle Interno. A proposta foi prontamente acolhida pela Gestão Municipal, que reconheceu na participação uma oportunidade de fortalecer a governança pública. A adesão ao programa foi vista de forma muito positiva tanto pela administração quanto pelos servidores, pois está alinhada aos princípios da ética, transparência e gestão de riscos, além de contribuir diretamente para o aumento da confiança da população na administração local.
2025-04-29 14:39:57 - Processando pergunta 2, resposta_valor: Sim
2025-04-29 14:39:57 - Pergunta 2 - resposta_sim_nao: Sim, justificativa_valor: 
2025-04-29 14:39:57 - Processando pergunta 14, resposta_valor: Prefeitura Municipal de Itapuranga|129|83|0|212
2025-04-29 14:39:57 - Pergunta 14 (planilha) - linhas brutas: ["Prefeitura Municipal de Itapuranga|129|83|0|212"]
2025-04-29 14:39:57 - Pergunta 14 (planilha) - dados da linha: ["Prefeitura Municipal de Itapuranga","129","83","0","212"]
2025-04-29 14:39:57 - Pergunta 14 (planilha) - planilha_data: [{"secretaria":"Prefeitura Municipal de Itapuranga","efetivos":"129","comissionados":"83","temporarios":"0","total_parcial":"212"}]
2025-04-29 14:39:57 - Processando pergunta 4, resposta_valor: Não
2025-04-29 14:39:57 - Pergunta 4 - resposta_sim_nao: Não, eixo_selecionado: , justificativa_valor: 
2025-04-29 14:39:57 - Processando pergunta 5, resposta_valor: Sim
2025-04-29 14:39:57 - Pergunta 5 - resposta_sim_nao: Sim, justificativa_valor: 
2025-04-29 14:39:57 - Processando pergunta 6, resposta_valor: Até 04 (quatro) horas por semana.
2025-04-29 14:39:57 - Processando pergunta 7, resposta_valor: Sim
2025-04-29 14:39:57 - Pergunta 7 - resposta_sim_nao: Sim, justificativa_valor: 
2025-04-29 14:39:57 - Processando pergunta 8, resposta_valor: Um dos principais desafios identificados para a participação do município de Itapuranga no PCM 2025 é o interesse dos servidores nas capacitações virtuais. Muitos demonstram desmotivação, especialmente pelo fato de os cursos não oferecerem compensações financeiras diretas, o que impacta na adesão às atividades formativas. Essa falta de incentivo dificulta o engajamento necessário para a efetiva participação e aproveitamento do programa, tornando essencial a adoção de estratégias que valorizem a capacitação como um investimento no desenvolvimento profissional e na melhoria do serviço público.
2025-04-29 14:39:58 - Pergunta 8 - resposta_valor: Um dos principais desafios identificados para a participação do município de Itapuranga no PCM 2025 é o interesse dos servidores nas capacitações virtuais. Muitos demonstram desmotivação, especialmente pelo fato de os cursos não oferecerem compensações financeiras diretas, o que impacta na adesão às atividades formativas. Essa falta de incentivo dificulta o engajamento necessário para a efetiva participação e aproveitamento do programa, tornando essencial a adoção de estratégias que valorizem a capacitação como um investimento no desenvolvimento profissional e na melhoria do serviço público., outras_respostas_valor: 
2025-04-29 14:39:58 - Processando pergunta 9, resposta_valor: A principal razão para que o município de Itapuranga seja selecionado para participar do PCM 2025 é o comprometimento já demonstrado pela administração municipal com a boa governança e a responsabilidade na gestão dos recursos públicos. O município tem investido de forma contínua em práticas de transparência, fortalecimento da ética no serviço público, funcionamento ativo da ouvidoria e implementação progressiva da gestão de riscos. Além disso, há um esforço constante na capacitação dos servidores, o que evidencia a disposição da gestão em alinhar-se aos pilares do programa e aprimorar cada vez mais os mecanismos de controle e confiança junto à população.
2025-04-29 14:44:33 - Prefeitura ID: 56
2025-04-29 14:44:33 - Total de perguntas recuperadas: 9
2025-04-29 14:44:33 - Respostas recuperadas: {"1":"Positiva","2":"Sim","14":"MEIO AMBIENTE|1|1|1|3|3","4":"Sim|Transpar\u00eancia\/Ouvidoria|ESSENCIAL","5":"Sim","6":"3","7":"Sim","8":"RESPONSABILIDADE ADMINISTRATIVA","9":"TRANSPARENCIA COM O CIDAD\u00c3O"}
2025-04-29 14:44:33 - Processando pergunta 1, resposta_valor: Positiva
2025-04-29 14:44:33 - Processando pergunta 2, resposta_valor: Sim
2025-04-29 14:44:33 - Pergunta 2 - resposta_sim_nao: Sim, justificativa_valor: 
2025-04-29 14:44:33 - Processando pergunta 14, resposta_valor: MEIO AMBIENTE|1|1|1|3|3
2025-04-29 14:44:34 - Pergunta 14 (planilha) - linhas brutas: ["MEIO AMBIENTE|1|1|1|3|3"]
2025-04-29 14:44:34 - Pergunta 14 (planilha) - dados da linha: ["MEIO AMBIENTE","1","1","1","3","3"]
2025-04-29 14:44:34 - Pergunta 14 (planilha) - planilha_data: [{"secretaria":"MEIO AMBIENTE","efetivos":"1","comissionados":"1","temporarios":"1","total_parcial":"3"}]
2025-04-29 14:44:34 - Processando pergunta 4, resposta_valor: Sim|Transparência/Ouvidoria|ESSENCIAL
2025-04-29 14:44:34 - Pergunta 4 - resposta_sim_nao: Sim, eixo_selecionado: Transparência/Ouvidoria, justificativa_valor: ESSENCIAL
2025-04-29 14:44:34 - Processando pergunta 5, resposta_valor: Sim
2025-04-29 14:44:34 - Pergunta 5 - resposta_sim_nao: Sim, justificativa_valor: 
2025-04-29 14:44:34 - Processando pergunta 6, resposta_valor: 3
2025-04-29 14:44:34 - Processando pergunta 7, resposta_valor: Sim
2025-04-29 14:44:34 - Pergunta 7 - resposta_sim_nao: Sim, justificativa_valor: 
2025-04-29 14:44:34 - Processando pergunta 8, resposta_valor: RESPONSABILIDADE ADMINISTRATIVA
2025-04-29 14:44:34 - Pergunta 8 - resposta_valor: RESPONSABILIDADE ADMINISTRATIVA, outras_respostas_valor: 
2025-04-29 14:44:34 - Processando pergunta 9, resposta_valor: TRANSPARENCIA COM O CIDADÃO
2025-04-29 14:45:10 - Prefeitura ID: 56
2025-04-29 14:45:10 - Total de perguntas recuperadas: 9
2025-04-29 14:45:11 - Respostas recuperadas: {"1":"Positiva","2":"Sim","14":"MEIO AMBIENTE|1|1|1|3|3","4":"Sim|Transpar\u00eancia\/Ouvidoria|ESSENCIAL","5":"Sim","6":"3","7":"Sim","8":"RESPONSABILIDADE ADMINISTRATIVA","9":"TRANSPARENCIA COM O CIDAD\u00c3O"}
2025-04-29 14:45:11 - Formulário enviado: {"resposta":{"1":"Positiva","2":{"sim_nao":"Sim"},"4":{"sim_nao":"Sim","eixo":"Transpar\u00eancia\/Ouvidoria"},"5":"Sim","6":"3","7":{"sim_nao":"Sim"},"8":"RESPONSABILIDADE ADMINISTRATIVA","9":"TRANSPARENCIA COM O CIDAD\u00c3O"},"justificativa":{"2":"","4":"ESSENCIAL","5":"","7":""},"secretaria":{"14":["MEIO AMBIENTE"]},"efetivos":{"14":["0"]},"comissionados":{"14":["5"]},"temporarios":{"14":["0"]},"salvar":""}
2025-04-29 14:45:11 - Atualizada resposta para pergunta 1: Positiva
2025-04-29 14:45:11 - Atualizada resposta para pergunta 2: Sim
2025-04-29 14:45:11 - Pergunta 14 (planilha) - Resposta gerada: MEIO AMBIENTE|0|5|0|5
2025-04-29 14:45:11 - Atualizada resposta para pergunta 14: MEIO AMBIENTE|0|5|0|5
2025-04-29 14:45:11 - Atualizada resposta para pergunta 4: Sim|Transparência/Ouvidoria|ESSENCIAL
2025-04-29 14:45:11 - Atualizada resposta para pergunta 5: Sim
2025-04-29 14:45:11 - Atualizada resposta para pergunta 6: 3
2025-04-29 14:45:11 - Atualizada resposta para pergunta 7: Sim
2025-04-29 14:45:11 - Atualizada resposta para pergunta 8: RESPONSABILIDADE ADMINISTRATIVA
2025-04-29 14:45:11 - Atualizada resposta para pergunta 9: TRANSPARENCIA COM O CIDADÃO
2025-04-29 14:45:11 - Salvamento concluído com sucesso
2025-04-29 14:45:12 - Prefeitura ID: 56
2025-04-29 14:45:12 - Total de perguntas recuperadas: 9
2025-04-29 14:45:12 - Respostas recuperadas: {"1":"Positiva","2":"Sim","14":"MEIO AMBIENTE|0|5|0|5","4":"Sim|Transpar\u00eancia\/Ouvidoria|ESSENCIAL","5":"Sim","6":"3","7":"Sim","8":"RESPONSABILIDADE ADMINISTRATIVA","9":"TRANSPARENCIA COM O CIDAD\u00c3O"}
2025-04-29 14:45:12 - Processando pergunta 1, resposta_valor: Positiva
2025-04-29 14:45:12 - Processando pergunta 2, resposta_valor: Sim
2025-04-29 14:45:12 - Pergunta 2 - resposta_sim_nao: Sim, justificativa_valor: 
2025-04-29 14:45:12 - Processando pergunta 14, resposta_valor: MEIO AMBIENTE|0|5|0|5
2025-04-29 14:45:12 - Pergunta 14 (planilha) - linhas brutas: ["MEIO AMBIENTE|0|5|0|5"]
2025-04-29 14:45:12 - Pergunta 14 (planilha) - dados da linha: ["MEIO AMBIENTE","0","5","0","5"]
2025-04-29 14:45:12 - Pergunta 14 (planilha) - planilha_data: [{"secretaria":"MEIO AMBIENTE","efetivos":"0","comissionados":"5","temporarios":"0","total_parcial":"5"}]
2025-04-29 14:45:12 - Processando pergunta 4, resposta_valor: Sim|Transparência/Ouvidoria|ESSENCIAL
2025-04-29 14:45:12 - Pergunta 4 - resposta_sim_nao: Sim, eixo_selecionado: Transparência/Ouvidoria, justificativa_valor: ESSENCIAL
2025-04-29 14:45:12 - Processando pergunta 5, resposta_valor: Sim
2025-04-29 14:45:12 - Pergunta 5 - resposta_sim_nao: Sim, justificativa_valor: 
2025-04-29 14:45:13 - Processando pergunta 6, resposta_valor: 3
2025-04-29 14:45:13 - Processando pergunta 7, resposta_valor: Sim
2025-04-29 14:45:13 - Pergunta 7 - resposta_sim_nao: Sim, justificativa_valor: 
2025-04-29 14:45:13 - Processando pergunta 8, resposta_valor: RESPONSABILIDADE ADMINISTRATIVA
2025-04-29 14:45:13 - Pergunta 8 - resposta_valor: RESPONSABILIDADE ADMINISTRATIVA, outras_respostas_valor: 
2025-04-29 14:45:13 - Processando pergunta 9, resposta_valor: TRANSPARENCIA COM O CIDADÃO
2025-04-29 14:48:25 - Prefeitura ID: 56
2025-04-29 14:48:26 - Total de perguntas recuperadas: 9
2025-04-29 14:48:26 - Respostas recuperadas: {"1":"Positiva","2":"Sim","14":"MEIO AMBIENTE|0|5|0|5","4":"Sim|Transpar\u00eancia\/Ouvidoria|ESSENCIAL","5":"Sim","6":"3","7":"Sim","8":"RESPONSABILIDADE ADMINISTRATIVA","9":"TRANSPARENCIA COM O CIDAD\u00c3O"}
2025-04-29 14:48:26 - Processando pergunta 1, resposta_valor: Positiva
2025-04-29 14:48:26 - Processando pergunta 2, resposta_valor: Sim
2025-04-29 14:48:26 - Pergunta 2 - resposta_sim_nao: Sim, justificativa_valor: 
2025-04-29 14:48:26 - Processando pergunta 14, resposta_valor: MEIO AMBIENTE|0|5|0|5
2025-04-29 14:48:26 - Pergunta 14 (planilha) - linhas brutas: ["MEIO AMBIENTE|0|5|0|5"]
2025-04-29 14:48:26 - Pergunta 14 (planilha) - dados da linha: ["MEIO AMBIENTE","0","5","0","5"]
2025-04-29 14:48:26 - Pergunta 14 (planilha) - planilha_data: [{"secretaria":"MEIO AMBIENTE","efetivos":"0","comissionados":"5","temporarios":"0","total_parcial":"5"}]
2025-04-29 14:48:26 - Processando pergunta 4, resposta_valor: Sim|Transparência/Ouvidoria|ESSENCIAL
2025-04-29 14:48:26 - Pergunta 4 - resposta_sim_nao: Sim, eixo_selecionado: Transparência/Ouvidoria, justificativa_valor: ESSENCIAL
2025-04-29 14:48:26 - Processando pergunta 5, resposta_valor: Sim
2025-04-29 14:48:26 - Pergunta 5 - resposta_sim_nao: Sim, justificativa_valor: 
2025-04-29 14:48:26 - Processando pergunta 6, resposta_valor: 3
2025-04-29 14:48:26 - Processando pergunta 7, resposta_valor: Sim
2025-04-29 14:48:27 - Pergunta 7 - resposta_sim_nao: Sim, justificativa_valor: 
2025-04-29 14:48:27 - Processando pergunta 8, resposta_valor: RESPONSABILIDADE ADMINISTRATIVA
2025-04-29 14:48:27 - Pergunta 8 - resposta_valor: RESPONSABILIDADE ADMINISTRATIVA, outras_respostas_valor: 
2025-04-29 14:48:27 - Processando pergunta 9, resposta_valor: TRANSPARENCIA COM O CIDADÃO
2025-04-29 14:48:35 - Prefeitura ID: 56
2025-04-29 14:48:35 - Total de perguntas recuperadas: 9
2025-04-29 14:48:35 - Respostas recuperadas: {"1":"Positiva","2":"Sim","14":"MEIO AMBIENTE|0|5|0|5","4":"Sim|Transpar\u00eancia\/Ouvidoria|ESSENCIAL","5":"Sim","6":"3","7":"Sim","8":"RESPONSABILIDADE ADMINISTRATIVA","9":"TRANSPARENCIA COM O CIDAD\u00c3O"}
2025-04-29 14:48:35 - Processando pergunta 1, resposta_valor: Positiva
2025-04-29 14:48:36 - Processando pergunta 2, resposta_valor: Sim
2025-04-29 14:48:36 - Pergunta 2 - resposta_sim_nao: Sim, justificativa_valor: 
2025-04-29 14:48:36 - Processando pergunta 14, resposta_valor: MEIO AMBIENTE|0|5|0|5
2025-04-29 14:48:36 - Pergunta 14 (planilha) - linhas brutas: ["MEIO AMBIENTE|0|5|0|5"]
2025-04-29 14:48:36 - Pergunta 14 (planilha) - dados da linha: ["MEIO AMBIENTE","0","5","0","5"]
2025-04-29 14:48:36 - Pergunta 14 (planilha) - planilha_data: [{"secretaria":"MEIO AMBIENTE","efetivos":"0","comissionados":"5","temporarios":"0","total_parcial":"5"}]
2025-04-29 14:48:36 - Processando pergunta 4, resposta_valor: Sim|Transparência/Ouvidoria|ESSENCIAL
2025-04-29 14:48:36 - Pergunta 4 - resposta_sim_nao: Sim, eixo_selecionado: Transparência/Ouvidoria, justificativa_valor: ESSENCIAL
2025-04-29 14:48:36 - Processando pergunta 5, resposta_valor: Sim
2025-04-29 14:48:36 - Pergunta 5 - resposta_sim_nao: Sim, justificativa_valor: 
2025-04-29 14:48:36 - Processando pergunta 6, resposta_valor: 3
2025-04-29 14:48:36 - Processando pergunta 7, resposta_valor: Sim
2025-04-29 14:48:36 - Pergunta 7 - resposta_sim_nao: Sim, justificativa_valor: 
2025-04-29 14:48:36 - Processando pergunta 8, resposta_valor: RESPONSABILIDADE ADMINISTRATIVA
2025-04-29 14:48:36 - Pergunta 8 - resposta_valor: RESPONSABILIDADE ADMINISTRATIVA, outras_respostas_valor: 
2025-04-29 14:48:37 - Processando pergunta 9, resposta_valor: TRANSPARENCIA COM O CIDADÃO
2025-04-29 14:50:21 - Prefeitura ID: 56
2025-04-29 14:50:21 - Total de perguntas recuperadas: 9
2025-04-29 14:50:21 - Respostas recuperadas: {"1":"Positiva","2":"Sim","14":"MEIO AMBIENTE|0|5|0|5","4":"Sim|Transpar\u00eancia\/Ouvidoria|ESSENCIAL","5":"Sim","6":"3","7":"Sim","8":"RESPONSABILIDADE ADMINISTRATIVA","9":"TRANSPARENCIA COM O CIDAD\u00c3O"}
2025-04-29 14:50:21 - Processando pergunta 1, resposta_valor: Positiva
2025-04-29 14:50:22 - Processando pergunta 2, resposta_valor: Sim
2025-04-29 14:50:22 - Pergunta 2 - resposta_sim_nao: Sim, justificativa_valor: 
2025-04-29 14:50:22 - Processando pergunta 14, resposta_valor: MEIO AMBIENTE|0|5|0|5
2025-04-29 14:50:22 - Pergunta 14 (planilha) - linhas brutas: ["MEIO AMBIENTE|0|5|0|5"]
2025-04-29 14:50:22 - Pergunta 14 (planilha) - dados da linha: ["MEIO AMBIENTE","0","5","0","5"]
2025-04-29 14:50:22 - Pergunta 14 (planilha) - planilha_data: [{"secretaria":"MEIO AMBIENTE","efetivos":"0","comissionados":"5","temporarios":"0","total_parcial":"5"}]
2025-04-29 14:50:22 - Processando pergunta 4, resposta_valor: Sim|Transparência/Ouvidoria|ESSENCIAL
2025-04-29 14:50:22 - Pergunta 4 - resposta_sim_nao: Sim, eixo_selecionado: Transparência/Ouvidoria, justificativa_valor: ESSENCIAL
2025-04-29 14:50:22 - Processando pergunta 5, resposta_valor: Sim
2025-04-29 14:50:22 - Pergunta 5 - resposta_sim_nao: Sim, justificativa_valor: 
2025-04-29 14:50:22 - Processando pergunta 6, resposta_valor: 3
2025-04-29 14:50:22 - Processando pergunta 7, resposta_valor: Sim
2025-04-29 14:50:22 - Pergunta 7 - resposta_sim_nao: Sim, justificativa_valor: 
2025-04-29 14:50:22 - Processando pergunta 8, resposta_valor: RESPONSABILIDADE ADMINISTRATIVA
2025-04-29 14:50:22 - Pergunta 8 - resposta_valor: RESPONSABILIDADE ADMINISTRATIVA, outras_respostas_valor: 
2025-04-29 14:50:23 - Processando pergunta 9, resposta_valor: TRANSPARENCIA COM O CIDADÃO
2025-04-29 14:50:53 - Prefeitura ID: 56
2025-04-29 14:50:53 - Total de perguntas recuperadas: 9
2025-04-29 14:50:54 - Respostas recuperadas: {"1":"Positiva","2":"Sim","14":"MEIO AMBIENTE|0|5|0|5","4":"Sim|Transpar\u00eancia\/Ouvidoria|ESSENCIAL","5":"Sim","6":"3","7":"Sim","8":"RESPONSABILIDADE ADMINISTRATIVA","9":"TRANSPARENCIA COM O CIDAD\u00c3O"}
2025-04-29 14:50:54 - Formulário enviado: {"resposta":{"1":"Positiva","2":{"sim_nao":"Sim"},"4":{"sim_nao":"Sim","eixo":"Transpar\u00eancia\/Ouvidoria"},"5":"Sim","6":"3","7":{"sim_nao":"Sim"},"8":"RESPONSABILIDADE ADMINISTRATIVA","9":"TRANSPARENCIA COM O CIDAD\u00c3O"},"justificativa":{"2":"","4":"ESSENCIAL","5":"","7":""},"secretaria":{"14":["ADMINISTRA\u00c7\u00c3O"]},"efetivos":{"14":["13"]},"comissionados":{"14":["21"]},"temporarios":{"14":["0"]},"salvar":""}
2025-04-29 14:50:54 - Atualizada resposta para pergunta 1: Positiva
2025-04-29 14:50:54 - Atualizada resposta para pergunta 2: Sim
2025-04-29 14:50:54 - Pergunta 14 (planilha) - Resposta gerada: ADMINISTRAÇÃO|13|21|0|34
2025-04-29 14:50:54 - Atualizada resposta para pergunta 14: ADMINISTRAÇÃO|13|21|0|34
2025-04-29 14:50:54 - Atualizada resposta para pergunta 4: Sim|Transparência/Ouvidoria|ESSENCIAL
2025-04-29 14:50:54 - Atualizada resposta para pergunta 5: Sim
2025-04-29 14:50:54 - Atualizada resposta para pergunta 6: 3
2025-04-29 14:50:54 - Atualizada resposta para pergunta 7: Sim
2025-04-29 14:50:54 - Atualizada resposta para pergunta 8: RESPONSABILIDADE ADMINISTRATIVA
2025-04-29 14:50:54 - Atualizada resposta para pergunta 9: TRANSPARENCIA COM O CIDADÃO
2025-04-29 14:50:54 - Salvamento concluído com sucesso
2025-04-29 14:50:55 - Prefeitura ID: 56
2025-04-29 14:50:55 - Total de perguntas recuperadas: 9
2025-04-29 14:50:55 - Respostas recuperadas: {"1":"Positiva","2":"Sim","14":"ADMINISTRA\u00c7\u00c3O|13|21|0|34","4":"Sim|Transpar\u00eancia\/Ouvidoria|ESSENCIAL","5":"Sim","6":"3","7":"Sim","8":"RESPONSABILIDADE ADMINISTRATIVA","9":"TRANSPARENCIA COM O CIDAD\u00c3O"}
2025-04-29 14:50:55 - Processando pergunta 1, resposta_valor: Positiva
2025-04-29 14:50:55 - Processando pergunta 2, resposta_valor: Sim
2025-04-29 14:50:55 - Pergunta 2 - resposta_sim_nao: Sim, justificativa_valor: 
2025-04-29 14:50:55 - Processando pergunta 14, resposta_valor: ADMINISTRAÇÃO|13|21|0|34
2025-04-29 14:50:55 - Pergunta 14 (planilha) - linhas brutas: ["ADMINISTRA\u00c7\u00c3O|13|21|0|34"]
2025-04-29 14:50:55 - Pergunta 14 (planilha) - dados da linha: ["ADMINISTRA\u00c7\u00c3O","13","21","0","34"]
2025-04-29 14:50:55 - Pergunta 14 (planilha) - planilha_data: [{"secretaria":"ADMINISTRA\u00c7\u00c3O","efetivos":"13","comissionados":"21","temporarios":"0","total_parcial":"34"}]
2025-04-29 14:50:55 - Processando pergunta 4, resposta_valor: Sim|Transparência/Ouvidoria|ESSENCIAL
2025-04-29 14:50:55 - Pergunta 4 - resposta_sim_nao: Sim, eixo_selecionado: Transparência/Ouvidoria, justificativa_valor: ESSENCIAL
2025-04-29 14:50:55 - Processando pergunta 5, resposta_valor: Sim
2025-04-29 14:50:55 - Pergunta 5 - resposta_sim_nao: Sim, justificativa_valor: 
2025-04-29 14:50:55 - Processando pergunta 6, resposta_valor: 3
2025-04-29 14:50:56 - Processando pergunta 7, resposta_valor: Sim
2025-04-29 14:50:56 - Pergunta 7 - resposta_sim_nao: Sim, justificativa_valor: 
2025-04-29 14:50:56 - Processando pergunta 8, resposta_valor: RESPONSABILIDADE ADMINISTRATIVA
2025-04-29 14:50:56 - Pergunta 8 - resposta_valor: RESPONSABILIDADE ADMINISTRATIVA, outras_respostas_valor: 
2025-04-29 14:50:56 - Processando pergunta 9, resposta_valor: TRANSPARENCIA COM O CIDADÃO
2025-04-29 14:54:12 - Prefeitura ID: 65
2025-04-29 14:54:12 - Total de perguntas recuperadas: 9
2025-04-29 14:54:12 - Respostas recuperadas: {"1":"WENDERSON DE ASSIS RODRIGUES","2":"Sim"}
2025-04-29 14:54:12 - Processando pergunta 1, resposta_valor: WENDERSON DE ASSIS RODRIGUES
2025-04-29 14:54:12 - Processando pergunta 2, resposta_valor: Sim
2025-04-29 14:54:12 - Pergunta 2 - resposta_sim_nao: Sim, justificativa_valor: 
2025-04-29 14:54:12 - Processando pergunta 14, resposta_valor: 
2025-04-29 14:54:12 - Processando pergunta 4, resposta_valor: 
2025-04-29 14:54:12 - Processando pergunta 5, resposta_valor: 
2025-04-29 14:54:12 - Processando pergunta 6, resposta_valor: 
2025-04-29 14:54:12 - Processando pergunta 7, resposta_valor: 
2025-04-29 14:54:12 - Processando pergunta 8, resposta_valor: 
2025-04-29 14:54:12 - Processando pergunta 9, resposta_valor: 
2025-04-29 14:54:58 - Prefeitura ID: 56
2025-04-29 14:54:58 - Total de perguntas recuperadas: 9
2025-04-29 14:54:58 - Respostas recuperadas: {"1":"Positiva","2":"Sim","14":"ADMINISTRA\u00c7\u00c3O|13|21|0|34","4":"Sim|Transpar\u00eancia\/Ouvidoria|ESSENCIAL","5":"Sim","6":"3","7":"Sim","8":"RESPONSABILIDADE ADMINISTRATIVA","9":"TRANSPARENCIA COM O CIDAD\u00c3O"}
2025-04-29 14:54:58 - Formulário enviado: {"resposta":{"1":"Positiva","2":{"sim_nao":"Sim"},"4":{"sim_nao":"Sim","eixo":"Transpar\u00eancia\/Ouvidoria"},"5":"Sim","6":"3","7":{"sim_nao":"Sim"},"8":"RESPONSABILIDADE ADMINISTRATIVA","9":"TRANSPARENCIA COM O CIDAD\u00c3O"},"justificativa":{"2":"","4":"ESSENCIAL","5":"","7":""},"secretaria":{"14":["ADMINISTRA\u00c7\u00c3O GERAL"]},"efetivos":{"14":["177"]},"comissionados":{"14":["80"]},"temporarios":{"14":["0"]},"salvar":""}
2025-04-29 14:54:58 - Atualizada resposta para pergunta 1: Positiva
2025-04-29 14:54:58 - Atualizada resposta para pergunta 2: Sim
2025-04-29 14:54:58 - Pergunta 14 (planilha) - Resposta gerada: ADMINISTRAÇÃO GERAL|177|80|0|257
2025-04-29 14:54:59 - Atualizada resposta para pergunta 14: ADMINISTRAÇÃO GERAL|177|80|0|257
2025-04-29 14:54:59 - Atualizada resposta para pergunta 4: Sim|Transparência/Ouvidoria|ESSENCIAL
2025-04-29 14:54:59 - Atualizada resposta para pergunta 5: Sim
2025-04-29 14:54:59 - Atualizada resposta para pergunta 6: 3
2025-04-29 14:54:59 - Atualizada resposta para pergunta 7: Sim
2025-04-29 14:54:59 - Atualizada resposta para pergunta 8: RESPONSABILIDADE ADMINISTRATIVA
2025-04-29 14:54:59 - Atualizada resposta para pergunta 9: TRANSPARENCIA COM O CIDADÃO
2025-04-29 14:54:59 - Salvamento concluído com sucesso
2025-04-29 14:54:59 - Prefeitura ID: 56
2025-04-29 14:54:59 - Total de perguntas recuperadas: 9
2025-04-29 14:54:59 - Respostas recuperadas: {"1":"Positiva","2":"Sim","14":"ADMINISTRA\u00c7\u00c3O GERAL|177|80|0|257","4":"Sim|Transpar\u00eancia\/Ouvidoria|ESSENCIAL","5":"Sim","6":"3","7":"Sim","8":"RESPONSABILIDADE ADMINISTRATIVA","9":"TRANSPARENCIA COM O CIDAD\u00c3O"}
2025-04-29 14:54:59 - Processando pergunta 1, resposta_valor: Positiva
2025-04-29 14:55:00 - Processando pergunta 2, resposta_valor: Sim
2025-04-29 14:55:00 - Pergunta 2 - resposta_sim_nao: Sim, justificativa_valor: 
2025-04-29 14:55:00 - Processando pergunta 14, resposta_valor: ADMINISTRAÇÃO GERAL|177|80|0|257
2025-04-29 14:55:00 - Pergunta 14 (planilha) - linhas brutas: ["ADMINISTRA\u00c7\u00c3O GERAL|177|80|0|257"]
2025-04-29 14:55:00 - Pergunta 14 (planilha) - dados da linha: ["ADMINISTRA\u00c7\u00c3O GERAL","177","80","0","257"]
2025-04-29 14:55:00 - Pergunta 14 (planilha) - planilha_data: [{"secretaria":"ADMINISTRA\u00c7\u00c3O GERAL","efetivos":"177","comissionados":"80","temporarios":"0","total_parcial":"257"}]
2025-04-29 14:55:00 - Processando pergunta 4, resposta_valor: Sim|Transparência/Ouvidoria|ESSENCIAL
2025-04-29 14:55:00 - Pergunta 4 - resposta_sim_nao: Sim, eixo_selecionado: Transparência/Ouvidoria, justificativa_valor: ESSENCIAL
2025-04-29 14:55:00 - Processando pergunta 5, resposta_valor: Sim
2025-04-29 14:55:00 - Pergunta 5 - resposta_sim_nao: Sim, justificativa_valor: 
2025-04-29 14:55:00 - Processando pergunta 6, resposta_valor: 3
2025-04-29 14:55:00 - Processando pergunta 7, resposta_valor: Sim
2025-04-29 14:55:00 - Pergunta 7 - resposta_sim_nao: Sim, justificativa_valor: 
2025-04-29 14:55:00 - Processando pergunta 8, resposta_valor: RESPONSABILIDADE ADMINISTRATIVA
2025-04-29 14:55:01 - Pergunta 8 - resposta_valor: RESPONSABILIDADE ADMINISTRATIVA, outras_respostas_valor: 
2025-04-29 14:55:01 - Processando pergunta 9, resposta_valor: TRANSPARENCIA COM O CIDADÃO
2025-04-29 14:56:16 - Prefeitura ID: 64
2025-04-29 14:56:16 - Total de perguntas recuperadas: 9
2025-04-29 14:56:16 - Respostas recuperadas: {"1":"A secret\u00e1ria Municipal de Educa\u00e7\u00e3o juntamente com o prefeito. A ideia foi vista como uma oportunidade de melhoria do servi\u00e7o p\u00fablico municipal evoluindo a cada dia  o nosso munic\u00edpio.","2":"Sim"}
2025-04-29 14:56:16 - Processando pergunta 1, resposta_valor: A secretária Municipal de Educação juntamente com o prefeito. A ideia foi vista como uma oportunidade de melhoria do serviço público municipal evoluindo a cada dia  o nosso município.
2025-04-29 14:56:17 - Processando pergunta 2, resposta_valor: Sim
2025-04-29 14:56:17 - Pergunta 2 - resposta_sim_nao: Sim, justificativa_valor: 
2025-04-29 14:56:17 - Processando pergunta 14, resposta_valor: 
2025-04-29 14:56:17 - Processando pergunta 4, resposta_valor: 
2025-04-29 14:56:17 - Processando pergunta 5, resposta_valor: 
2025-04-29 14:56:17 - Processando pergunta 6, resposta_valor: 
2025-04-29 14:56:17 - Processando pergunta 7, resposta_valor: 
2025-04-29 14:56:17 - Processando pergunta 8, resposta_valor: 
2025-04-29 14:56:17 - Processando pergunta 9, resposta_valor: 
2025-04-29 14:56:23 - Prefeitura ID: 67
2025-04-29 14:56:23 - Total de perguntas recuperadas: 9
2025-04-29 14:56:23 - Respostas recuperadas: {"1":"Teste","2":"Sim","14":"SECRETARIA DE ESGOTO|14|87|98|199|199;SANEAGO|89|89|78|256|455;IDEGO|89|717|958|1764|2219","4":"N\u00e3o","5":"Sim","6":"TESTE","7":"Sim","8":"TESTE","9":"TESTE"}
2025-04-29 14:56:23 - Processando pergunta 1, resposta_valor: Teste
2025-04-29 14:56:24 - Processando pergunta 2, resposta_valor: Sim
2025-04-29 14:56:24 - Pergunta 2 - resposta_sim_nao: Sim, justificativa_valor: 
2025-04-29 14:56:24 - Processando pergunta 14, resposta_valor: SECRETARIA DE ESGOTO|14|87|98|199|199;SANEAGO|89|89|78|256|455;IDEGO|89|717|958|1764|2219
2025-04-29 14:56:24 - Pergunta 14 (planilha) - linhas brutas: ["SECRETARIA DE ESGOTO|14|87|98|199|199","SANEAGO|89|89|78|256|455","IDEGO|89|717|958|1764|2219"]
2025-04-29 14:56:24 - Pergunta 14 (planilha) - dados da linha: ["SECRETARIA DE ESGOTO","14","87","98","199","199"]
2025-04-29 14:56:25 - Pergunta 14 (planilha) - dados da linha: ["SANEAGO","89","89","78","256","455"]
2025-04-29 14:56:25 - Pergunta 14 (planilha) - dados da linha: ["IDEGO","89","717","958","1764","2219"]
2025-04-29 14:56:25 - Pergunta 14 (planilha) - planilha_data: [{"secretaria":"SECRETARIA DE ESGOTO","efetivos":"14","comissionados":"87","temporarios":"98","total_parcial":"199"},{"secretaria":"SANEAGO","efetivos":"89","comissionados":"89","temporarios":"78","total_parcial":"256"},{"secretaria":"IDEGO","efetivos":"89","comissionados":"717","temporarios":"958","total_parcial":"1764"}]
2025-04-29 14:56:25 - Processando pergunta 4, resposta_valor: Não
2025-04-29 14:56:26 - Pergunta 4 - resposta_sim_nao: Não, eixo_selecionado: , justificativa_valor: 
2025-04-29 14:56:26 - Processando pergunta 5, resposta_valor: Sim
2025-04-29 14:56:26 - Pergunta 5 - resposta_sim_nao: Sim, justificativa_valor: 
2025-04-29 14:56:26 - Processando pergunta 6, resposta_valor: TESTE
2025-04-29 14:56:26 - Processando pergunta 7, resposta_valor: Sim
2025-04-29 14:56:27 - Pergunta 7 - resposta_sim_nao: Sim, justificativa_valor: 
2025-04-29 14:56:27 - Processando pergunta 8, resposta_valor: TESTE
2025-04-29 14:56:27 - Pergunta 8 - resposta_valor: TESTE, outras_respostas_valor: 
2025-04-29 14:56:27 - Processando pergunta 9, resposta_valor: TESTE
2025-04-29 14:56:35 - Prefeitura ID: 67
2025-04-29 14:56:35 - Total de perguntas recuperadas: 9
2025-04-29 14:56:36 - Respostas recuperadas: {"1":"Teste","2":"Sim","14":"SECRETARIA DE ESGOTO|14|87|98|199|199;SANEAGO|89|89|78|256|455;IDEGO|89|717|958|1764|2219","4":"N\u00e3o","5":"Sim","6":"TESTE","7":"Sim","8":"TESTE","9":"TESTE"}
2025-04-29 14:56:36 - Processando pergunta 1, resposta_valor: Teste
2025-04-29 14:56:36 - Processando pergunta 2, resposta_valor: Sim
2025-04-29 14:56:36 - Pergunta 2 - resposta_sim_nao: Sim, justificativa_valor: 
2025-04-29 14:56:36 - Processando pergunta 14, resposta_valor: SECRETARIA DE ESGOTO|14|87|98|199|199;SANEAGO|89|89|78|256|455;IDEGO|89|717|958|1764|2219
2025-04-29 14:56:37 - Pergunta 14 (planilha) - linhas brutas: ["SECRETARIA DE ESGOTO|14|87|98|199|199","SANEAGO|89|89|78|256|455","IDEGO|89|717|958|1764|2219"]
2025-04-29 14:56:37 - Pergunta 14 (planilha) - dados da linha: ["SECRETARIA DE ESGOTO","14","87","98","199","199"]
2025-04-29 14:56:37 - Pergunta 14 (planilha) - dados da linha: ["SANEAGO","89","89","78","256","455"]
2025-04-29 14:56:37 - Pergunta 14 (planilha) - dados da linha: ["IDEGO","89","717","958","1764","2219"]
2025-04-29 14:56:38 - Pergunta 14 (planilha) - planilha_data: [{"secretaria":"SECRETARIA DE ESGOTO","efetivos":"14","comissionados":"87","temporarios":"98","total_parcial":"199"},{"secretaria":"SANEAGO","efetivos":"89","comissionados":"89","temporarios":"78","total_parcial":"256"},{"secretaria":"IDEGO","efetivos":"89","comissionados":"717","temporarios":"958","total_parcial":"1764"}]
2025-04-29 14:56:38 - Processando pergunta 4, resposta_valor: Não
2025-04-29 14:56:38 - Pergunta 4 - resposta_sim_nao: Não, eixo_selecionado: , justificativa_valor: 
2025-04-29 14:56:38 - Processando pergunta 5, resposta_valor: Sim
2025-04-29 14:56:38 - Pergunta 5 - resposta_sim_nao: Sim, justificativa_valor: 
2025-04-29 14:56:39 - Processando pergunta 6, resposta_valor: TESTE
2025-04-29 14:56:39 - Processando pergunta 7, resposta_valor: Sim
2025-04-29 14:56:39 - Pergunta 7 - resposta_sim_nao: Sim, justificativa_valor: 
2025-04-29 14:56:39 - Processando pergunta 8, resposta_valor: TESTE
2025-04-29 14:56:39 - Pergunta 8 - resposta_valor: TESTE, outras_respostas_valor: 
2025-04-29 14:56:40 - Processando pergunta 9, resposta_valor: TESTE
2025-04-29 14:57:18 - Prefeitura ID: 44
2025-04-29 14:57:18 - Total de perguntas recuperadas: 9
2025-04-29 14:57:18 - Respostas recuperadas: {"1":"O Municipio de Perol\u00e2ndia, est\u00e1 em busca de aperfeicoar os processso, fazer os tramites da maneira mais legal e transparente possivel e o programa nos ajudar\u00e1  alavancar estes quesitos","2":"Sim","14":"secret\u00e1ria de  Administra\u00e7\u00e3o e Recursos Humanos|24|20|0|44"}
2025-04-29 14:57:18 - Processando pergunta 1, resposta_valor: O Municipio de Perolândia, está em busca de aperfeicoar os processso, fazer os tramites da maneira mais legal e transparente possivel e o programa nos ajudará  alavancar estes quesitos
2025-04-29 14:57:18 - Processando pergunta 2, resposta_valor: Sim
2025-04-29 14:57:18 - Pergunta 2 - resposta_sim_nao: Sim, justificativa_valor: 
2025-04-29 14:57:18 - Processando pergunta 14, resposta_valor: secretária de  Administração e Recursos Humanos|24|20|0|44
2025-04-29 14:57:18 - Pergunta 14 (planilha) - linhas brutas: ["secret\u00e1ria de  Administra\u00e7\u00e3o e Recursos Humanos|24|20|0|44"]
2025-04-29 14:57:18 - Pergunta 14 (planilha) - dados da linha: ["secret\u00e1ria de  Administra\u00e7\u00e3o e Recursos Humanos","24","20","0","44"]
2025-04-29 14:57:18 - Pergunta 14 (planilha) - planilha_data: [{"secretaria":"secret\u00e1ria de  Administra\u00e7\u00e3o e Recursos Humanos","efetivos":"24","comissionados":"20","temporarios":"0","total_parcial":"44"}]
2025-04-29 14:57:18 - Processando pergunta 4, resposta_valor: 
2025-04-29 14:57:18 - Processando pergunta 5, resposta_valor: 
2025-04-29 14:57:18 - Processando pergunta 6, resposta_valor: 
2025-04-29 14:57:18 - Processando pergunta 7, resposta_valor: 
2025-04-29 14:57:19 - Processando pergunta 8, resposta_valor: 
2025-04-29 14:57:19 - Processando pergunta 9, resposta_valor: 
2025-04-29 14:58:47 - Prefeitura ID: 56
2025-04-29 14:58:47 - Total de perguntas recuperadas: 9
2025-04-29 14:58:47 - Respostas recuperadas: {"1":"Positiva","2":"Sim","14":"ADMINISTRA\u00c7\u00c3O GERAL|177|80|0|257","4":"Sim|Transpar\u00eancia\/Ouvidoria|ESSENCIAL","5":"Sim","6":"3","7":"Sim","8":"RESPONSABILIDADE ADMINISTRATIVA","9":"TRANSPARENCIA COM O CIDAD\u00c3O"}
2025-04-29 14:58:47 - Processando pergunta 1, resposta_valor: Positiva
2025-04-29 14:58:48 - Processando pergunta 2, resposta_valor: Sim
2025-04-29 14:58:48 - Pergunta 2 - resposta_sim_nao: Sim, justificativa_valor: 
2025-04-29 14:58:48 - Processando pergunta 14, resposta_valor: ADMINISTRAÇÃO GERAL|177|80|0|257
2025-04-29 14:58:48 - Pergunta 14 (planilha) - linhas brutas: ["ADMINISTRA\u00c7\u00c3O GERAL|177|80|0|257"]
2025-04-29 14:58:48 - Pergunta 14 (planilha) - dados da linha: ["ADMINISTRA\u00c7\u00c3O GERAL","177","80","0","257"]
2025-04-29 14:58:48 - Pergunta 14 (planilha) - planilha_data: [{"secretaria":"ADMINISTRA\u00c7\u00c3O GERAL","efetivos":"177","comissionados":"80","temporarios":"0","total_parcial":"257"}]
2025-04-29 14:58:48 - Processando pergunta 4, resposta_valor: Sim|Transparência/Ouvidoria|ESSENCIAL
2025-04-29 14:58:48 - Pergunta 4 - resposta_sim_nao: Sim, eixo_selecionado: Transparência/Ouvidoria, justificativa_valor: ESSENCIAL
2025-04-29 14:58:48 - Processando pergunta 5, resposta_valor: Sim
2025-04-29 14:58:48 - Pergunta 5 - resposta_sim_nao: Sim, justificativa_valor: 
2025-04-29 14:58:48 - Processando pergunta 6, resposta_valor: 3
2025-04-29 14:58:48 - Processando pergunta 7, resposta_valor: Sim
2025-04-29 14:58:48 - Pergunta 7 - resposta_sim_nao: Sim, justificativa_valor: 
2025-04-29 14:58:48 - Processando pergunta 8, resposta_valor: RESPONSABILIDADE ADMINISTRATIVA
2025-04-29 14:58:48 - Pergunta 8 - resposta_valor: RESPONSABILIDADE ADMINISTRATIVA, outras_respostas_valor: 
2025-04-29 14:58:49 - Processando pergunta 9, resposta_valor: TRANSPARENCIA COM O CIDADÃO
2025-04-29 14:58:52 - Prefeitura ID: 56
2025-04-29 14:58:52 - Total de perguntas recuperadas: 9
2025-04-29 14:58:52 - Respostas recuperadas: {"1":"Positiva","2":"Sim","14":"ADMINISTRA\u00c7\u00c3O GERAL|177|80|0|257","4":"Sim|Transpar\u00eancia\/Ouvidoria|ESSENCIAL","5":"Sim","6":"3","7":"Sim","8":"RESPONSABILIDADE ADMINISTRATIVA","9":"TRANSPARENCIA COM O CIDAD\u00c3O"}
2025-04-29 14:58:52 - Formulário enviado: {"resposta":{"1":"Positiva","2":{"sim_nao":"Sim"},"4":{"sim_nao":"Sim","eixo":"Transpar\u00eancia\/Ouvidoria"},"5":"Sim","6":"3","7":{"sim_nao":"Sim"},"8":"RESPONSABILIDADE ADMINISTRATIVA","9":"TRANSPARENCIA COM O CIDAD\u00c3O"},"justificativa":{"2":"","4":"ESSENCIAL","5":"","7":""},"secretaria":{"14":["ADMINISTRA\u00c7\u00c3O GERAL"]},"efetivos":{"14":["177"]},"comissionados":{"14":["80"]},"temporarios":{"14":["0"]},"salvar":""}
2025-04-29 14:58:52 - Atualizada resposta para pergunta 1: Positiva
2025-04-29 14:58:53 - Atualizada resposta para pergunta 2: Sim
2025-04-29 14:58:53 - Pergunta 14 (planilha) - Resposta gerada: ADMINISTRAÇÃO GERAL|177|80|0|257
2025-04-29 14:58:53 - Atualizada resposta para pergunta 14: ADMINISTRAÇÃO GERAL|177|80|0|257
2025-04-29 14:58:53 - Atualizada resposta para pergunta 4: Sim|Transparência/Ouvidoria|ESSENCIAL
2025-04-29 14:58:53 - Atualizada resposta para pergunta 5: Sim
2025-04-29 14:58:53 - Atualizada resposta para pergunta 6: 3
2025-04-29 14:58:53 - Atualizada resposta para pergunta 7: Sim
2025-04-29 14:58:53 - Atualizada resposta para pergunta 8: RESPONSABILIDADE ADMINISTRATIVA
2025-04-29 14:58:53 - Atualizada resposta para pergunta 9: TRANSPARENCIA COM O CIDADÃO
2025-04-29 14:58:53 - Salvamento concluído com sucesso
2025-04-29 14:58:53 - Prefeitura ID: 56
2025-04-29 14:58:53 - Total de perguntas recuperadas: 9
2025-04-29 14:58:53 - Respostas recuperadas: {"1":"Positiva","2":"Sim","14":"ADMINISTRA\u00c7\u00c3O GERAL|177|80|0|257","4":"Sim|Transpar\u00eancia\/Ouvidoria|ESSENCIAL","5":"Sim","6":"3","7":"Sim","8":"RESPONSABILIDADE ADMINISTRATIVA","9":"TRANSPARENCIA COM O CIDAD\u00c3O"}
2025-04-29 14:58:54 - Processando pergunta 1, resposta_valor: Positiva
2025-04-29 14:58:54 - Processando pergunta 2, resposta_valor: Sim
2025-04-29 14:58:54 - Pergunta 2 - resposta_sim_nao: Sim, justificativa_valor: 
2025-04-29 14:58:54 - Processando pergunta 14, resposta_valor: ADMINISTRAÇÃO GERAL|177|80|0|257
2025-04-29 14:58:54 - Pergunta 14 (planilha) - linhas brutas: ["ADMINISTRA\u00c7\u00c3O GERAL|177|80|0|257"]
2025-04-29 14:58:54 - Pergunta 14 (planilha) - dados da linha: ["ADMINISTRA\u00c7\u00c3O GERAL","177","80","0","257"]
2025-04-29 14:58:54 - Pergunta 14 (planilha) - planilha_data: [{"secretaria":"ADMINISTRA\u00c7\u00c3O GERAL","efetivos":"177","comissionados":"80","temporarios":"0","total_parcial":"257"}]
2025-04-29 14:58:54 - Processando pergunta 4, resposta_valor: Sim|Transparência/Ouvidoria|ESSENCIAL
2025-04-29 14:58:54 - Pergunta 4 - resposta_sim_nao: Sim, eixo_selecionado: Transparência/Ouvidoria, justificativa_valor: ESSENCIAL
2025-04-29 14:58:54 - Processando pergunta 5, resposta_valor: Sim
2025-04-29 14:58:54 - Pergunta 5 - resposta_sim_nao: Sim, justificativa_valor: 
2025-04-29 14:58:54 - Processando pergunta 6, resposta_valor: 3
2025-04-29 14:58:54 - Processando pergunta 7, resposta_valor: Sim
2025-04-29 14:58:54 - Pergunta 7 - resposta_sim_nao: Sim, justificativa_valor: 
2025-04-29 14:58:54 - Processando pergunta 8, resposta_valor: RESPONSABILIDADE ADMINISTRATIVA
2025-04-29 14:58:55 - Pergunta 8 - resposta_valor: RESPONSABILIDADE ADMINISTRATIVA, outras_respostas_valor: 
2025-04-29 14:58:55 - Processando pergunta 9, resposta_valor: TRANSPARENCIA COM O CIDADÃO
2025-04-29 15:00:30 - Prefeitura ID: 64
2025-04-29 15:00:30 - Total de perguntas recuperadas: 9
2025-04-29 15:00:30 - Respostas recuperadas: {"1":"A secret\u00e1ria Municipal de Educa\u00e7\u00e3o juntamente com o prefeito. A ideia foi vista como uma oportunidade de melhoria do servi\u00e7o p\u00fablico municipal evoluindo a cada dia  o nosso munic\u00edpio.","2":"Sim"}
2025-04-29 15:00:30 - Formulário enviado: {"resposta":{"1":"A secret\u00e1ria Municipal de Educa\u00e7\u00e3o juntamente com o prefeito. A ideia foi vista como uma oportunidade de melhoria do servi\u00e7o p\u00fablico municipal evoluindo a cada dia  o nosso munic\u00edpio.","2":{"sim_nao":"Sim"},"4":{"sim_nao":"N\u00e3o","eixo":""},"5":"Sim","6":"04","7":{"sim_nao":"Sim"},"8":" Disponibilidade dos servidores para conciliar os hor\u00e1rios das atividades laborais e o PCM 2025 E Disponibilidade de sala climatizada e equipamentos de inform\u00e1tica com c\u00e2meras de v\u00eddeo para as reuni\u00f5es virtuais e presenciais","9":"Aprimorar a gest\u00e3o p\u00fablica em diversos aspectos, contribuindo para uma administra\u00e7\u00e3o mais eficiente e transparente."},"justificativa":{"2":"","4":"","5":"","7":""},"secretaria":{"14":["SECRETARIA MUNICIPAL DE EDUCA\u00c7\u00c3O E DESPORTO E LAZER"]},"efetivos":{"14":["65"]},"comissionados":{"14":["24"]},"temporarios":{"14":["4"]},"salvar":""}
2025-04-29 15:00:30 - Atualizada resposta para pergunta 1: A secretária Municipal de Educação juntamente com o prefeito. A ideia foi vista como uma oportunidade de melhoria do serviço público municipal evoluindo a cada dia  o nosso município.
2025-04-29 15:00:30 - Atualizada resposta para pergunta 2: Sim
2025-04-29 15:00:30 - Pergunta 14 (planilha) - Resposta gerada: SECRETARIA MUNICIPAL DE EDUCAÇÃO E DESPORTO E LAZER|65|24|4|93
2025-04-29 15:00:30 - Inserida resposta para pergunta 14: SECRETARIA MUNICIPAL DE EDUCAÇÃO E DESPORTO E LAZER|65|24|4|93
2025-04-29 15:00:30 - Inserida resposta para pergunta 4: Não
2025-04-29 15:00:31 - Inserida resposta para pergunta 5: Sim
2025-04-29 15:00:31 - Inserida resposta para pergunta 6: 04
2025-04-29 15:00:31 - Inserida resposta para pergunta 7: Sim
2025-04-29 15:00:31 - Inserida resposta para pergunta 8: Disponibilidade dos servidores para conciliar os horários das atividades laborais e o PCM 2025 E Disponibilidade de sala climatizada e equipamentos de informática com câmeras de vídeo para as reuniões virtuais e presenciais
2025-04-29 15:00:31 - Inserida resposta para pergunta 9: Aprimorar a gestão pública em diversos aspectos, contribuindo para uma administração mais eficiente e transparente.
2025-04-29 15:00:31 - Salvamento concluído com sucesso
2025-04-29 15:00:31 - Prefeitura ID: 64
2025-04-29 15:00:31 - Total de perguntas recuperadas: 9
2025-04-29 15:00:31 - Respostas recuperadas: {"1":"A secret\u00e1ria Municipal de Educa\u00e7\u00e3o juntamente com o prefeito. A ideia foi vista como uma oportunidade de melhoria do servi\u00e7o p\u00fablico municipal evoluindo a cada dia  o nosso munic\u00edpio.","2":"Sim","14":"SECRETARIA MUNICIPAL DE EDUCA\u00c7\u00c3O E DESPORTO E LAZER|65|24|4|93","4":"N\u00e3o","5":"Sim","6":"04","7":"Sim","8":"Disponibilidade dos servidores para conciliar os hor\u00e1rios das atividades laborais e o PCM 2025 E Disponibilidade de sala climatizada e equipamentos de inform\u00e1tica com c\u00e2meras de v\u00eddeo para as reuni\u00f5es virtuais e presenciais","9":"Aprimorar a gest\u00e3o p\u00fablica em diversos aspectos, contribuindo para uma administra\u00e7\u00e3o mais eficiente e transparente."}
2025-04-29 15:00:31 - Processando pergunta 1, resposta_valor: A secretária Municipal de Educação juntamente com o prefeito. A ideia foi vista como uma oportunidade de melhoria do serviço público municipal evoluindo a cada dia  o nosso município.
2025-04-29 15:00:31 - Processando pergunta 2, resposta_valor: Sim
2025-04-29 15:00:31 - Pergunta 2 - resposta_sim_nao: Sim, justificativa_valor: 
2025-04-29 15:00:31 - Processando pergunta 14, resposta_valor: SECRETARIA MUNICIPAL DE EDUCAÇÃO E DESPORTO E LAZER|65|24|4|93
2025-04-29 15:00:32 - Pergunta 14 (planilha) - linhas brutas: ["SECRETARIA MUNICIPAL DE EDUCA\u00c7\u00c3O E DESPORTO E LAZER|65|24|4|93"]
2025-04-29 15:00:32 - Pergunta 14 (planilha) - dados da linha: ["SECRETARIA MUNICIPAL DE EDUCA\u00c7\u00c3O E DESPORTO E LAZER","65","24","4","93"]
2025-04-29 15:00:32 - Pergunta 14 (planilha) - planilha_data: [{"secretaria":"SECRETARIA MUNICIPAL DE EDUCA\u00c7\u00c3O E DESPORTO E LAZER","efetivos":"65","comissionados":"24","temporarios":"4","total_parcial":"93"}]
2025-04-29 15:00:32 - Processando pergunta 4, resposta_valor: Não
2025-04-29 15:00:32 - Pergunta 4 - resposta_sim_nao: Não, eixo_selecionado: , justificativa_valor: 
2025-04-29 15:00:32 - Processando pergunta 5, resposta_valor: Sim
2025-04-29 15:00:32 - Pergunta 5 - resposta_sim_nao: Sim, justificativa_valor: 
2025-04-29 15:00:32 - Processando pergunta 6, resposta_valor: 04
2025-04-29 15:00:32 - Processando pergunta 7, resposta_valor: Sim
2025-04-29 15:00:32 - Pergunta 7 - resposta_sim_nao: Sim, justificativa_valor: 
2025-04-29 15:00:32 - Processando pergunta 8, resposta_valor: Disponibilidade dos servidores para conciliar os horários das atividades laborais e o PCM 2025 E Disponibilidade de sala climatizada e equipamentos de informática com câmeras de vídeo para as reuniões virtuais e presenciais
2025-04-29 15:00:32 - Pergunta 8 - resposta_valor: Disponibilidade dos servidores para conciliar os horários das atividades laborais e o PCM 2025 E Disponibilidade de sala climatizada e equipamentos de informática com câmeras de vídeo para as reuniões virtuais e presenciais, outras_respostas_valor: 
2025-04-29 15:00:32 - Processando pergunta 9, resposta_valor: Aprimorar a gestão pública em diversos aspectos, contribuindo para uma administração mais eficiente e transparente.
2025-04-29 15:00:32 - Prefeitura ID: 64
2025-04-29 15:00:33 - Total de perguntas recuperadas: 9
2025-04-29 15:00:33 - Respostas recuperadas: {"1":"A secret\u00e1ria Municipal de Educa\u00e7\u00e3o juntamente com o prefeito. A ideia foi vista como uma oportunidade de melhoria do servi\u00e7o p\u00fablico municipal evoluindo a cada dia  o nosso munic\u00edpio.","2":"Sim","14":"SECRETARIA MUNICIPAL DE EDUCA\u00c7\u00c3O E DESPORTO E LAZER|65|24|4|93","4":"N\u00e3o","5":"Sim","6":"04","7":"Sim","8":"Disponibilidade dos servidores para conciliar os hor\u00e1rios das atividades laborais e o PCM 2025 E Disponibilidade de sala climatizada e equipamentos de inform\u00e1tica com c\u00e2meras de v\u00eddeo para as reuni\u00f5es virtuais e presenciais","9":"Aprimorar a gest\u00e3o p\u00fablica em diversos aspectos, contribuindo para uma administra\u00e7\u00e3o mais eficiente e transparente."}
2025-04-29 15:00:33 - Formulário enviado: {"resposta":{"1":"A secret\u00e1ria Municipal de Educa\u00e7\u00e3o juntamente com o prefeito. A ideia foi vista como uma oportunidade de melhoria do servi\u00e7o p\u00fablico municipal evoluindo a cada dia  o nosso munic\u00edpio.","2":{"sim_nao":"Sim"},"4":{"sim_nao":"N\u00e3o","eixo":""},"5":"Sim","6":"04","7":{"sim_nao":"Sim"},"8":" Disponibilidade dos servidores para conciliar os hor\u00e1rios das atividades laborais e o PCM 2025 E Disponibilidade de sala climatizada e equipamentos de inform\u00e1tica com c\u00e2meras de v\u00eddeo para as reuni\u00f5es virtuais e presenciais","9":"Aprimorar a gest\u00e3o p\u00fablica em diversos aspectos, contribuindo para uma administra\u00e7\u00e3o mais eficiente e transparente."},"justificativa":{"2":"","4":"","5":"","7":""},"secretaria":{"14":["SECRETARIA MUNICIPAL DE EDUCA\u00c7\u00c3O E DESPORTO E LAZER"]},"efetivos":{"14":["65"]},"comissionados":{"14":["24"]},"temporarios":{"14":["4"]},"salvar":""}
2025-04-29 15:00:33 - Atualizada resposta para pergunta 1: A secretária Municipal de Educação juntamente com o prefeito. A ideia foi vista como uma oportunidade de melhoria do serviço público municipal evoluindo a cada dia  o nosso município.
2025-04-29 15:00:33 - Atualizada resposta para pergunta 2: Sim
2025-04-29 15:00:33 - Pergunta 14 (planilha) - Resposta gerada: SECRETARIA MUNICIPAL DE EDUCAÇÃO E DESPORTO E LAZER|65|24|4|93
2025-04-29 15:00:33 - Atualizada resposta para pergunta 14: SECRETARIA MUNICIPAL DE EDUCAÇÃO E DESPORTO E LAZER|65|24|4|93
2025-04-29 15:00:33 - Atualizada resposta para pergunta 4: Não
2025-04-29 15:00:33 - Atualizada resposta para pergunta 5: Sim
2025-04-29 15:00:33 - Atualizada resposta para pergunta 6: 04
2025-04-29 15:00:33 - Atualizada resposta para pergunta 7: Sim
2025-04-29 15:00:33 - Atualizada resposta para pergunta 8: Disponibilidade dos servidores para conciliar os horários das atividades laborais e o PCM 2025 E Disponibilidade de sala climatizada e equipamentos de informática com câmeras de vídeo para as reuniões virtuais e presenciais
2025-04-29 15:00:33 - Atualizada resposta para pergunta 9: Aprimorar a gestão pública em diversos aspectos, contribuindo para uma administração mais eficiente e transparente.
2025-04-29 15:00:33 - Salvamento concluído com sucesso
2025-04-29 15:00:34 - Prefeitura ID: 64
2025-04-29 15:00:34 - Total de perguntas recuperadas: 9
2025-04-29 15:00:34 - Respostas recuperadas: {"1":"A secret\u00e1ria Municipal de Educa\u00e7\u00e3o juntamente com o prefeito. A ideia foi vista como uma oportunidade de melhoria do servi\u00e7o p\u00fablico municipal evoluindo a cada dia  o nosso munic\u00edpio.","2":"Sim","14":"SECRETARIA MUNICIPAL DE EDUCA\u00c7\u00c3O E DESPORTO E LAZER|65|24|4|93","4":"N\u00e3o","5":"Sim","6":"04","7":"Sim","8":"Disponibilidade dos servidores para conciliar os hor\u00e1rios das atividades laborais e o PCM 2025 E Disponibilidade de sala climatizada e equipamentos de inform\u00e1tica com c\u00e2meras de v\u00eddeo para as reuni\u00f5es virtuais e presenciais","9":"Aprimorar a gest\u00e3o p\u00fablica em diversos aspectos, contribuindo para uma administra\u00e7\u00e3o mais eficiente e transparente."}
2025-04-29 15:00:34 - Processando pergunta 1, resposta_valor: A secretária Municipal de Educação juntamente com o prefeito. A ideia foi vista como uma oportunidade de melhoria do serviço público municipal evoluindo a cada dia  o nosso município.
2025-04-29 15:00:34 - Processando pergunta 2, resposta_valor: Sim
2025-04-29 15:00:34 - Pergunta 2 - resposta_sim_nao: Sim, justificativa_valor: 
2025-04-29 15:00:34 - Processando pergunta 14, resposta_valor: SECRETARIA MUNICIPAL DE EDUCAÇÃO E DESPORTO E LAZER|65|24|4|93
2025-04-29 15:00:34 - Pergunta 14 (planilha) - linhas brutas: ["SECRETARIA MUNICIPAL DE EDUCA\u00c7\u00c3O E DESPORTO E LAZER|65|24|4|93"]
2025-04-29 15:00:34 - Pergunta 14 (planilha) - dados da linha: ["SECRETARIA MUNICIPAL DE EDUCA\u00c7\u00c3O E DESPORTO E LAZER","65","24","4","93"]
2025-04-29 15:00:34 - Pergunta 14 (planilha) - planilha_data: [{"secretaria":"SECRETARIA MUNICIPAL DE EDUCA\u00c7\u00c3O E DESPORTO E LAZER","efetivos":"65","comissionados":"24","temporarios":"4","total_parcial":"93"}]
2025-04-29 15:00:34 - Processando pergunta 4, resposta_valor: Não
2025-04-29 15:00:34 - Pergunta 4 - resposta_sim_nao: Não, eixo_selecionado: , justificativa_valor: 
2025-04-29 15:00:34 - Processando pergunta 5, resposta_valor: Sim
2025-04-29 15:00:34 - Pergunta 5 - resposta_sim_nao: Sim, justificativa_valor: 
2025-04-29 15:00:35 - Processando pergunta 6, resposta_valor: 04
2025-04-29 15:00:35 - Processando pergunta 7, resposta_valor: Sim
2025-04-29 15:00:35 - Pergunta 7 - resposta_sim_nao: Sim, justificativa_valor: 
2025-04-29 15:00:35 - Processando pergunta 8, resposta_valor: Disponibilidade dos servidores para conciliar os horários das atividades laborais e o PCM 2025 E Disponibilidade de sala climatizada e equipamentos de informática com câmeras de vídeo para as reuniões virtuais e presenciais
2025-04-29 15:00:35 - Pergunta 8 - resposta_valor: Disponibilidade dos servidores para conciliar os horários das atividades laborais e o PCM 2025 E Disponibilidade de sala climatizada e equipamentos de informática com câmeras de vídeo para as reuniões virtuais e presenciais, outras_respostas_valor: 
2025-04-29 15:00:35 - Processando pergunta 9, resposta_valor: Aprimorar a gestão pública em diversos aspectos, contribuindo para uma administração mais eficiente e transparente.
2025-04-29 15:00:49 - Prefeitura ID: 56
2025-04-29 15:00:49 - Total de perguntas recuperadas: 9
2025-04-29 15:00:49 - Respostas recuperadas: {"1":"Positiva","2":"Sim","14":"ADMINISTRA\u00c7\u00c3O GERAL|177|80|0|257","4":"Sim|Transpar\u00eancia\/Ouvidoria|ESSENCIAL","5":"Sim","6":"3","7":"Sim","8":"RESPONSABILIDADE ADMINISTRATIVA","9":"TRANSPARENCIA COM O CIDAD\u00c3O"}
2025-04-29 15:00:49 - Processando pergunta 1, resposta_valor: Positiva
2025-04-29 15:00:49 - Processando pergunta 2, resposta_valor: Sim
2025-04-29 15:00:49 - Pergunta 2 - resposta_sim_nao: Sim, justificativa_valor: 
2025-04-29 15:00:49 - Processando pergunta 14, resposta_valor: ADMINISTRAÇÃO GERAL|177|80|0|257
2025-04-29 15:00:49 - Pergunta 14 (planilha) - linhas brutas: ["ADMINISTRA\u00c7\u00c3O GERAL|177|80|0|257"]
2025-04-29 15:00:49 - Pergunta 14 (planilha) - dados da linha: ["ADMINISTRA\u00c7\u00c3O GERAL","177","80","0","257"]
2025-04-29 15:00:49 - Pergunta 14 (planilha) - planilha_data: [{"secretaria":"ADMINISTRA\u00c7\u00c3O GERAL","efetivos":"177","comissionados":"80","temporarios":"0","total_parcial":"257"}]
2025-04-29 15:00:49 - Processando pergunta 4, resposta_valor: Sim|Transparência/Ouvidoria|ESSENCIAL
2025-04-29 15:00:49 - Pergunta 4 - resposta_sim_nao: Sim, eixo_selecionado: Transparência/Ouvidoria, justificativa_valor: ESSENCIAL
2025-04-29 15:00:49 - Processando pergunta 5, resposta_valor: Sim
2025-04-29 15:00:49 - Pergunta 5 - resposta_sim_nao: Sim, justificativa_valor: 
2025-04-29 15:00:49 - Processando pergunta 6, resposta_valor: 3
2025-04-29 15:00:50 - Processando pergunta 7, resposta_valor: Sim
2025-04-29 15:00:50 - Pergunta 7 - resposta_sim_nao: Sim, justificativa_valor: 
2025-04-29 15:00:50 - Processando pergunta 8, resposta_valor: RESPONSABILIDADE ADMINISTRATIVA
2025-04-29 15:00:50 - Pergunta 8 - resposta_valor: RESPONSABILIDADE ADMINISTRATIVA, outras_respostas_valor: 
2025-04-29 15:00:50 - Processando pergunta 9, resposta_valor: TRANSPARENCIA COM O CIDADÃO
2025-04-29 15:01:31 - Prefeitura ID: 65
2025-04-29 15:01:31 - Total de perguntas recuperadas: 9
2025-04-29 15:01:31 - Respostas recuperadas: {"1":"WENDERSON DE ASSIS RODRIGUES","2":"Sim"}
2025-04-29 15:01:31 - Formulário enviado: {"resposta":{"1":"WENDERSON DE ASSIS RODRIGUES","2":{"sim_nao":"Sim"},"4":{"sim_nao":"Sim","eixo":""},"5":"Sim","6":"03:00h (tres horas). Estas dispostos a adequar conforme a necessidade.","7":{"sim_nao":"Sim"},"8":"Disponibilidade dos servidores para conciliar os hor\u00e1rios das atividades laborais e o PCM 2025","9":"Mineiros \u00e9 um munic\u00edpio que est\u00e1 crescendo exponencial populacional, social, cultural, e econ\u00f4mico e o caracteriza ainda mais como um polo regional, e poderia ser um transferidor de ESCG aos demais munic\u00edpios da regi\u00e3o. Temos disposi\u00e7\u00e3o para fortalecer a governan\u00e7a, a integridade e a transpar\u00eancia em nossas gest\u00f5es. Buscamos melhorar nossas pr\u00e1ticas de gest\u00e3o, tornando-as mais eficientes e respons\u00e1veis. Com conhecimento aprofundado e com um ciclo cont\u00ednuo sobre os temas propostos e ferramentas continuamente aprimoradas, temos condi\u00e7\u00f5es de implementar a\u00e7\u00f5es nos tr\u00eas eixos tem\u00e1ticos do programa. Pretendemos identificar e mitigar riscos para uma gest\u00e3o mais eficaz, promover uma cultura de \u00e9tica e transpar\u00eancia na administra\u00e7\u00e3o p\u00fablica e fortalecermos nossos servi\u00e7os de ouvidorias para melhorar a comunica\u00e7\u00e3o com a popula\u00e7\u00e3o e atendermos suas demandas.  Ao ingressar no PCM 2025, o munic\u00edpio ter\u00e1 acesso a ferramentas e metodologias que impulsionar\u00e3o ainda mais a gest\u00e3o eficiente e respons\u00e1vel, beneficiando diretamente os cidad\u00e3os"},"justificativa":{"2":"","4":"","5":"","7":""},"secretaria":{"14":[""]},"efetivos":{"14":[""]},"comissionados":{"14":[""]},"temporarios":{"14":[""]},"salvar":""}
2025-04-29 15:01:31 - Atualizada resposta para pergunta 1: WENDERSON DE ASSIS RODRIGUES
2025-04-29 15:01:31 - Atualizada resposta para pergunta 2: Sim
2025-04-29 15:01:32 - Pergunta 14 (planilha) - Resposta gerada: 
2025-04-29 15:01:32 - Erro validação pergunta 4: Selecione um eixo para a pergunta: Dentre os três eixos temáticos: Gestão de Riscos, Ética, Transparência/Ouvidoria, a serem abordados
no PCM 2025, há algum que a administração do município considere prioritário?
2025-04-29 15:01:32 - Salvamento falhou: Selecione um eixo para a pergunta: Dentre os três eixos temáticos: Gestão de Riscos, Ética, Transparência/Ouvidoria, a serem abordados
no PCM 2025, há algum que a administração do município considere prioritário?
2025-04-29 15:01:32 - Processando pergunta 1, resposta_valor: WENDERSON DE ASSIS RODRIGUES
2025-04-29 15:01:32 - Processando pergunta 2, resposta_valor: Sim
2025-04-29 15:01:32 - Pergunta 2 - resposta_sim_nao: Sim, justificativa_valor: 
2025-04-29 15:01:32 - Processando pergunta 14, resposta_valor: 
2025-04-29 15:01:32 - Processando pergunta 4, resposta_valor: 
2025-04-29 15:01:32 - Processando pergunta 5, resposta_valor: 
2025-04-29 15:01:32 - Processando pergunta 6, resposta_valor: 
2025-04-29 15:01:32 - Processando pergunta 7, resposta_valor: 
2025-04-29 15:01:32 - Processando pergunta 8, resposta_valor: 
2025-04-29 15:01:32 - Processando pergunta 9, resposta_valor: 
2025-04-29 15:03:34 - Prefeitura ID: 65
2025-04-29 15:03:34 - Total de perguntas recuperadas: 9
2025-04-29 15:03:34 - Respostas recuperadas: {"1":"WENDERSON DE ASSIS RODRIGUES","2":"Sim"}
2025-04-29 15:03:34 - Formulário enviado: {"resposta":{"1":"WENDERSON DE ASSIS RODRIGUES","2":{"sim_nao":"Sim"},"4":{"sim_nao":"Sim","eixo":""},"5":"Sim","6":"03:00h (tres horas). Estamos dispostos a adequar conforme a necessidade.","7":{"sim_nao":"Sim"},"8":"Disponibilidade dos servidores para conciliar os hor\u00e1rios das atividades laborais e o PCM 2025","9":"Mineiros \u00e9 um munic\u00edpio que est\u00e1 crescendo exponencial populacional, social, cultural, e econ\u00f4mico e o caracteriza ainda mais como um polo regional, e poderia ser um transferidor de ESCG aos demais munic\u00edpios da regi\u00e3o. Temos disposi\u00e7\u00e3o para fortalecer a governan\u00e7a, a integridade e a transpar\u00eancia em nossas gest\u00f5es. Buscamos melhorar nossas pr\u00e1ticas de gest\u00e3o, tornando-as mais eficientes e respons\u00e1veis. Com conhecimento aprofundado e com um ciclo cont\u00ednuo sobre os temas propostos e ferramentas continuamente aprimoradas, temos condi\u00e7\u00f5es de implementar a\u00e7\u00f5es nos tr\u00eas eixos tem\u00e1ticos do programa. Pretendemos identificar e mitigar riscos para uma gest\u00e3o mais eficaz, promover uma cultura de \u00e9tica e transpar\u00eancia na administra\u00e7\u00e3o p\u00fablica e fortalecermos nossos servi\u00e7os de ouvidorias para melhorar a comunica\u00e7\u00e3o com a popula\u00e7\u00e3o e atendermos suas demandas.  Ao ingressar no PCM 2025, o munic\u00edpio ter\u00e1 acesso a ferramentas e metodologias que impulsionar\u00e3o ainda mais a gest\u00e3o eficiente e respons\u00e1vel, beneficiando diretamente os cidad\u00e3os"},"justificativa":{"2":"","4":"","5":"","7":""},"secretaria":{"14":[""]},"efetivos":{"14":[""]},"comissionados":{"14":[""]},"temporarios":{"14":[""]},"salvar":""}
2025-04-29 15:03:34 - Atualizada resposta para pergunta 1: WENDERSON DE ASSIS RODRIGUES
2025-04-29 15:03:34 - Atualizada resposta para pergunta 2: Sim
2025-04-29 15:03:34 - Pergunta 14 (planilha) - Resposta gerada: 
2025-04-29 15:03:34 - Erro validação pergunta 4: Selecione um eixo para a pergunta: Dentre os três eixos temáticos: Gestão de Riscos, Ética, Transparência/Ouvidoria, a serem abordados
no PCM 2025, há algum que a administração do município considere prioritário?
2025-04-29 15:03:35 - Salvamento falhou: Selecione um eixo para a pergunta: Dentre os três eixos temáticos: Gestão de Riscos, Ética, Transparência/Ouvidoria, a serem abordados
no PCM 2025, há algum que a administração do município considere prioritário?
2025-04-29 15:03:35 - Processando pergunta 1, resposta_valor: WENDERSON DE ASSIS RODRIGUES
2025-04-29 15:03:35 - Processando pergunta 2, resposta_valor: Sim
2025-04-29 15:03:35 - Pergunta 2 - resposta_sim_nao: Sim, justificativa_valor: 
2025-04-29 15:03:35 - Processando pergunta 14, resposta_valor: 
2025-04-29 15:03:35 - Processando pergunta 4, resposta_valor: 
2025-04-29 15:03:35 - Processando pergunta 5, resposta_valor: 
2025-04-29 15:03:35 - Processando pergunta 6, resposta_valor: 
2025-04-29 15:03:35 - Processando pergunta 7, resposta_valor: 
2025-04-29 15:03:35 - Processando pergunta 8, resposta_valor: 
2025-04-29 15:03:35 - Processando pergunta 9, resposta_valor: 
2025-04-29 15:05:16 - Prefeitura ID: 65
2025-04-29 15:05:16 - Total de perguntas recuperadas: 9
2025-04-29 15:05:16 - Respostas recuperadas: {"1":"WENDERSON DE ASSIS RODRIGUES","2":"Sim"}
2025-04-29 15:05:16 - Formulário enviado: {"resposta":{"1":"WENDERSON DE ASSIS RODRIGUES","2":{"sim_nao":"Sim"},"4":{"sim_nao":"N\u00e3o","eixo":""},"5":"Sim","6":"03:00h (tres horas). Estamos dispostos a adequar conforme a necessidade.","7":{"sim_nao":"Sim"},"8":"Disponibilidade dos servidores para conciliar os hor\u00e1rios das atividades laborais e o PCM 2025","9":"Mineiros \u00e9 um munic\u00edpio que est\u00e1 crescendo exponencial populacional, social, cultural, e econ\u00f4mico e o caracteriza ainda mais como um polo regional, e poderia ser um transferidor de ESCG aos demais munic\u00edpios da regi\u00e3o. Temos disposi\u00e7\u00e3o para fortalecer a governan\u00e7a, a integridade e a transpar\u00eancia em nossas gest\u00f5es. Buscamos melhorar nossas pr\u00e1ticas de gest\u00e3o, tornando-as mais eficientes e respons\u00e1veis. Com conhecimento aprofundado e com um ciclo cont\u00ednuo sobre os temas propostos e ferramentas continuamente aprimoradas, temos condi\u00e7\u00f5es de implementar a\u00e7\u00f5es nos tr\u00eas eixos tem\u00e1ticos do programa. Pretendemos identificar e mitigar riscos para uma gest\u00e3o mais eficaz, promover uma cultura de \u00e9tica e transpar\u00eancia na administra\u00e7\u00e3o p\u00fablica e fortalecermos nossos servi\u00e7os de ouvidorias para melhorar a comunica\u00e7\u00e3o com a popula\u00e7\u00e3o e atendermos suas demandas.  Ao ingressar no PCM 2025, o munic\u00edpio ter\u00e1 acesso a ferramentas e metodologias que impulsionar\u00e3o ainda mais a gest\u00e3o eficiente e respons\u00e1vel, beneficiando diretamente os cidad\u00e3os"},"justificativa":{"2":"","4":"","5":"","7":""},"secretaria":{"14":[""]},"efetivos":{"14":[""]},"comissionados":{"14":[""]},"temporarios":{"14":[""]},"salvar":""}
2025-04-29 15:05:16 - Atualizada resposta para pergunta 1: WENDERSON DE ASSIS RODRIGUES
2025-04-29 15:05:16 - Atualizada resposta para pergunta 2: Sim
2025-04-29 15:05:16 - Pergunta 14 (planilha) - Resposta gerada: 
2025-04-29 15:05:16 - Inserida resposta para pergunta 4: Não
2025-04-29 15:05:16 - Inserida resposta para pergunta 5: Sim
2025-04-29 15:05:16 - Inserida resposta para pergunta 6: 03:00h (tres horas). Estamos dispostos a adequar conforme a necessidade.
2025-04-29 15:05:16 - Inserida resposta para pergunta 7: Sim
2025-04-29 15:05:16 - Inserida resposta para pergunta 8: Disponibilidade dos servidores para conciliar os horários das atividades laborais e o PCM 2025
2025-04-29 15:05:17 - Inserida resposta para pergunta 9: Mineiros é um município que está crescendo exponencial populacional, social, cultural, e econômico e o caracteriza ainda mais como um polo regional, e poderia ser um transferidor de ESCG aos demais municípios da região. Temos disposição para fortalecer a governança, a integridade e a transparência em nossas gestões. Buscamos melhorar nossas práticas de gestão, tornando-as mais eficientes e responsáveis. Com conhecimento aprofundado e com um ciclo contínuo sobre os temas propostos e ferramentas continuamente aprimoradas, temos condições de implementar ações nos três eixos temáticos do programa. Pretendemos identificar e mitigar riscos para uma gestão mais eficaz, promover uma cultura de ética e transparência na administração pública e fortalecermos nossos serviços de ouvidorias para melhorar a comunicação com a população e atendermos suas demandas.  Ao ingressar no PCM 2025, o município terá acesso a ferramentas e metodologias que impulsionarão ainda mais a gestão eficiente e responsável, beneficiando diretamente os cidadãos
2025-04-29 15:05:17 - Salvamento concluído com sucesso
2025-04-29 15:05:17 - Prefeitura ID: 65
2025-04-29 15:05:17 - Total de perguntas recuperadas: 9
2025-04-29 15:05:17 - Respostas recuperadas: {"1":"WENDERSON DE ASSIS RODRIGUES","2":"Sim","4":"N\u00e3o","5":"Sim","6":"03:00h (tres horas). Estamos dispostos a adequar conforme a necessidade.","7":"Sim","8":"Disponibilidade dos servidores para conciliar os hor\u00e1rios das atividades laborais e o PCM 2025","9":"Mineiros \u00e9 um munic\u00edpio que est\u00e1 crescendo exponencial populacional, social, cultural, e econ\u00f4mico e o caracteriza ainda mais como um polo regional, e poderia ser um transferidor de ESCG aos demais munic\u00edpios da regi\u00e3o. Temos disposi\u00e7\u00e3o para fortalecer a governan\u00e7a, a integridade e a transpar\u00eancia em nossas gest\u00f5es. Buscamos melhorar nossas pr\u00e1ticas de gest\u00e3o, tornando-as mais eficientes e respons\u00e1veis. Com conhecimento aprofundado e com um ciclo cont\u00ednuo sobre os temas propostos e ferramentas continuamente aprimoradas, temos condi\u00e7\u00f5es de implementar a\u00e7\u00f5es nos tr\u00eas eixos tem\u00e1ticos do programa. Pretendemos identificar e mitigar riscos para uma gest\u00e3o mais eficaz, promover uma cultura de \u00e9tica e transpar\u00eancia na administra\u00e7\u00e3o p\u00fablica e fortalecermos nossos servi\u00e7os de ouvidorias para melhorar a comunica\u00e7\u00e3o com a popula\u00e7\u00e3o e atendermos suas demandas.  Ao ingressar no PCM 2025, o munic\u00edpio ter\u00e1 acesso a ferramentas e metodologias que impulsionar\u00e3o ainda mais a gest\u00e3o eficiente e respons\u00e1vel, beneficiando diretamente os cidad\u00e3os"}
2025-04-29 15:05:17 - Processando pergunta 1, resposta_valor: WENDERSON DE ASSIS RODRIGUES
2025-04-29 15:05:17 - Processando pergunta 2, resposta_valor: Sim
2025-04-29 15:05:17 - Pergunta 2 - resposta_sim_nao: Sim, justificativa_valor: 
2025-04-29 15:05:17 - Processando pergunta 14, resposta_valor: 
2025-04-29 15:05:17 - Processando pergunta 4, resposta_valor: Não
2025-04-29 15:05:17 - Pergunta 4 - resposta_sim_nao: Não, eixo_selecionado: , justificativa_valor: 
2025-04-29 15:05:17 - Processando pergunta 5, resposta_valor: Sim
2025-04-29 15:05:18 - Pergunta 5 - resposta_sim_nao: Sim, justificativa_valor: 
2025-04-29 15:05:18 - Processando pergunta 6, resposta_valor: 03:00h (tres horas). Estamos dispostos a adequar conforme a necessidade.
2025-04-29 15:05:18 - Processando pergunta 7, resposta_valor: Sim
2025-04-29 15:05:18 - Pergunta 7 - resposta_sim_nao: Sim, justificativa_valor: 
2025-04-29 15:05:18 - Processando pergunta 8, resposta_valor: Disponibilidade dos servidores para conciliar os horários das atividades laborais e o PCM 2025
2025-04-29 15:05:18 - Pergunta 8 - resposta_valor: Disponibilidade dos servidores para conciliar os horários das atividades laborais e o PCM 2025, outras_respostas_valor: 
2025-04-29 15:05:18 - Processando pergunta 9, resposta_valor: Mineiros é um município que está crescendo exponencial populacional, social, cultural, e econômico e o caracteriza ainda mais como um polo regional, e poderia ser um transferidor de ESCG aos demais municípios da região. Temos disposição para fortalecer a governança, a integridade e a transparência em nossas gestões. Buscamos melhorar nossas práticas de gestão, tornando-as mais eficientes e responsáveis. Com conhecimento aprofundado e com um ciclo contínuo sobre os temas propostos e ferramentas continuamente aprimoradas, temos condições de implementar ações nos três eixos temáticos do programa. Pretendemos identificar e mitigar riscos para uma gestão mais eficaz, promover uma cultura de ética e transparência na administração pública e fortalecermos nossos serviços de ouvidorias para melhorar a comunicação com a população e atendermos suas demandas.  Ao ingressar no PCM 2025, o município terá acesso a ferramentas e metodologias que impulsionarão ainda mais a gestão eficiente e responsável, beneficiando diretamente os cidadãos
2025-04-29 15:12:23 - Prefeitura ID: 63
2025-04-29 15:12:23 - Total de perguntas recuperadas: 9
2025-04-29 15:12:23 - Respostas recuperadas: {"1":"A procuradora-geral do munic\u00edpio tomou a iniciativa de inscrever o munic\u00edpio no Programa de Compliance P\u00fablico Municipal (PCM) 2025. A proposta foi bem recebida pela administra\u00e7\u00e3o, que reconheceu sua import\u00e2ncia para fortalecer a integridade e a gest\u00e3o p\u00fablica. Os servidores tamb\u00e9m demonstraram apoio, vendo na iniciativa uma oportunidade de aprimorar processos e valorizar as boas pr\u00e1ticas j\u00e1 existentes.","2":"Sim"}
2025-04-29 15:12:23 - Processando pergunta 1, resposta_valor: A procuradora-geral do município tomou a iniciativa de inscrever o município no Programa de Compliance Público Municipal (PCM) 2025. A proposta foi bem recebida pela administração, que reconheceu sua importância para fortalecer a integridade e a gestão pública. Os servidores também demonstraram apoio, vendo na iniciativa uma oportunidade de aprimorar processos e valorizar as boas práticas já existentes.
2025-04-29 15:12:23 - Processando pergunta 2, resposta_valor: Sim
2025-04-29 15:12:23 - Pergunta 2 - resposta_sim_nao: Sim, justificativa_valor: 
2025-04-29 15:12:23 - Processando pergunta 14, resposta_valor: 
2025-04-29 15:12:23 - Processando pergunta 4, resposta_valor: 
2025-04-29 15:12:23 - Processando pergunta 5, resposta_valor: 
2025-04-29 15:12:23 - Processando pergunta 6, resposta_valor: 
2025-04-29 15:12:23 - Processando pergunta 7, resposta_valor: 
2025-04-29 15:12:23 - Processando pergunta 8, resposta_valor: 
2025-04-29 15:12:23 - Processando pergunta 9, resposta_valor: 
2025-04-29 15:13:33 - Prefeitura ID: 56
2025-04-29 15:13:34 - Total de perguntas recuperadas: 9
2025-04-29 15:13:34 - Respostas recuperadas: {"1":"Positiva","2":"Sim","14":"ADMINISTRA\u00c7\u00c3O GERAL|177|80|0|257","4":"Sim|Transpar\u00eancia\/Ouvidoria|ESSENCIAL","5":"Sim","6":"3","7":"Sim","8":"RESPONSABILIDADE ADMINISTRATIVA","9":"TRANSPARENCIA COM O CIDAD\u00c3O"}
2025-04-29 15:13:34 - Processando pergunta 1, resposta_valor: Positiva
2025-04-29 15:13:34 - Processando pergunta 2, resposta_valor: Sim
2025-04-29 15:13:34 - Pergunta 2 - resposta_sim_nao: Sim, justificativa_valor: 
2025-04-29 15:13:34 - Processando pergunta 14, resposta_valor: ADMINISTRAÇÃO GERAL|177|80|0|257
2025-04-29 15:13:34 - Pergunta 14 (planilha) - linhas brutas: ["ADMINISTRA\u00c7\u00c3O GERAL|177|80|0|257"]
2025-04-29 15:13:34 - Pergunta 14 (planilha) - dados da linha: ["ADMINISTRA\u00c7\u00c3O GERAL","177","80","0","257"]
2025-04-29 15:13:34 - Pergunta 14 (planilha) - planilha_data: [{"secretaria":"ADMINISTRA\u00c7\u00c3O GERAL","efetivos":"177","comissionados":"80","temporarios":"0","total_parcial":"257"}]
2025-04-29 15:13:34 - Processando pergunta 4, resposta_valor: Sim|Transparência/Ouvidoria|ESSENCIAL
2025-04-29 15:13:34 - Pergunta 4 - resposta_sim_nao: Sim, eixo_selecionado: Transparência/Ouvidoria, justificativa_valor: ESSENCIAL
2025-04-29 15:13:34 - Processando pergunta 5, resposta_valor: Sim
2025-04-29 15:13:34 - Pergunta 5 - resposta_sim_nao: Sim, justificativa_valor: 
2025-04-29 15:13:34 - Processando pergunta 6, resposta_valor: 3
2025-04-29 15:13:34 - Processando pergunta 7, resposta_valor: Sim
2025-04-29 15:13:35 - Pergunta 7 - resposta_sim_nao: Sim, justificativa_valor: 
2025-04-29 15:13:35 - Processando pergunta 8, resposta_valor: RESPONSABILIDADE ADMINISTRATIVA
2025-04-29 15:13:35 - Pergunta 8 - resposta_valor: RESPONSABILIDADE ADMINISTRATIVA, outras_respostas_valor: 
2025-04-29 15:13:35 - Processando pergunta 9, resposta_valor: TRANSPARENCIA COM O CIDADÃO
2025-04-29 15:13:42 - Prefeitura ID: 56
2025-04-29 15:13:42 - Total de perguntas recuperadas: 9
2025-04-29 15:13:42 - Respostas recuperadas: {"1":"Positiva","2":"Sim","14":"ADMINISTRA\u00c7\u00c3O GERAL|177|80|0|257","4":"Sim|Transpar\u00eancia\/Ouvidoria|ESSENCIAL","5":"Sim","6":"3","7":"Sim","8":"RESPONSABILIDADE ADMINISTRATIVA","9":"TRANSPARENCIA COM O CIDAD\u00c3O"}
2025-04-29 15:13:42 - Formulário enviado: {"resposta":{"1":"Positiva","2":{"sim_nao":"Sim"},"4":{"sim_nao":"Sim","eixo":"Transpar\u00eancia\/Ouvidoria"},"5":"Sim","6":"3","7":{"sim_nao":"Sim"},"8":"RESPONSABILIDADE ADMINISTRATIVA","9":"TRANSPARENCIA COM O CIDAD\u00c3O"},"justificativa":{"2":"","4":"ESSENCIAL","5":"","7":""},"secretaria":{"14":["ADMINISTRA\u00c7\u00c3O GERAL"]},"efetivos":{"14":["177"]},"comissionados":{"14":["80"]},"temporarios":{"14":["0"]},"salvar":""}
2025-04-29 15:13:42 - Atualizada resposta para pergunta 1: Positiva
2025-04-29 15:13:42 - Atualizada resposta para pergunta 2: Sim
2025-04-29 15:13:42 - Pergunta 14 (planilha) - Resposta gerada: ADMINISTRAÇÃO GERAL|177|80|0|257
2025-04-29 15:13:42 - Atualizada resposta para pergunta 14: ADMINISTRAÇÃO GERAL|177|80|0|257
2025-04-29 15:13:42 - Atualizada resposta para pergunta 4: Sim|Transparência/Ouvidoria|ESSENCIAL
2025-04-29 15:13:42 - Atualizada resposta para pergunta 5: Sim
2025-04-29 15:13:42 - Atualizada resposta para pergunta 6: 3
2025-04-29 15:13:42 - Atualizada resposta para pergunta 7: Sim
2025-04-29 15:13:42 - Atualizada resposta para pergunta 8: RESPONSABILIDADE ADMINISTRATIVA
2025-04-29 15:13:42 - Atualizada resposta para pergunta 9: TRANSPARENCIA COM O CIDADÃO
2025-04-29 15:13:42 - Salvamento concluído com sucesso
2025-04-29 15:13:43 - Prefeitura ID: 56
2025-04-29 15:13:43 - Total de perguntas recuperadas: 9
2025-04-29 15:13:43 - Respostas recuperadas: {"1":"Positiva","2":"Sim","14":"ADMINISTRA\u00c7\u00c3O GERAL|177|80|0|257","4":"Sim|Transpar\u00eancia\/Ouvidoria|ESSENCIAL","5":"Sim","6":"3","7":"Sim","8":"RESPONSABILIDADE ADMINISTRATIVA","9":"TRANSPARENCIA COM O CIDAD\u00c3O"}
2025-04-29 15:13:43 - Processando pergunta 1, resposta_valor: Positiva
2025-04-29 15:13:43 - Processando pergunta 2, resposta_valor: Sim
2025-04-29 15:13:43 - Pergunta 2 - resposta_sim_nao: Sim, justificativa_valor: 
2025-04-29 15:13:43 - Processando pergunta 14, resposta_valor: ADMINISTRAÇÃO GERAL|177|80|0|257
2025-04-29 15:13:43 - Pergunta 14 (planilha) - linhas brutas: ["ADMINISTRA\u00c7\u00c3O GERAL|177|80|0|257"]
2025-04-29 15:13:43 - Pergunta 14 (planilha) - dados da linha: ["ADMINISTRA\u00c7\u00c3O GERAL","177","80","0","257"]
2025-04-29 15:13:43 - Pergunta 14 (planilha) - planilha_data: [{"secretaria":"ADMINISTRA\u00c7\u00c3O GERAL","efetivos":"177","comissionados":"80","temporarios":"0","total_parcial":"257"}]
2025-04-29 15:13:43 - Processando pergunta 4, resposta_valor: Sim|Transparência/Ouvidoria|ESSENCIAL
2025-04-29 15:13:43 - Pergunta 4 - resposta_sim_nao: Sim, eixo_selecionado: Transparência/Ouvidoria, justificativa_valor: ESSENCIAL
2025-04-29 15:13:43 - Processando pergunta 5, resposta_valor: Sim
2025-04-29 15:13:44 - Pergunta 5 - resposta_sim_nao: Sim, justificativa_valor: 
2025-04-29 15:13:44 - Processando pergunta 6, resposta_valor: 3
2025-04-29 15:13:44 - Processando pergunta 7, resposta_valor: Sim
2025-04-29 15:13:44 - Pergunta 7 - resposta_sim_nao: Sim, justificativa_valor: 
2025-04-29 15:13:44 - Processando pergunta 8, resposta_valor: RESPONSABILIDADE ADMINISTRATIVA
2025-04-29 15:13:44 - Pergunta 8 - resposta_valor: RESPONSABILIDADE ADMINISTRATIVA, outras_respostas_valor: 
2025-04-29 15:13:44 - Processando pergunta 9, resposta_valor: TRANSPARENCIA COM O CIDADÃO
2025-04-29 15:14:03 - Prefeitura ID: 56
2025-04-29 15:14:03 - Total de perguntas recuperadas: 9
2025-04-29 15:14:03 - Respostas recuperadas: {"1":"Positiva","2":"Sim","14":"ADMINISTRA\u00c7\u00c3O GERAL|177|80|0|257","4":"Sim|Transpar\u00eancia\/Ouvidoria|ESSENCIAL","5":"Sim","6":"3","7":"Sim","8":"RESPONSABILIDADE ADMINISTRATIVA","9":"TRANSPARENCIA COM O CIDAD\u00c3O"}
2025-04-29 15:14:03 - Processando pergunta 1, resposta_valor: Positiva
2025-04-29 15:14:03 - Processando pergunta 2, resposta_valor: Sim
2025-04-29 15:14:03 - Pergunta 2 - resposta_sim_nao: Sim, justificativa_valor: 
2025-04-29 15:14:04 - Processando pergunta 14, resposta_valor: ADMINISTRAÇÃO GERAL|177|80|0|257
2025-04-29 15:14:04 - Pergunta 14 (planilha) - linhas brutas: ["ADMINISTRA\u00c7\u00c3O GERAL|177|80|0|257"]
2025-04-29 15:14:04 - Pergunta 14 (planilha) - dados da linha: ["ADMINISTRA\u00c7\u00c3O GERAL","177","80","0","257"]
2025-04-29 15:14:04 - Pergunta 14 (planilha) - planilha_data: [{"secretaria":"ADMINISTRA\u00c7\u00c3O GERAL","efetivos":"177","comissionados":"80","temporarios":"0","total_parcial":"257"}]
2025-04-29 15:14:04 - Processando pergunta 4, resposta_valor: Sim|Transparência/Ouvidoria|ESSENCIAL
2025-04-29 15:14:04 - Pergunta 4 - resposta_sim_nao: Sim, eixo_selecionado: Transparência/Ouvidoria, justificativa_valor: ESSENCIAL
2025-04-29 15:14:04 - Processando pergunta 5, resposta_valor: Sim
2025-04-29 15:14:04 - Pergunta 5 - resposta_sim_nao: Sim, justificativa_valor: 
2025-04-29 15:14:04 - Processando pergunta 6, resposta_valor: 3
2025-04-29 15:14:04 - Processando pergunta 7, resposta_valor: Sim
2025-04-29 15:14:04 - Pergunta 7 - resposta_sim_nao: Sim, justificativa_valor: 
2025-04-29 15:14:04 - Processando pergunta 8, resposta_valor: RESPONSABILIDADE ADMINISTRATIVA
2025-04-29 15:14:04 - Pergunta 8 - resposta_valor: RESPONSABILIDADE ADMINISTRATIVA, outras_respostas_valor: 
2025-04-29 15:14:04 - Processando pergunta 9, resposta_valor: TRANSPARENCIA COM O CIDADÃO
2025-04-29 15:14:09 - Prefeitura ID: 56
2025-04-29 15:14:09 - Total de perguntas recuperadas: 9
2025-04-29 15:14:09 - Respostas recuperadas: {"1":"Positiva","2":"Sim","14":"ADMINISTRA\u00c7\u00c3O GERAL|177|80|0|257","4":"Sim|Transpar\u00eancia\/Ouvidoria|ESSENCIAL","5":"Sim","6":"3","7":"Sim","8":"RESPONSABILIDADE ADMINISTRATIVA","9":"TRANSPARENCIA COM O CIDAD\u00c3O"}
2025-04-29 15:14:09 - Formulário enviado: {"resposta":{"1":"Positiva","2":{"sim_nao":"Sim"},"4":{"sim_nao":"Sim","eixo":"Transpar\u00eancia\/Ouvidoria"},"5":"Sim","6":"3","7":{"sim_nao":"Sim"},"8":"RESPONSABILIDADE ADMINISTRATIVA","9":"TRANSPARENCIA COM O CIDAD\u00c3O"},"justificativa":{"2":"","4":"ESSENCIAL","5":"","7":""},"secretaria":{"14":["ADMINISTRA\u00c7\u00c3O GERAL"]},"efetivos":{"14":["177"]},"comissionados":{"14":["80"]},"temporarios":{"14":["0"]},"salvar":""}
2025-04-29 15:14:10 - Atualizada resposta para pergunta 1: Positiva
2025-04-29 15:14:10 - Atualizada resposta para pergunta 2: Sim
2025-04-29 15:14:10 - Pergunta 14 (planilha) - Resposta gerada: ADMINISTRAÇÃO GERAL|177|80|0|257
2025-04-29 15:14:10 - Atualizada resposta para pergunta 14: ADMINISTRAÇÃO GERAL|177|80|0|257
2025-04-29 15:14:10 - Atualizada resposta para pergunta 4: Sim|Transparência/Ouvidoria|ESSENCIAL
2025-04-29 15:14:10 - Atualizada resposta para pergunta 5: Sim
2025-04-29 15:14:10 - Atualizada resposta para pergunta 6: 3
2025-04-29 15:14:10 - Atualizada resposta para pergunta 7: Sim
2025-04-29 15:14:10 - Atualizada resposta para pergunta 8: RESPONSABILIDADE ADMINISTRATIVA
2025-04-29 15:14:10 - Atualizada resposta para pergunta 9: TRANSPARENCIA COM O CIDADÃO
2025-04-29 15:14:10 - Salvamento concluído com sucesso
2025-04-29 15:14:11 - Prefeitura ID: 56
2025-04-29 15:14:11 - Total de perguntas recuperadas: 9
2025-04-29 15:14:11 - Respostas recuperadas: {"1":"Positiva","2":"Sim","14":"ADMINISTRA\u00c7\u00c3O GERAL|177|80|0|257","4":"Sim|Transpar\u00eancia\/Ouvidoria|ESSENCIAL","5":"Sim","6":"3","7":"Sim","8":"RESPONSABILIDADE ADMINISTRATIVA","9":"TRANSPARENCIA COM O CIDAD\u00c3O"}
2025-04-29 15:14:11 - Processando pergunta 1, resposta_valor: Positiva
2025-04-29 15:14:11 - Processando pergunta 2, resposta_valor: Sim
2025-04-29 15:14:11 - Pergunta 2 - resposta_sim_nao: Sim, justificativa_valor: 
2025-04-29 15:14:11 - Processando pergunta 14, resposta_valor: ADMINISTRAÇÃO GERAL|177|80|0|257
2025-04-29 15:14:11 - Pergunta 14 (planilha) - linhas brutas: ["ADMINISTRA\u00c7\u00c3O GERAL|177|80|0|257"]
2025-04-29 15:14:11 - Pergunta 14 (planilha) - dados da linha: ["ADMINISTRA\u00c7\u00c3O GERAL","177","80","0","257"]
2025-04-29 15:14:11 - Pergunta 14 (planilha) - planilha_data: [{"secretaria":"ADMINISTRA\u00c7\u00c3O GERAL","efetivos":"177","comissionados":"80","temporarios":"0","total_parcial":"257"}]
2025-04-29 15:14:11 - Processando pergunta 4, resposta_valor: Sim|Transparência/Ouvidoria|ESSENCIAL
2025-04-29 15:14:11 - Pergunta 4 - resposta_sim_nao: Sim, eixo_selecionado: Transparência/Ouvidoria, justificativa_valor: ESSENCIAL
2025-04-29 15:14:11 - Processando pergunta 5, resposta_valor: Sim
2025-04-29 15:14:11 - Pergunta 5 - resposta_sim_nao: Sim, justificativa_valor: 
2025-04-29 15:14:11 - Processando pergunta 6, resposta_valor: 3
2025-04-29 15:14:12 - Processando pergunta 7, resposta_valor: Sim
2025-04-29 15:14:12 - Pergunta 7 - resposta_sim_nao: Sim, justificativa_valor: 
2025-04-29 15:14:12 - Processando pergunta 8, resposta_valor: RESPONSABILIDADE ADMINISTRATIVA
2025-04-29 15:14:12 - Pergunta 8 - resposta_valor: RESPONSABILIDADE ADMINISTRATIVA, outras_respostas_valor: 
2025-04-29 15:14:12 - Processando pergunta 9, resposta_valor: TRANSPARENCIA COM O CIDADÃO
2025-04-29 15:31:14 - Prefeitura ID: 69
2025-04-29 15:31:14 - Total de perguntas recuperadas: 9
2025-04-29 15:31:14 - Respostas recuperadas: {"1":"teste","2":"Sim","14":"SECRETARIA DE ESGOTO|98|98|98|294|294;SADEG|98|98|98|294|588;SECRETARIA DA EDUCA\u00c7\u00c3PO |78|98|79|255|843","4":"N\u00e3o","5":"Sim","6":"TESTE","7":"Sim","8":"TESTE","9":"TESTE"}
2025-04-29 15:31:15 - Processando pergunta 1, resposta_valor: teste
2025-04-29 15:31:15 - Processando pergunta 2, resposta_valor: Sim
2025-04-29 15:31:15 - Pergunta 2 - resposta_sim_nao: Sim, justificativa_valor: 
2025-04-29 15:31:15 - Processando pergunta 14, resposta_valor: SECRETARIA DE ESGOTO|98|98|98|294|294;SADEG|98|98|98|294|588;SECRETARIA DA EDUCAÇÃPO |78|98|79|255|843
2025-04-29 15:31:15 - Pergunta 14 (planilha) - linhas brutas: ["SECRETARIA DE ESGOTO|98|98|98|294|294","SADEG|98|98|98|294|588","SECRETARIA DA EDUCA\u00c7\u00c3PO |78|98|79|255|843"]
2025-04-29 15:31:16 - Pergunta 14 (planilha) - dados da linha: ["SECRETARIA DE ESGOTO","98","98","98","294","294"]
2025-04-29 15:31:16 - Pergunta 14 (planilha) - dados da linha: ["SADEG","98","98","98","294","588"]
2025-04-29 15:31:16 - Pergunta 14 (planilha) - dados da linha: ["SECRETARIA DA EDUCA\u00c7\u00c3PO ","78","98","79","255","843"]
2025-04-29 15:31:16 - Pergunta 14 (planilha) - planilha_data: [{"secretaria":"SECRETARIA DE ESGOTO","efetivos":"98","comissionados":"98","temporarios":"98","total_parcial":"294"},{"secretaria":"SADEG","efetivos":"98","comissionados":"98","temporarios":"98","total_parcial":"294"},{"secretaria":"SECRETARIA DA EDUCA\u00c7\u00c3PO","efetivos":"78","comissionados":"98","temporarios":"79","total_parcial":"255"}]
2025-04-29 15:31:16 - Processando pergunta 4, resposta_valor: Não
2025-04-29 15:31:17 - Pergunta 4 - resposta_sim_nao: Não, eixo_selecionado: , justificativa_valor: 
2025-04-29 15:31:17 - Processando pergunta 5, resposta_valor: Sim
2025-04-29 15:31:17 - Pergunta 5 - resposta_sim_nao: Sim, justificativa_valor: 
2025-04-29 15:31:17 - Processando pergunta 6, resposta_valor: TESTE
2025-04-29 15:31:17 - Processando pergunta 7, resposta_valor: Sim
2025-04-29 15:31:18 - Pergunta 7 - resposta_sim_nao: Sim, justificativa_valor: 
2025-04-29 15:31:18 - Processando pergunta 8, resposta_valor: TESTE
2025-04-29 15:31:18 - Pergunta 8 - resposta_valor: TESTE, outras_respostas_valor: 
2025-04-29 15:31:18 - Processando pergunta 9, resposta_valor: TESTE
2025-04-29 15:31:53 - Prefeitura ID: 69
2025-04-29 15:31:54 - Total de perguntas recuperadas: 9
2025-04-29 15:31:54 - Respostas recuperadas: {"1":"teste","2":"Sim","14":"SECRETARIA DE ESGOTO|98|98|98|294|294;SADEG|98|98|98|294|588;SECRETARIA DA EDUCA\u00c7\u00c3PO |78|98|79|255|843","4":"N\u00e3o","5":"Sim","6":"TESTE","7":"Sim","8":"TESTE","9":"TESTE"}
2025-04-29 15:31:54 - Formulário enviado: {"resposta":{"1":"teste","2":{"sim_nao":"Sim"},"4":{"sim_nao":"N\u00e3o","eixo":""},"5":"Sim","6":"TESTE","7":{"sim_nao":"Sim"},"8":"TESTE","9":"TESTE"},"justificativa":{"2":"","4":"","5":"","7":""},"secretaria":{"14":["SECRETARIA DE ESGOTO","SADEG","SECRETARIA DA EDUCA\u00c7\u00c3PO","SECRETARIA","SEC","SAGRED","SOGRAD"]},"efetivos":{"14":["98","98","78","9","58","456","89"]},"comissionados":{"14":["98","98","98","5","858","789","78"]},"temporarios":{"14":["98","98","79","89","985","47","78"]},"salvar":""}
2025-04-29 15:31:54 - Atualizada resposta para pergunta 1: teste
2025-04-29 15:31:55 - Atualizada resposta para pergunta 2: Sim
2025-04-29 15:31:55 - Pergunta 14 (planilha) - Resposta gerada: SECRETARIA DE ESGOTO|98|98|98|294;SADEG|98|98|98|294;SECRETARIA DA EDUCAÇÃPO|78|98|79|255;SECRETARIA|9|5|89|103;SEC|58|858|985|1901;SAGRED|456|789|47|1292;SOGRAD|89|78|78|245
2025-04-29 15:31:55 - Atualizada resposta para pergunta 14: SECRETARIA DE ESGOTO|98|98|98|294;SADEG|98|98|98|294;SECRETARIA DA EDUCAÇÃPO|78|98|79|255;SECRETARIA|9|5|89|103;SEC|58|858|985|1901;SAGRED|456|789|47|1292;SOGRAD|89|78|78|245
2025-04-29 15:31:55 - Atualizada resposta para pergunta 4: Não
2025-04-29 15:31:55 - Atualizada resposta para pergunta 5: Sim
2025-04-29 15:31:56 - Atualizada resposta para pergunta 6: TESTE
2025-04-29 15:31:56 - Atualizada resposta para pergunta 7: Sim
2025-04-29 15:31:56 - Atualizada resposta para pergunta 8: TESTE
2025-04-29 15:31:56 - Atualizada resposta para pergunta 9: TESTE
2025-04-29 15:31:56 - Salvamento concluído com sucesso
2025-04-29 15:31:57 - Prefeitura ID: 69
2025-04-29 15:31:57 - Total de perguntas recuperadas: 9
2025-04-29 15:31:57 - Respostas recuperadas: {"1":"teste","2":"Sim","14":"SECRETARIA DE ESGOTO|98|98|98|294;SADEG|98|98|98|294;SECRETARIA DA EDUCA\u00c7\u00c3PO|78|98|79|255;SECRETARIA|9|5|89|103;SEC|58|858|985|1901;SAGRED|456|789|47|1292;SOGRAD|89|78|78|245","4":"N\u00e3o","5":"Sim","6":"TESTE","7":"Sim","8":"TESTE","9":"TESTE"}
2025-04-29 15:31:57 - Processando pergunta 1, resposta_valor: teste
2025-04-29 15:31:58 - Processando pergunta 2, resposta_valor: Sim
2025-04-29 15:31:58 - Pergunta 2 - resposta_sim_nao: Sim, justificativa_valor: 
2025-04-29 15:31:58 - Processando pergunta 14, resposta_valor: SECRETARIA DE ESGOTO|98|98|98|294;SADEG|98|98|98|294;SECRETARIA DA EDUCAÇÃPO|78|98|79|255;SECRETARIA|9|5|89|103;SEC|58|858|985|1901;SAGRED|456|789|47|1292;SOGRAD|89|78|78|245
2025-04-29 15:31:58 - Pergunta 14 (planilha) - linhas brutas: ["SECRETARIA DE ESGOTO|98|98|98|294","SADEG|98|98|98|294","SECRETARIA DA EDUCA\u00c7\u00c3PO|78|98|79|255","SECRETARIA|9|5|89|103","SEC|58|858|985|1901","SAGRED|456|789|47|1292","SOGRAD|89|78|78|245"]
2025-04-29 15:31:58 - Pergunta 14 (planilha) - dados da linha: ["SECRETARIA DE ESGOTO","98","98","98","294"]
2025-04-29 15:31:59 - Pergunta 14 (planilha) - dados da linha: ["SADEG","98","98","98","294"]
2025-04-29 15:31:59 - Pergunta 14 (planilha) - dados da linha: ["SECRETARIA DA EDUCA\u00c7\u00c3PO","78","98","79","255"]
2025-04-29 15:31:59 - Pergunta 14 (planilha) - dados da linha: ["SECRETARIA","9","5","89","103"]
2025-04-29 15:31:59 - Pergunta 14 (planilha) - dados da linha: ["SEC","58","858","985","1901"]
2025-04-29 15:31:59 - Pergunta 14 (planilha) - dados da linha: ["SAGRED","456","789","47","1292"]
2025-04-29 15:32:00 - Pergunta 14 (planilha) - dados da linha: ["SOGRAD","89","78","78","245"]
2025-04-29 15:32:00 - Pergunta 14 (planilha) - planilha_data: [{"secretaria":"SECRETARIA DE ESGOTO","efetivos":"98","comissionados":"98","temporarios":"98","total_parcial":"294"},{"secretaria":"SADEG","efetivos":"98","comissionados":"98","temporarios":"98","total_parcial":"294"},{"secretaria":"SECRETARIA DA EDUCA\u00c7\u00c3PO","efetivos":"78","comissionados":"98","temporarios":"79","total_parcial":"255"},{"secretaria":"SECRETARIA","efetivos":"9","comissionados":"5","temporarios":"89","total_parcial":"103"},{"secretaria":"SEC","efetivos":"58","comissionados":"858","temporarios":"985","total_parcial":"1901"},{"secretaria":"SAGRED","efetivos":"456","comissionados":"789","temporarios":"47","total_parcial":"1292"},{"secretaria":"SOGRAD","efetivos":"89","comissionados":"78","temporarios":"78","total_parcial":"245"}]
2025-04-29 15:32:00 - Processando pergunta 4, resposta_valor: Não
2025-04-29 15:32:00 - Pergunta 4 - resposta_sim_nao: Não, eixo_selecionado: , justificativa_valor: 
2025-04-29 15:32:00 - Processando pergunta 5, resposta_valor: Sim
2025-04-29 15:32:01 - Pergunta 5 - resposta_sim_nao: Sim, justificativa_valor: 
2025-04-29 15:32:01 - Processando pergunta 6, resposta_valor: TESTE
2025-04-29 15:32:01 - Processando pergunta 7, resposta_valor: Sim
2025-04-29 15:32:01 - Pergunta 7 - resposta_sim_nao: Sim, justificativa_valor: 
2025-04-29 15:32:02 - Processando pergunta 8, resposta_valor: TESTE
2025-04-29 15:32:02 - Pergunta 8 - resposta_valor: TESTE, outras_respostas_valor: 
2025-04-29 15:32:02 - Processando pergunta 9, resposta_valor: TESTE
2025-04-29 15:35:43 - Prefeitura ID: 69
2025-04-29 15:35:44 - Total de perguntas recuperadas: 9
2025-04-29 15:35:44 - Respostas recuperadas: {"1":"teste","2":"Sim","14":"SECRETARIA DE ESGOTO|98|98|98|294;SADEG|98|98|98|294;SECRETARIA DA EDUCA\u00c7\u00c3PO|78|98|79|255;SECRETARIA|9|5|89|103;SEC|58|858|985|1901;SAGRED|456|789|47|1292;SOGRAD|89|78|78|245","4":"N\u00e3o","5":"Sim","6":"TESTE","7":"Sim","8":"TESTE","9":"TESTE"}
2025-04-29 15:35:44 - Processando pergunta 1, resposta_valor: teste
2025-04-29 15:35:44 - Processando pergunta 2, resposta_valor: Sim
2025-04-29 15:35:44 - Pergunta 2 - resposta_sim_nao: Sim, justificativa_valor: 
2025-04-29 15:35:45 - Processando pergunta 14, resposta_valor: SECRETARIA DE ESGOTO|98|98|98|294;SADEG|98|98|98|294;SECRETARIA DA EDUCAÇÃPO|78|98|79|255;SECRETARIA|9|5|89|103;SEC|58|858|985|1901;SAGRED|456|789|47|1292;SOGRAD|89|78|78|245
2025-04-29 15:35:45 - Pergunta 14 (planilha) - linhas brutas: ["SECRETARIA DE ESGOTO|98|98|98|294","SADEG|98|98|98|294","SECRETARIA DA EDUCA\u00c7\u00c3PO|78|98|79|255","SECRETARIA|9|5|89|103","SEC|58|858|985|1901","SAGRED|456|789|47|1292","SOGRAD|89|78|78|245"]
2025-04-29 15:35:45 - Pergunta 14 (planilha) - dados da linha: ["SECRETARIA DE ESGOTO","98","98","98","294"]
2025-04-29 15:35:45 - Pergunta 14 (planilha) - dados da linha: ["SADEG","98","98","98","294"]
2025-04-29 15:35:45 - Pergunta 14 (planilha) - dados da linha: ["SECRETARIA DA EDUCA\u00c7\u00c3PO","78","98","79","255"]
2025-04-29 15:35:46 - Pergunta 14 (planilha) - dados da linha: ["SECRETARIA","9","5","89","103"]
2025-04-29 15:35:46 - Pergunta 14 (planilha) - dados da linha: ["SEC","58","858","985","1901"]
2025-04-29 15:35:46 - Pergunta 14 (planilha) - dados da linha: ["SAGRED","456","789","47","1292"]
2025-04-29 15:35:46 - Pergunta 14 (planilha) - dados da linha: ["SOGRAD","89","78","78","245"]
2025-04-29 15:35:46 - Pergunta 14 (planilha) - planilha_data: [{"secretaria":"SECRETARIA DE ESGOTO","efetivos":"98","comissionados":"98","temporarios":"98","total_parcial":"294"},{"secretaria":"SADEG","efetivos":"98","comissionados":"98","temporarios":"98","total_parcial":"294"},{"secretaria":"SECRETARIA DA EDUCA\u00c7\u00c3PO","efetivos":"78","comissionados":"98","temporarios":"79","total_parcial":"255"},{"secretaria":"SECRETARIA","efetivos":"9","comissionados":"5","temporarios":"89","total_parcial":"103"},{"secretaria":"SEC","efetivos":"58","comissionados":"858","temporarios":"985","total_parcial":"1901"},{"secretaria":"SAGRED","efetivos":"456","comissionados":"789","temporarios":"47","total_parcial":"1292"},{"secretaria":"SOGRAD","efetivos":"89","comissionados":"78","temporarios":"78","total_parcial":"245"}]
2025-04-29 15:35:47 - Processando pergunta 4, resposta_valor: Não
2025-04-29 15:35:47 - Pergunta 4 - resposta_sim_nao: Não, eixo_selecionado: , justificativa_valor: 
2025-04-29 15:35:47 - Processando pergunta 5, resposta_valor: Sim
2025-04-29 15:35:47 - Pergunta 5 - resposta_sim_nao: Sim, justificativa_valor: 
2025-04-29 15:35:47 - Processando pergunta 6, resposta_valor: TESTE
2025-04-29 15:35:48 - Processando pergunta 7, resposta_valor: Sim
2025-04-29 15:35:48 - Pergunta 7 - resposta_sim_nao: Sim, justificativa_valor: 
2025-04-29 15:35:48 - Processando pergunta 8, resposta_valor: TESTE
2025-04-29 15:35:48 - Pergunta 8 - resposta_valor: TESTE, outras_respostas_valor: 
2025-04-29 15:35:49 - Processando pergunta 9, resposta_valor: TESTE
2025-04-29 15:37:03 - Prefeitura ID: 69
2025-04-29 15:37:04 - Total de perguntas recuperadas: 9
2025-04-29 15:37:04 - Respostas recuperadas: {"1":"teste","2":"Sim","14":"SECRETARIA DE ESGOTO|98|98|98|294;SADEG|98|98|98|294;SECRETARIA DA EDUCA\u00c7\u00c3PO|78|98|79|255;SECRETARIA|9|5|89|103;SEC|58|858|985|1901;SAGRED|456|789|47|1292;SOGRAD|89|78|78|245","4":"N\u00e3o","5":"Sim","6":"TESTE","7":"Sim","8":"TESTE","9":"TESTE"}
2025-04-29 15:37:04 - Formulário enviado: {"resposta":{"1":"teste","2":{"sim_nao":"Sim"},"4":{"sim_nao":"Sim","eixo":"Gest\u00e3o de Riscos"},"5":"N\u00e3o","6":"OOOO","7":{"sim_nao":"Sim"},"8":"21355554","9":"31321252"},"justificativa":{"2":"","4":"Arroz","5":"Oi","7":""},"secretaria":{"14":["SECRETARIA DE ESGOTO","SADEG","SECRETARIA DA EDUCA\u00c7\u00c3PO","SECRETARIA","SEC","SAGRED","SOGRAD","queijo","SemQueijo"]},"efetivos":{"14":["98","98","78","9","58","456","89","1","21"]},"comissionados":{"14":["98","98","98","5","858","789","78","1","2"]},"temporarios":{"14":["98","98","79","89","985","47","78","1","21"]},"salvar":""}
2025-04-29 15:37:04 - Atualizada resposta para pergunta 1: teste
2025-04-29 15:37:05 - Atualizada resposta para pergunta 2: Sim
2025-04-29 15:37:05 - Pergunta 14 (planilha) - Resposta gerada: SECRETARIA DE ESGOTO|98|98|98|294;SADEG|98|98|98|294;SECRETARIA DA EDUCAÇÃPO|78|98|79|255;SECRETARIA|9|5|89|103;SEC|58|858|985|1901;SAGRED|456|789|47|1292;SOGRAD|89|78|78|245;queijo|1|1|1|3;SemQueijo|21|2|21|44
2025-04-29 15:37:05 - Atualizada resposta para pergunta 14: SECRETARIA DE ESGOTO|98|98|98|294;SADEG|98|98|98|294;SECRETARIA DA EDUCAÇÃPO|78|98|79|255;SECRETARIA|9|5|89|103;SEC|58|858|985|1901;SAGRED|456|789|47|1292;SOGRAD|89|78|78|245;queijo|1|1|1|3;SemQueijo|21|2|21|44
2025-04-29 15:37:05 - Atualizada resposta para pergunta 4: Sim|Gestão de Riscos|Arroz
2025-04-29 15:37:05 - Atualizada resposta para pergunta 5: Não|Oi
2025-04-29 15:37:06 - Atualizada resposta para pergunta 6: OOOO
2025-04-29 15:37:06 - Atualizada resposta para pergunta 7: Sim
2025-04-29 15:37:06 - Atualizada resposta para pergunta 8: 21355554
2025-04-29 15:37:06 - Atualizada resposta para pergunta 9: 31321252
2025-04-29 15:37:07 - Salvamento concluído com sucesso
2025-04-29 15:37:07 - Prefeitura ID: 69
2025-04-29 15:37:07 - Total de perguntas recuperadas: 9
2025-04-29 15:37:07 - Respostas recuperadas: {"1":"teste","2":"Sim","14":"SECRETARIA DE ESGOTO|98|98|98|294;SADEG|98|98|98|294;SECRETARIA DA EDUCA\u00c7\u00c3PO|78|98|79|255;SECRETARIA|9|5|89|103;SEC|58|858|985|1901;SAGRED|456|789|47|1292;SOGRAD|89|78|78|245;queijo|1|1|1|3;SemQueijo|21|2|21|44","4":"Sim|Gest\u00e3o de Riscos|Arroz","5":"N\u00e3o|Oi","6":"OOOO","7":"Sim","8":"21355554","9":"31321252"}
2025-04-29 15:37:07 - Processando pergunta 1, resposta_valor: teste
2025-04-29 15:37:08 - Processando pergunta 2, resposta_valor: Sim
2025-04-29 15:37:08 - Pergunta 2 - resposta_sim_nao: Sim, justificativa_valor: 
2025-04-29 15:37:08 - Processando pergunta 14, resposta_valor: SECRETARIA DE ESGOTO|98|98|98|294;SADEG|98|98|98|294;SECRETARIA DA EDUCAÇÃPO|78|98|79|255;SECRETARIA|9|5|89|103;SEC|58|858|985|1901;SAGRED|456|789|47|1292;SOGRAD|89|78|78|245;queijo|1|1|1|3;SemQueijo|21|2|21|44
2025-04-29 15:37:08 - Pergunta 14 (planilha) - linhas brutas: ["SECRETARIA DE ESGOTO|98|98|98|294","SADEG|98|98|98|294","SECRETARIA DA EDUCA\u00c7\u00c3PO|78|98|79|255","SECRETARIA|9|5|89|103","SEC|58|858|985|1901","SAGRED|456|789|47|1292","SOGRAD|89|78|78|245","queijo|1|1|1|3","SemQueijo|21|2|21|44"]
2025-04-29 15:37:09 - Pergunta 14 (planilha) - dados da linha: ["SECRETARIA DE ESGOTO","98","98","98","294"]
2025-04-29 15:37:09 - Pergunta 14 (planilha) - dados da linha: ["SADEG","98","98","98","294"]
2025-04-29 15:37:09 - Pergunta 14 (planilha) - dados da linha: ["SECRETARIA DA EDUCA\u00c7\u00c3PO","78","98","79","255"]
2025-04-29 15:37:09 - Pergunta 14 (planilha) - dados da linha: ["SECRETARIA","9","5","89","103"]
2025-04-29 15:37:09 - Pergunta 14 (planilha) - dados da linha: ["SEC","58","858","985","1901"]
2025-04-29 15:37:10 - Pergunta 14 (planilha) - dados da linha: ["SAGRED","456","789","47","1292"]
2025-04-29 15:37:10 - Pergunta 14 (planilha) - dados da linha: ["SOGRAD","89","78","78","245"]
2025-04-29 15:37:10 - Pergunta 14 (planilha) - dados da linha: ["queijo","1","1","1","3"]
2025-04-29 15:37:10 - Pergunta 14 (planilha) - dados da linha: ["SemQueijo","21","2","21","44"]
2025-04-29 15:37:10 - Pergunta 14 (planilha) - planilha_data: [{"secretaria":"SECRETARIA DE ESGOTO","efetivos":"98","comissionados":"98","temporarios":"98","total_parcial":"294"},{"secretaria":"SADEG","efetivos":"98","comissionados":"98","temporarios":"98","total_parcial":"294"},{"secretaria":"SECRETARIA DA EDUCA\u00c7\u00c3PO","efetivos":"78","comissionados":"98","temporarios":"79","total_parcial":"255"},{"secretaria":"SECRETARIA","efetivos":"9","comissionados":"5","temporarios":"89","total_parcial":"103"},{"secretaria":"SEC","efetivos":"58","comissionados":"858","temporarios":"985","total_parcial":"1901"},{"secretaria":"SAGRED","efetivos":"456","comissionados":"789","temporarios":"47","total_parcial":"1292"},{"secretaria":"SOGRAD","efetivos":"89","comissionados":"78","temporarios":"78","total_parcial":"245"},{"secretaria":"queijo","efetivos":"1","comissionados":"1","temporarios":"1","total_parcial":"3"},{"secretaria":"SemQueijo","efetivos":"21","comissionados":"2","temporarios":"21","total_parcial":"44"}]
2025-04-29 15:37:11 - Processando pergunta 4, resposta_valor: Sim|Gestão de Riscos|Arroz
2025-04-29 15:37:11 - Pergunta 4 - resposta_sim_nao: Sim, eixo_selecionado: Gestão de Riscos, justificativa_valor: Arroz
2025-04-29 15:37:11 - Processando pergunta 5, resposta_valor: Não|Oi
2025-04-29 15:37:11 - Pergunta 5 - resposta_sim_nao: Não, justificativa_valor: Oi
2025-04-29 15:37:11 - Processando pergunta 6, resposta_valor: OOOO
2025-04-29 15:37:12 - Processando pergunta 7, resposta_valor: Sim
2025-04-29 15:37:12 - Pergunta 7 - resposta_sim_nao: Sim, justificativa_valor: 
2025-04-29 15:37:12 - Processando pergunta 8, resposta_valor: 21355554
2025-04-29 15:37:12 - Pergunta 8 - resposta_valor: 21355554, outras_respostas_valor: 
2025-04-29 15:37:12 - Processando pergunta 9, resposta_valor: 31321252
2025-04-29 15:37:29 - Prefeitura ID: 69
2025-04-29 15:37:30 - Total de perguntas recuperadas: 9
2025-04-29 15:37:30 - Respostas recuperadas: {"1":"teste","2":"Sim","14":"SECRETARIA DE ESGOTO|98|98|98|294;SADEG|98|98|98|294;SECRETARIA DA EDUCA\u00c7\u00c3PO|78|98|79|255;SECRETARIA|9|5|89|103;SEC|58|858|985|1901;SAGRED|456|789|47|1292;SOGRAD|89|78|78|245;queijo|1|1|1|3;SemQueijo|21|2|21|44","4":"Sim|Gest\u00e3o de Riscos|Arroz","5":"N\u00e3o|Oi","6":"OOOO","7":"Sim","8":"21355554","9":"31321252"}
2025-04-29 15:37:30 - Processando pergunta 1, resposta_valor: teste
2025-04-29 15:37:30 - Processando pergunta 2, resposta_valor: Sim
2025-04-29 15:37:30 - Pergunta 2 - resposta_sim_nao: Sim, justificativa_valor: 
2025-04-29 15:37:31 - Processando pergunta 14, resposta_valor: SECRETARIA DE ESGOTO|98|98|98|294;SADEG|98|98|98|294;SECRETARIA DA EDUCAÇÃPO|78|98|79|255;SECRETARIA|9|5|89|103;SEC|58|858|985|1901;SAGRED|456|789|47|1292;SOGRAD|89|78|78|245;queijo|1|1|1|3;SemQueijo|21|2|21|44
2025-04-29 15:37:31 - Pergunta 14 (planilha) - linhas brutas: ["SECRETARIA DE ESGOTO|98|98|98|294","SADEG|98|98|98|294","SECRETARIA DA EDUCA\u00c7\u00c3PO|78|98|79|255","SECRETARIA|9|5|89|103","SEC|58|858|985|1901","SAGRED|456|789|47|1292","SOGRAD|89|78|78|245","queijo|1|1|1|3","SemQueijo|21|2|21|44"]
2025-04-29 15:37:31 - Pergunta 14 (planilha) - dados da linha: ["SECRETARIA DE ESGOTO","98","98","98","294"]
2025-04-29 15:37:31 - Pergunta 14 (planilha) - dados da linha: ["SADEG","98","98","98","294"]
2025-04-29 15:37:31 - Pergunta 14 (planilha) - dados da linha: ["SECRETARIA DA EDUCA\u00c7\u00c3PO","78","98","79","255"]
2025-04-29 15:37:32 - Pergunta 14 (planilha) - dados da linha: ["SECRETARIA","9","5","89","103"]
2025-04-29 15:37:32 - Pergunta 14 (planilha) - dados da linha: ["SEC","58","858","985","1901"]
2025-04-29 15:37:32 - Pergunta 14 (planilha) - dados da linha: ["SAGRED","456","789","47","1292"]
2025-04-29 15:37:32 - Pergunta 14 (planilha) - dados da linha: ["SOGRAD","89","78","78","245"]
2025-04-29 15:37:32 - Pergunta 14 (planilha) - dados da linha: ["queijo","1","1","1","3"]
2025-04-29 15:37:33 - Pergunta 14 (planilha) - dados da linha: ["SemQueijo","21","2","21","44"]
2025-04-29 15:37:33 - Pergunta 14 (planilha) - planilha_data: [{"secretaria":"SECRETARIA DE ESGOTO","efetivos":"98","comissionados":"98","temporarios":"98","total_parcial":"294"},{"secretaria":"SADEG","efetivos":"98","comissionados":"98","temporarios":"98","total_parcial":"294"},{"secretaria":"SECRETARIA DA EDUCA\u00c7\u00c3PO","efetivos":"78","comissionados":"98","temporarios":"79","total_parcial":"255"},{"secretaria":"SECRETARIA","efetivos":"9","comissionados":"5","temporarios":"89","total_parcial":"103"},{"secretaria":"SEC","efetivos":"58","comissionados":"858","temporarios":"985","total_parcial":"1901"},{"secretaria":"SAGRED","efetivos":"456","comissionados":"789","temporarios":"47","total_parcial":"1292"},{"secretaria":"SOGRAD","efetivos":"89","comissionados":"78","temporarios":"78","total_parcial":"245"},{"secretaria":"queijo","efetivos":"1","comissionados":"1","temporarios":"1","total_parcial":"3"},{"secretaria":"SemQueijo","efetivos":"21","comissionados":"2","temporarios":"21","total_parcial":"44"}]
2025-04-29 15:37:33 - Processando pergunta 4, resposta_valor: Sim|Gestão de Riscos|Arroz
2025-04-29 15:37:33 - Pergunta 4 - resposta_sim_nao: Sim, eixo_selecionado: Gestão de Riscos, justificativa_valor: Arroz
2025-04-29 15:37:33 - Processando pergunta 5, resposta_valor: Não|Oi
2025-04-29 15:37:34 - Pergunta 5 - resposta_sim_nao: Não, justificativa_valor: Oi
2025-04-29 15:37:34 - Processando pergunta 6, resposta_valor: OOOO
2025-04-29 15:37:34 - Processando pergunta 7, resposta_valor: Sim
2025-04-29 15:37:34 - Pergunta 7 - resposta_sim_nao: Sim, justificativa_valor: 
2025-04-29 15:37:35 - Processando pergunta 8, resposta_valor: 21355554
2025-04-29 15:37:35 - Pergunta 8 - resposta_valor: 21355554, outras_respostas_valor: 
2025-04-29 15:37:35 - Processando pergunta 9, resposta_valor: 31321252
2025-04-29 15:38:31 - Prefeitura ID: 69
2025-04-29 15:38:32 - Total de perguntas recuperadas: 9
2025-04-29 15:38:32 - Respostas recuperadas: {"1":"teste","2":"Sim","14":"SECRETARIA DE ESGOTO|98|98|98|294|294;SADEG|98|98|98|294|588;SECRETARIA DA EDUCA\u00c7\u00c3PO|78|98|79|255|843;SECRETARIA|9|5|89|103|946;SEC|58|858|985|1901|2847;SAGRED|456|789|47|1292|4139;SOGRAD|89|78|78|245|4384","4":"Sim|Gest\u00e3o de Riscos|Arroz","5":"N\u00e3o|Oi","6":"OOOO","7":"Sim","8":"21355554","9":"31321252"}
2025-04-29 15:38:32 - Processando pergunta 1, resposta_valor: teste
2025-04-29 15:38:32 - Processando pergunta 2, resposta_valor: Sim
2025-04-29 15:38:32 - Pergunta 2 - resposta_sim_nao: Sim, justificativa_valor: 
2025-04-29 15:38:33 - Processando pergunta 14, resposta_valor: SECRETARIA DE ESGOTO|98|98|98|294|294;SADEG|98|98|98|294|588;SECRETARIA DA EDUCAÇÃPO|78|98|79|255|843;SECRETARIA|9|5|89|103|946;SEC|58|858|985|1901|2847;SAGRED|456|789|47|1292|4139;SOGRAD|89|78|78|245|4384
2025-04-29 15:38:33 - Pergunta 14 (planilha) - linhas brutas: ["SECRETARIA DE ESGOTO|98|98|98|294|294","SADEG|98|98|98|294|588","SECRETARIA DA EDUCA\u00c7\u00c3PO|78|98|79|255|843","SECRETARIA|9|5|89|103|946","SEC|58|858|985|1901|2847","SAGRED|456|789|47|1292|4139","SOGRAD|89|78|78|245|4384"]
2025-04-29 15:38:33 - Pergunta 14 (planilha) - dados da linha: ["SECRETARIA DE ESGOTO","98","98","98","294","294"]
2025-04-29 15:38:33 - Pergunta 14 (planilha) - dados da linha: ["SADEG","98","98","98","294","588"]
2025-04-29 15:38:33 - Pergunta 14 (planilha) - dados da linha: ["SECRETARIA DA EDUCA\u00c7\u00c3PO","78","98","79","255","843"]
2025-04-29 15:38:34 - Pergunta 14 (planilha) - dados da linha: ["SECRETARIA","9","5","89","103","946"]
2025-04-29 15:38:34 - Pergunta 14 (planilha) - dados da linha: ["SEC","58","858","985","1901","2847"]
2025-04-29 15:38:34 - Pergunta 14 (planilha) - dados da linha: ["SAGRED","456","789","47","1292","4139"]
2025-04-29 15:38:34 - Pergunta 14 (planilha) - dados da linha: ["SOGRAD","89","78","78","245","4384"]
2025-04-29 15:38:34 - Pergunta 14 (planilha) - planilha_data: [{"secretaria":"SECRETARIA DE ESGOTO","efetivos":"98","comissionados":"98","temporarios":"98","total_parcial":"294"},{"secretaria":"SADEG","efetivos":"98","comissionados":"98","temporarios":"98","total_parcial":"294"},{"secretaria":"SECRETARIA DA EDUCA\u00c7\u00c3PO","efetivos":"78","comissionados":"98","temporarios":"79","total_parcial":"255"},{"secretaria":"SECRETARIA","efetivos":"9","comissionados":"5","temporarios":"89","total_parcial":"103"},{"secretaria":"SEC","efetivos":"58","comissionados":"858","temporarios":"985","total_parcial":"1901"},{"secretaria":"SAGRED","efetivos":"456","comissionados":"789","temporarios":"47","total_parcial":"1292"},{"secretaria":"SOGRAD","efetivos":"89","comissionados":"78","temporarios":"78","total_parcial":"245"}]
2025-04-29 15:38:35 - Processando pergunta 4, resposta_valor: Sim|Gestão de Riscos|Arroz
2025-04-29 15:38:35 - Pergunta 4 - resposta_sim_nao: Sim, eixo_selecionado: Gestão de Riscos, justificativa_valor: Arroz
2025-04-29 15:38:35 - Processando pergunta 5, resposta_valor: Não|Oi
2025-04-29 15:38:35 - Pergunta 5 - resposta_sim_nao: Não, justificativa_valor: Oi
2025-04-29 15:38:36 - Processando pergunta 6, resposta_valor: OOOO
2025-04-29 15:38:36 - Processando pergunta 7, resposta_valor: Sim
2025-04-29 15:38:36 - Pergunta 7 - resposta_sim_nao: Sim, justificativa_valor: 
2025-04-29 15:38:36 - Processando pergunta 8, resposta_valor: 21355554
2025-04-29 15:38:36 - Pergunta 8 - resposta_valor: 21355554, outras_respostas_valor: 
2025-04-29 15:38:37 - Processando pergunta 9, resposta_valor: 31321252
2025-04-29 15:39:08 - Prefeitura ID: 69
2025-04-29 15:39:08 - Total de perguntas recuperadas: 9
2025-04-29 15:39:08 - Respostas recuperadas: {"1":"teste","2":"Sim","14":"SECRETARIA DE ESGOTO|98|98|98|294|294;SADEG|98|98|98|294|588;SECRETARIA DA EDUCA\u00c7\u00c3PO|78|98|79|255|843;SECRETARIA|9|5|89|103|946;SEC|58|858|985|1901|2847;SAGRED|456|789|47|1292|4139;SOGRAD|89|78|78|245|4384","4":"Sim|Gest\u00e3o de Riscos|Arroz","5":"N\u00e3o|Oi","6":"OOOO","7":"Sim","8":"21355554","9":"31321252"}
2025-04-29 15:39:09 - Formulário enviado: {"resposta":{"1":"teste","2":{"sim_nao":"Sim"},"4":{"sim_nao":"Sim","eixo":"Gest\u00e3o de Riscos"},"5":"N\u00e3o","6":"OOOO","7":{"sim_nao":"Sim"},"8":"21355554","9":"31321252"},"justificativa":{"2":"","4":"Arroz","5":"Oi","7":""},"secretaria":{"14":["SECRETARIA DE ESGOTO","SADEG","SECRETARIA DA EDUCA\u00c7\u00c3PO","SECRETARIA","SEC","SAGRED","SOGRAD"]},"efetivos":{"14":["98","98","78","9","58","456","89"]},"comissionados":{"14":["98","98","98","5","858","789","78"]},"temporarios":{"14":["98","98","79","89","985","47","78"]},"salvar":""}
2025-04-29 15:39:09 - Atualizada resposta para pergunta 1: teste
2025-04-29 15:39:09 - Atualizada resposta para pergunta 2: Sim
2025-04-29 15:39:09 - Pergunta 14 (planilha) - Resposta gerada: SECRETARIA DE ESGOTO|98|98|98|294;SADEG|98|98|98|294;SECRETARIA DA EDUCAÇÃPO|78|98|79|255;SECRETARIA|9|5|89|103;SEC|58|858|985|1901;SAGRED|456|789|47|1292;SOGRAD|89|78|78|245
2025-04-29 15:39:09 - Atualizada resposta para pergunta 14: SECRETARIA DE ESGOTO|98|98|98|294;SADEG|98|98|98|294;SECRETARIA DA EDUCAÇÃPO|78|98|79|255;SECRETARIA|9|5|89|103;SEC|58|858|985|1901;SAGRED|456|789|47|1292;SOGRAD|89|78|78|245
2025-04-29 15:39:10 - Atualizada resposta para pergunta 4: Sim|Gestão de Riscos|Arroz
2025-04-29 15:39:10 - Atualizada resposta para pergunta 5: Não|Oi
2025-04-29 15:39:10 - Atualizada resposta para pergunta 6: OOOO
2025-04-29 15:39:10 - Atualizada resposta para pergunta 7: Sim
2025-04-29 15:39:11 - Atualizada resposta para pergunta 8: 21355554
2025-04-29 15:39:11 - Atualizada resposta para pergunta 9: 31321252
2025-04-29 15:39:11 - Salvamento concluído com sucesso
2025-04-29 15:39:11 - Prefeitura ID: 69
2025-04-29 15:39:11 - Total de perguntas recuperadas: 9
2025-04-29 15:39:12 - Respostas recuperadas: {"1":"teste","2":"Sim","14":"SECRETARIA DE ESGOTO|98|98|98|294;SADEG|98|98|98|294;SECRETARIA DA EDUCA\u00c7\u00c3PO|78|98|79|255;SECRETARIA|9|5|89|103;SEC|58|858|985|1901;SAGRED|456|789|47|1292;SOGRAD|89|78|78|245","4":"Sim|Gest\u00e3o de Riscos|Arroz","5":"N\u00e3o|Oi","6":"OOOO","7":"Sim","8":"21355554","9":"31321252"}
2025-04-29 15:39:12 - Processando pergunta 1, resposta_valor: teste
2025-04-29 15:39:12 - Processando pergunta 2, resposta_valor: Sim
2025-04-29 15:39:12 - Pergunta 2 - resposta_sim_nao: Sim, justificativa_valor: 
2025-04-29 15:39:13 - Processando pergunta 14, resposta_valor: SECRETARIA DE ESGOTO|98|98|98|294;SADEG|98|98|98|294;SECRETARIA DA EDUCAÇÃPO|78|98|79|255;SECRETARIA|9|5|89|103;SEC|58|858|985|1901;SAGRED|456|789|47|1292;SOGRAD|89|78|78|245
2025-04-29 15:39:13 - Pergunta 14 (planilha) - linhas brutas: ["SECRETARIA DE ESGOTO|98|98|98|294","SADEG|98|98|98|294","SECRETARIA DA EDUCA\u00c7\u00c3PO|78|98|79|255","SECRETARIA|9|5|89|103","SEC|58|858|985|1901","SAGRED|456|789|47|1292","SOGRAD|89|78|78|245"]
2025-04-29 15:39:13 - Pergunta 14 (planilha) - dados da linha: ["SECRETARIA DE ESGOTO","98","98","98","294"]
2025-04-29 15:39:13 - Pergunta 14 (planilha) - dados da linha: ["SADEG","98","98","98","294"]
2025-04-29 15:39:13 - Pergunta 14 (planilha) - dados da linha: ["SECRETARIA DA EDUCA\u00c7\u00c3PO","78","98","79","255"]
2025-04-29 15:39:14 - Pergunta 14 (planilha) - dados da linha: ["SECRETARIA","9","5","89","103"]
2025-04-29 15:39:14 - Pergunta 14 (planilha) - dados da linha: ["SEC","58","858","985","1901"]
2025-04-29 15:39:14 - Pergunta 14 (planilha) - dados da linha: ["SAGRED","456","789","47","1292"]
2025-04-29 15:39:14 - Pergunta 14 (planilha) - dados da linha: ["SOGRAD","89","78","78","245"]
2025-04-29 15:39:14 - Pergunta 14 (planilha) - planilha_data: [{"secretaria":"SECRETARIA DE ESGOTO","efetivos":"98","comissionados":"98","temporarios":"98","total_parcial":"294"},{"secretaria":"SADEG","efetivos":"98","comissionados":"98","temporarios":"98","total_parcial":"294"},{"secretaria":"SECRETARIA DA EDUCA\u00c7\u00c3PO","efetivos":"78","comissionados":"98","temporarios":"79","total_parcial":"255"},{"secretaria":"SECRETARIA","efetivos":"9","comissionados":"5","temporarios":"89","total_parcial":"103"},{"secretaria":"SEC","efetivos":"58","comissionados":"858","temporarios":"985","total_parcial":"1901"},{"secretaria":"SAGRED","efetivos":"456","comissionados":"789","temporarios":"47","total_parcial":"1292"},{"secretaria":"SOGRAD","efetivos":"89","comissionados":"78","temporarios":"78","total_parcial":"245"}]
2025-04-29 15:39:15 - Processando pergunta 4, resposta_valor: Sim|Gestão de Riscos|Arroz
2025-04-29 15:39:15 - Pergunta 4 - resposta_sim_nao: Sim, eixo_selecionado: Gestão de Riscos, justificativa_valor: Arroz
2025-04-29 15:39:15 - Processando pergunta 5, resposta_valor: Não|Oi
2025-04-29 15:39:15 - Pergunta 5 - resposta_sim_nao: Não, justificativa_valor: Oi
2025-04-29 15:39:15 - Processando pergunta 6, resposta_valor: OOOO
2025-04-29 15:39:16 - Processando pergunta 7, resposta_valor: Sim
2025-04-29 15:39:16 - Pergunta 7 - resposta_sim_nao: Sim, justificativa_valor: 
2025-04-29 15:39:16 - Processando pergunta 8, resposta_valor: 21355554
2025-04-29 15:39:16 - Pergunta 8 - resposta_valor: 21355554, outras_respostas_valor: 
2025-04-29 15:39:17 - Processando pergunta 9, resposta_valor: 31321252
2025-04-29 15:39:21 - Prefeitura ID: 69
2025-04-29 15:39:21 - Total de perguntas recuperadas: 9
2025-04-29 15:39:22 - Respostas recuperadas: {"1":"teste","2":"Sim","14":"SECRETARIA DE ESGOTO|98|98|98|294;SADEG|98|98|98|294;SECRETARIA DA EDUCA\u00c7\u00c3PO|78|98|79|255;SECRETARIA|9|5|89|103;SEC|58|858|985|1901;SAGRED|456|789|47|1292;SOGRAD|89|78|78|245","4":"Sim|Gest\u00e3o de Riscos|Arroz","5":"N\u00e3o|Oi","6":"OOOO","7":"Sim","8":"21355554","9":"31321252"}
2025-04-29 15:39:22 - Formulário enviado: {"resposta":{"1":"teste","2":{"sim_nao":"Sim"},"4":{"sim_nao":"Sim","eixo":"Gest\u00e3o de Riscos"},"5":"N\u00e3o","6":"OOOO","7":{"sim_nao":"Sim"},"8":"21355554","9":"31321252"},"justificativa":{"2":"","4":"Arroz","5":"Oi","7":""},"secretaria":{"14":["SECRETARIA DE ESGOTO","SADEG","SECRETARIA DA EDUCA\u00c7\u00c3PO","SECRETARIA","SEC","SAGRED","SOGRAD"]},"efetivos":{"14":["98","98","78","9","58","456","89"]},"comissionados":{"14":["98","98","98","5","858","789","78"]},"temporarios":{"14":["98","98","79","89","985","47","78"]},"salvar":""}
2025-04-29 15:39:22 - Atualizada resposta para pergunta 1: teste
2025-04-29 15:39:22 - Atualizada resposta para pergunta 2: Sim
2025-04-29 15:39:22 - Pergunta 14 (planilha) - Resposta gerada: SECRETARIA DE ESGOTO|98|98|98|294;SADEG|98|98|98|294;SECRETARIA DA EDUCAÇÃPO|78|98|79|255;SECRETARIA|9|5|89|103;SEC|58|858|985|1901;SAGRED|456|789|47|1292;SOGRAD|89|78|78|245
2025-04-29 15:39:23 - Atualizada resposta para pergunta 14: SECRETARIA DE ESGOTO|98|98|98|294;SADEG|98|98|98|294;SECRETARIA DA EDUCAÇÃPO|78|98|79|255;SECRETARIA|9|5|89|103;SEC|58|858|985|1901;SAGRED|456|789|47|1292;SOGRAD|89|78|78|245
2025-04-29 15:39:23 - Atualizada resposta para pergunta 4: Sim|Gestão de Riscos|Arroz
2025-04-29 15:39:23 - Atualizada resposta para pergunta 5: Não|Oi
2025-04-29 15:39:23 - Atualizada resposta para pergunta 6: OOOO
2025-04-29 15:39:23 - Atualizada resposta para pergunta 7: Sim
2025-04-29 15:39:24 - Atualizada resposta para pergunta 8: 21355554
2025-04-29 15:39:24 - Atualizada resposta para pergunta 9: 31321252
2025-04-29 15:39:24 - Salvamento concluído com sucesso
2025-04-29 15:39:24 - Prefeitura ID: 69
2025-04-29 15:39:25 - Total de perguntas recuperadas: 9
2025-04-29 15:39:25 - Respostas recuperadas: {"1":"teste","2":"Sim","14":"SECRETARIA DE ESGOTO|98|98|98|294;SADEG|98|98|98|294;SECRETARIA DA EDUCA\u00c7\u00c3PO|78|98|79|255;SECRETARIA|9|5|89|103;SEC|58|858|985|1901;SAGRED|456|789|47|1292;SOGRAD|89|78|78|245","4":"Sim|Gest\u00e3o de Riscos|Arroz","5":"N\u00e3o|Oi","6":"OOOO","7":"Sim","8":"21355554","9":"31321252"}
2025-04-29 15:39:25 - Processando pergunta 1, resposta_valor: teste
2025-04-29 15:39:25 - Processando pergunta 2, resposta_valor: Sim
2025-04-29 15:39:25 - Pergunta 2 - resposta_sim_nao: Sim, justificativa_valor: 
2025-04-29 15:39:26 - Processando pergunta 14, resposta_valor: SECRETARIA DE ESGOTO|98|98|98|294;SADEG|98|98|98|294;SECRETARIA DA EDUCAÇÃPO|78|98|79|255;SECRETARIA|9|5|89|103;SEC|58|858|985|1901;SAGRED|456|789|47|1292;SOGRAD|89|78|78|245
2025-04-29 15:39:26 - Pergunta 14 (planilha) - linhas brutas: ["SECRETARIA DE ESGOTO|98|98|98|294","SADEG|98|98|98|294","SECRETARIA DA EDUCA\u00c7\u00c3PO|78|98|79|255","SECRETARIA|9|5|89|103","SEC|58|858|985|1901","SAGRED|456|789|47|1292","SOGRAD|89|78|78|245"]
2025-04-29 15:39:26 - Pergunta 14 (planilha) - dados da linha: ["SECRETARIA DE ESGOTO","98","98","98","294"]
2025-04-29 15:39:26 - Pergunta 14 (planilha) - dados da linha: ["SADEG","98","98","98","294"]
2025-04-29 15:39:26 - Pergunta 14 (planilha) - dados da linha: ["SECRETARIA DA EDUCA\u00c7\u00c3PO","78","98","79","255"]
2025-04-29 15:39:27 - Pergunta 14 (planilha) - dados da linha: ["SECRETARIA","9","5","89","103"]
2025-04-29 15:39:27 - Pergunta 14 (planilha) - dados da linha: ["SEC","58","858","985","1901"]
2025-04-29 15:39:27 - Pergunta 14 (planilha) - dados da linha: ["SAGRED","456","789","47","1292"]
2025-04-29 15:39:27 - Pergunta 14 (planilha) - dados da linha: ["SOGRAD","89","78","78","245"]
2025-04-29 15:39:27 - Pergunta 14 (planilha) - planilha_data: [{"secretaria":"SECRETARIA DE ESGOTO","efetivos":"98","comissionados":"98","temporarios":"98","total_parcial":"294"},{"secretaria":"SADEG","efetivos":"98","comissionados":"98","temporarios":"98","total_parcial":"294"},{"secretaria":"SECRETARIA DA EDUCA\u00c7\u00c3PO","efetivos":"78","comissionados":"98","temporarios":"79","total_parcial":"255"},{"secretaria":"SECRETARIA","efetivos":"9","comissionados":"5","temporarios":"89","total_parcial":"103"},{"secretaria":"SEC","efetivos":"58","comissionados":"858","temporarios":"985","total_parcial":"1901"},{"secretaria":"SAGRED","efetivos":"456","comissionados":"789","temporarios":"47","total_parcial":"1292"},{"secretaria":"SOGRAD","efetivos":"89","comissionados":"78","temporarios":"78","total_parcial":"245"}]
2025-04-29 15:39:28 - Processando pergunta 4, resposta_valor: Sim|Gestão de Riscos|Arroz
2025-04-29 15:39:28 - Pergunta 4 - resposta_sim_nao: Sim, eixo_selecionado: Gestão de Riscos, justificativa_valor: Arroz
2025-04-29 15:39:28 - Processando pergunta 5, resposta_valor: Não|Oi
2025-04-29 15:39:28 - Pergunta 5 - resposta_sim_nao: Não, justificativa_valor: Oi
2025-04-29 15:39:29 - Processando pergunta 6, resposta_valor: OOOO
2025-04-29 15:39:29 - Processando pergunta 7, resposta_valor: Sim
2025-04-29 15:39:29 - Pergunta 7 - resposta_sim_nao: Sim, justificativa_valor: 
2025-04-29 15:39:29 - Processando pergunta 8, resposta_valor: 21355554
2025-04-29 15:39:29 - Pergunta 8 - resposta_valor: 21355554, outras_respostas_valor: 
2025-04-29 15:39:30 - Processando pergunta 9, resposta_valor: 31321252
2025-04-29 15:39:52 - Prefeitura ID: 69
2025-04-29 15:39:52 - Total de perguntas recuperadas: 9
2025-04-29 15:39:52 - Respostas recuperadas: {"1":"teste","2":"Sim","14":"SECRETARIA DE ESGOTO|98|98|98|294;SADEG|98|98|98|294;SECRETARIA DA EDUCA\u00c7\u00c3PO|78|98|79|255;SECRETARIA|9|5|89|103;SEC|58|858|985|1901;SAGRED|456|789|47|1292;SOGRAD|89|78|78|245","4":"Sim|Gest\u00e3o de Riscos|Arroz","5":"N\u00e3o|Oi","6":"OOOO","7":"Sim","8":"21355554","9":"31321252"}
2025-04-29 15:39:52 - Formulário enviado: {"resposta":{"1":"teste","2":{"sim_nao":"Sim"},"4":{"sim_nao":"Sim","eixo":"Gest\u00e3o de Riscos"},"5":"N\u00e3o","6":"OOOO","7":{"sim_nao":"Sim"},"8":"21355554","9":"31321252"},"justificativa":{"2":"","4":"Arroz","5":"Oi","7":""},"secretaria":{"14":["SECRETARIA DE ESGOTO","SADEG","SECRETARIA DA EDUCA\u00c7\u00c3PO","SECRETARIA","SEC","SAGRED","SOGRAD"]},"efetivos":{"14":["98","98","78","9","58","456","89"]},"comissionados":{"14":["98","98","98","5","858","789","78"]},"temporarios":{"14":["98","98","79","89","985","47","78"]},"salvar":""}
2025-04-29 15:39:53 - Atualizada resposta para pergunta 1: teste
2025-04-29 15:39:53 - Atualizada resposta para pergunta 2: Sim
2025-04-29 15:39:53 - Pergunta 14 (planilha) - Resposta gerada: SECRETARIA DE ESGOTO|98|98|98|294;SADEG|98|98|98|294;SECRETARIA DA EDUCAÇÃPO|78|98|79|255;SECRETARIA|9|5|89|103;SEC|58|858|985|1901;SAGRED|456|789|47|1292;SOGRAD|89|78|78|245
2025-04-29 15:39:53 - Atualizada resposta para pergunta 14: SECRETARIA DE ESGOTO|98|98|98|294;SADEG|98|98|98|294;SECRETARIA DA EDUCAÇÃPO|78|98|79|255;SECRETARIA|9|5|89|103;SEC|58|858|985|1901;SAGRED|456|789|47|1292;SOGRAD|89|78|78|245
2025-04-29 15:39:54 - Atualizada resposta para pergunta 4: Sim|Gestão de Riscos|Arroz
2025-04-29 15:39:54 - Atualizada resposta para pergunta 5: Não|Oi
2025-04-29 15:39:54 - Atualizada resposta para pergunta 6: OOOO
2025-04-29 15:39:54 - Atualizada resposta para pergunta 7: Sim
2025-04-29 15:39:54 - Atualizada resposta para pergunta 8: 21355554
2025-04-29 15:39:55 - Atualizada resposta para pergunta 9: 31321252
2025-04-29 15:39:55 - Salvamento concluído com sucesso
2025-04-29 15:39:55 - Prefeitura ID: 69
2025-04-29 15:39:55 - Total de perguntas recuperadas: 9
2025-04-29 15:39:55 - Respostas recuperadas: {"1":"teste","2":"Sim","14":"SECRETARIA DE ESGOTO|98|98|98|294;SADEG|98|98|98|294;SECRETARIA DA EDUCA\u00c7\u00c3PO|78|98|79|255;SECRETARIA|9|5|89|103;SEC|58|858|985|1901;SAGRED|456|789|47|1292;SOGRAD|89|78|78|245","4":"Sim|Gest\u00e3o de Riscos|Arroz","5":"N\u00e3o|Oi","6":"OOOO","7":"Sim","8":"21355554","9":"31321252"}
2025-04-29 15:39:56 - Processando pergunta 1, resposta_valor: teste
2025-04-29 15:39:56 - Processando pergunta 2, resposta_valor: Sim
2025-04-29 15:39:56 - Pergunta 2 - resposta_sim_nao: Sim, justificativa_valor: 
2025-04-29 15:39:56 - Processando pergunta 14, resposta_valor: SECRETARIA DE ESGOTO|98|98|98|294;SADEG|98|98|98|294;SECRETARIA DA EDUCAÇÃPO|78|98|79|255;SECRETARIA|9|5|89|103;SEC|58|858|985|1901;SAGRED|456|789|47|1292;SOGRAD|89|78|78|245
2025-04-29 15:39:57 - Pergunta 14 (planilha) - linhas brutas: ["SECRETARIA DE ESGOTO|98|98|98|294","SADEG|98|98|98|294","SECRETARIA DA EDUCA\u00c7\u00c3PO|78|98|79|255","SECRETARIA|9|5|89|103","SEC|58|858|985|1901","SAGRED|456|789|47|1292","SOGRAD|89|78|78|245"]
2025-04-29 15:39:57 - Pergunta 14 (planilha) - dados da linha: ["SECRETARIA DE ESGOTO","98","98","98","294"]
2025-04-29 15:39:57 - Pergunta 14 (planilha) - dados da linha: ["SADEG","98","98","98","294"]
2025-04-29 15:39:57 - Pergunta 14 (planilha) - dados da linha: ["SECRETARIA DA EDUCA\u00c7\u00c3PO","78","98","79","255"]
2025-04-29 15:39:57 - Pergunta 14 (planilha) - dados da linha: ["SECRETARIA","9","5","89","103"]
2025-04-29 15:39:58 - Pergunta 14 (planilha) - dados da linha: ["SEC","58","858","985","1901"]
2025-04-29 15:39:58 - Pergunta 14 (planilha) - dados da linha: ["SAGRED","456","789","47","1292"]
2025-04-29 15:39:58 - Pergunta 14 (planilha) - dados da linha: ["SOGRAD","89","78","78","245"]
2025-04-29 15:39:58 - Pergunta 14 (planilha) - planilha_data: [{"secretaria":"SECRETARIA DE ESGOTO","efetivos":"98","comissionados":"98","temporarios":"98","total_parcial":"294"},{"secretaria":"SADEG","efetivos":"98","comissionados":"98","temporarios":"98","total_parcial":"294"},{"secretaria":"SECRETARIA DA EDUCA\u00c7\u00c3PO","efetivos":"78","comissionados":"98","temporarios":"79","total_parcial":"255"},{"secretaria":"SECRETARIA","efetivos":"9","comissionados":"5","temporarios":"89","total_parcial":"103"},{"secretaria":"SEC","efetivos":"58","comissionados":"858","temporarios":"985","total_parcial":"1901"},{"secretaria":"SAGRED","efetivos":"456","comissionados":"789","temporarios":"47","total_parcial":"1292"},{"secretaria":"SOGRAD","efetivos":"89","comissionados":"78","temporarios":"78","total_parcial":"245"}]
2025-04-29 15:39:58 - Processando pergunta 4, resposta_valor: Sim|Gestão de Riscos|Arroz
2025-04-29 15:39:59 - Pergunta 4 - resposta_sim_nao: Sim, eixo_selecionado: Gestão de Riscos, justificativa_valor: Arroz
2025-04-29 15:39:59 - Processando pergunta 5, resposta_valor: Não|Oi
2025-04-29 15:39:59 - Pergunta 5 - resposta_sim_nao: Não, justificativa_valor: Oi
2025-04-29 15:39:59 - Processando pergunta 6, resposta_valor: OOOO
2025-04-29 15:39:59 - Processando pergunta 7, resposta_valor: Sim
2025-04-29 15:40:00 - Pergunta 7 - resposta_sim_nao: Sim, justificativa_valor: 
2025-04-29 15:40:00 - Processando pergunta 8, resposta_valor: 21355554
2025-04-29 15:40:00 - Pergunta 8 - resposta_valor: 21355554, outras_respostas_valor: 
2025-04-29 15:40:00 - Processando pergunta 9, resposta_valor: 31321252
2025-04-29 16:12:53 - Prefeitura ID: 68
2025-04-29 16:12:53 - Total de perguntas recuperadas: 9
2025-04-29 16:12:53 - Respostas recuperadas: {"1":"A Secret\u00e1ria de Sa\u00fade de Trindade. A ideia foi recebida com entusiasmo devido a relevante oportunidade desse programa para o Munic\u00edpio.","2":"Sim"}
2025-04-29 16:12:54 - Processando pergunta 1, resposta_valor: A Secretária de Saúde de Trindade. A ideia foi recebida com entusiasmo devido a relevante oportunidade desse programa para o Município.
2025-04-29 16:12:54 - Processando pergunta 2, resposta_valor: Sim
2025-04-29 16:12:54 - Pergunta 2 - resposta_sim_nao: Sim, justificativa_valor: 
2025-04-29 16:12:54 - Processando pergunta 14, resposta_valor: 
2025-04-29 16:12:54 - Processando pergunta 4, resposta_valor: 
2025-04-29 16:12:55 - Processando pergunta 5, resposta_valor: 
2025-04-29 16:12:55 - Processando pergunta 6, resposta_valor: 
2025-04-29 16:12:55 - Processando pergunta 7, resposta_valor: 
2025-04-29 16:12:55 - Processando pergunta 8, resposta_valor: 
2025-04-29 16:12:56 - Processando pergunta 9, resposta_valor: 
2025-04-29 16:25:13 - Prefeitura ID: 70
2025-04-29 16:25:13 - Total de perguntas recuperadas: 9
2025-04-29 16:25:13 - Respostas recuperadas: {"1":"O prefeito municipal","2":"Sim"}
2025-04-29 16:25:13 - Processando pergunta 1, resposta_valor: O prefeito municipal
2025-04-29 16:25:13 - Processando pergunta 2, resposta_valor: Sim
2025-04-29 16:25:13 - Pergunta 2 - resposta_sim_nao: Sim, justificativa_valor: 
2025-04-29 16:25:13 - Processando pergunta 14, resposta_valor: 
2025-04-29 16:25:13 - Processando pergunta 4, resposta_valor: 
2025-04-29 16:25:13 - Processando pergunta 5, resposta_valor: 
2025-04-29 16:25:13 - Processando pergunta 6, resposta_valor: 
2025-04-29 16:25:13 - Processando pergunta 7, resposta_valor: 
2025-04-29 16:25:13 - Processando pergunta 8, resposta_valor: 
2025-04-29 16:25:13 - Processando pergunta 9, resposta_valor: 
2025-04-29 16:25:17 - Prefeitura ID: 70
2025-04-29 16:25:17 - Total de perguntas recuperadas: 9
2025-04-29 16:25:17 - Respostas recuperadas: {"1":"O prefeito municipal","2":"Sim"}
2025-04-29 16:25:17 - Processando pergunta 1, resposta_valor: O prefeito municipal
2025-04-29 16:25:17 - Processando pergunta 2, resposta_valor: Sim
2025-04-29 16:25:17 - Pergunta 2 - resposta_sim_nao: Sim, justificativa_valor: 
2025-04-29 16:25:17 - Processando pergunta 14, resposta_valor: 
2025-04-29 16:25:17 - Processando pergunta 4, resposta_valor: 
2025-04-29 16:25:17 - Processando pergunta 5, resposta_valor: 
2025-04-29 16:25:17 - Processando pergunta 6, resposta_valor: 
2025-04-29 16:25:17 - Processando pergunta 7, resposta_valor: 
2025-04-29 16:25:17 - Processando pergunta 8, resposta_valor: 
2025-04-29 16:25:17 - Processando pergunta 9, resposta_valor: 
2025-04-29 16:25:29 - Prefeitura ID: 70
2025-04-29 16:25:29 - Total de perguntas recuperadas: 9
2025-04-29 16:25:29 - Respostas recuperadas: {"1":"O prefeito municipal","2":"Sim"}
2025-04-29 16:25:29 - Processando pergunta 1, resposta_valor: O prefeito municipal
2025-04-29 16:25:29 - Processando pergunta 2, resposta_valor: Sim
2025-04-29 16:25:29 - Pergunta 2 - resposta_sim_nao: Sim, justificativa_valor: 
2025-04-29 16:25:29 - Processando pergunta 14, resposta_valor: 
2025-04-29 16:25:29 - Processando pergunta 4, resposta_valor: 
2025-04-29 16:25:29 - Processando pergunta 5, resposta_valor: 
2025-04-29 16:25:29 - Processando pergunta 6, resposta_valor: 
2025-04-29 16:25:29 - Processando pergunta 7, resposta_valor: 
2025-04-29 16:25:29 - Processando pergunta 8, resposta_valor: 
2025-04-29 16:25:29 - Processando pergunta 9, resposta_valor: 
2025-04-29 16:31:48 - Prefeitura ID: 56
2025-04-29 16:31:48 - Total de perguntas recuperadas: 9
2025-04-29 16:31:48 - Respostas recuperadas: {"1":"Positiva","2":"Sim","14":"ADMINISTRA\u00c7\u00c3O GERAL|177|80|0|257","4":"Sim|Transpar\u00eancia\/Ouvidoria|ESSENCIAL","5":"Sim","6":"3","7":"Sim","8":"RESPONSABILIDADE ADMINISTRATIVA","9":"TRANSPARENCIA COM O CIDAD\u00c3O"}
2025-04-29 16:31:48 - Processando pergunta 1, resposta_valor: Positiva
2025-04-29 16:31:48 - Processando pergunta 2, resposta_valor: Sim
2025-04-29 16:31:48 - Pergunta 2 - resposta_sim_nao: Sim, justificativa_valor: 
2025-04-29 16:31:48 - Processando pergunta 14, resposta_valor: ADMINISTRAÇÃO GERAL|177|80|0|257
2025-04-29 16:31:48 - Pergunta 14 (planilha) - linhas brutas: ["ADMINISTRA\u00c7\u00c3O GERAL|177|80|0|257"]
2025-04-29 16:31:48 - Pergunta 14 (planilha) - dados da linha: ["ADMINISTRA\u00c7\u00c3O GERAL","177","80","0","257"]
2025-04-29 16:31:48 - Pergunta 14 (planilha) - planilha_data: [{"secretaria":"ADMINISTRA\u00c7\u00c3O GERAL","efetivos":"177","comissionados":"80","temporarios":"0","total_parcial":"257"}]
2025-04-29 16:31:48 - Processando pergunta 4, resposta_valor: Sim|Transparência/Ouvidoria|ESSENCIAL
2025-04-29 16:31:48 - Pergunta 4 - resposta_sim_nao: Sim, eixo_selecionado: Transparência/Ouvidoria, justificativa_valor: ESSENCIAL
2025-04-29 16:31:48 - Processando pergunta 5, resposta_valor: Sim
2025-04-29 16:31:49 - Pergunta 5 - resposta_sim_nao: Sim, justificativa_valor: 
2025-04-29 16:31:49 - Processando pergunta 6, resposta_valor: 3
2025-04-29 16:31:49 - Processando pergunta 7, resposta_valor: Sim
2025-04-29 16:31:49 - Pergunta 7 - resposta_sim_nao: Sim, justificativa_valor: 
2025-04-29 16:31:49 - Processando pergunta 8, resposta_valor: RESPONSABILIDADE ADMINISTRATIVA
2025-04-29 16:31:49 - Pergunta 8 - resposta_valor: RESPONSABILIDADE ADMINISTRATIVA, outras_respostas_valor: 
2025-04-29 16:31:49 - Processando pergunta 9, resposta_valor: TRANSPARENCIA COM O CIDADÃO
2025-04-29 16:31:55 - Prefeitura ID: 56
2025-04-29 16:31:55 - Total de perguntas recuperadas: 9
2025-04-29 16:31:56 - Respostas recuperadas: {"1":"Positiva","2":"Sim","14":"ADMINISTRA\u00c7\u00c3O GERAL|177|80|0|257","4":"Sim|Transpar\u00eancia\/Ouvidoria|ESSENCIAL","5":"Sim","6":"3","7":"Sim","8":"RESPONSABILIDADE ADMINISTRATIVA","9":"TRANSPARENCIA COM O CIDAD\u00c3O"}
2025-04-29 16:31:56 - Formulário enviado: {"resposta":{"1":"Positiva","2":{"sim_nao":"Sim"},"4":{"sim_nao":"Sim","eixo":"Transpar\u00eancia\/Ouvidoria"},"5":"Sim","6":"3","7":{"sim_nao":"Sim"},"8":"RESPONSABILIDADE ADMINISTRATIVA","9":"TRANSPARENCIA COM O CIDAD\u00c3O"},"justificativa":{"2":"","4":"ESSENCIAL","5":"","7":""},"secretaria":{"14":["ADMINISTRA\u00c7\u00c3O GERAL"]},"efetivos":{"14":["177"]},"comissionados":{"14":["80"]},"temporarios":{"14":["0"]},"salvar":""}
2025-04-29 16:31:56 - Atualizada resposta para pergunta 1: Positiva
2025-04-29 16:31:56 - Atualizada resposta para pergunta 2: Sim
2025-04-29 16:31:56 - Pergunta 14 (planilha) - Resposta gerada: ADMINISTRAÇÃO GERAL|177|80|0|257
2025-04-29 16:31:56 - Atualizada resposta para pergunta 14: ADMINISTRAÇÃO GERAL|177|80|0|257
2025-04-29 16:31:56 - Atualizada resposta para pergunta 4: Sim|Transparência/Ouvidoria|ESSENCIAL
2025-04-29 16:31:56 - Atualizada resposta para pergunta 5: Sim
2025-04-29 16:31:56 - Atualizada resposta para pergunta 6: 3
2025-04-29 16:31:56 - Atualizada resposta para pergunta 7: Sim
2025-04-29 16:31:56 - Atualizada resposta para pergunta 8: RESPONSABILIDADE ADMINISTRATIVA
2025-04-29 16:31:56 - Atualizada resposta para pergunta 9: TRANSPARENCIA COM O CIDADÃO
2025-04-29 16:31:56 - Salvamento concluído com sucesso
2025-04-29 16:31:57 - Prefeitura ID: 56
2025-04-29 16:31:57 - Total de perguntas recuperadas: 9
2025-04-29 16:31:57 - Respostas recuperadas: {"1":"Positiva","2":"Sim","14":"ADMINISTRA\u00c7\u00c3O GERAL|177|80|0|257","4":"Sim|Transpar\u00eancia\/Ouvidoria|ESSENCIAL","5":"Sim","6":"3","7":"Sim","8":"RESPONSABILIDADE ADMINISTRATIVA","9":"TRANSPARENCIA COM O CIDAD\u00c3O"}
2025-04-29 16:31:57 - Processando pergunta 1, resposta_valor: Positiva
2025-04-29 16:31:57 - Processando pergunta 2, resposta_valor: Sim
2025-04-29 16:31:57 - Pergunta 2 - resposta_sim_nao: Sim, justificativa_valor: 
2025-04-29 16:31:57 - Processando pergunta 14, resposta_valor: ADMINISTRAÇÃO GERAL|177|80|0|257
2025-04-29 16:31:57 - Pergunta 14 (planilha) - linhas brutas: ["ADMINISTRA\u00c7\u00c3O GERAL|177|80|0|257"]
2025-04-29 16:31:57 - Pergunta 14 (planilha) - dados da linha: ["ADMINISTRA\u00c7\u00c3O GERAL","177","80","0","257"]
2025-04-29 16:31:57 - Pergunta 14 (planilha) - planilha_data: [{"secretaria":"ADMINISTRA\u00c7\u00c3O GERAL","efetivos":"177","comissionados":"80","temporarios":"0","total_parcial":"257"}]
2025-04-29 16:31:57 - Processando pergunta 4, resposta_valor: Sim|Transparência/Ouvidoria|ESSENCIAL
2025-04-29 16:31:57 - Pergunta 4 - resposta_sim_nao: Sim, eixo_selecionado: Transparência/Ouvidoria, justificativa_valor: ESSENCIAL
2025-04-29 16:31:57 - Processando pergunta 5, resposta_valor: Sim
2025-04-29 16:31:58 - Pergunta 5 - resposta_sim_nao: Sim, justificativa_valor: 
2025-04-29 16:31:58 - Processando pergunta 6, resposta_valor: 3
2025-04-29 16:31:58 - Processando pergunta 7, resposta_valor: Sim
2025-04-29 16:31:58 - Pergunta 7 - resposta_sim_nao: Sim, justificativa_valor: 
2025-04-29 16:31:58 - Processando pergunta 8, resposta_valor: RESPONSABILIDADE ADMINISTRATIVA
2025-04-29 16:31:58 - Pergunta 8 - resposta_valor: RESPONSABILIDADE ADMINISTRATIVA, outras_respostas_valor: 
2025-04-29 16:31:58 - Processando pergunta 9, resposta_valor: TRANSPARENCIA COM O CIDADÃO
2025-04-29 16:40:38 - Prefeitura ID: 70
2025-04-29 16:40:38 - Total de perguntas recuperadas: 9
2025-04-29 16:40:38 - Respostas recuperadas: {"1":"O prefeito municipal","2":"Sim"}
2025-04-29 16:40:38 - Formulário enviado: {"resposta":{"1":"O prefeito municipal","2":{"sim_nao":"Sim"},"4":{"sim_nao":"Sim","eixo":"\u00c9tica"},"5":"Sim","6":"sim","7":{"sim_nao":"Sim"},"8":"Disponibilidade de sala climatizada e equipamentos de inform\u00e1tica com camera de v\u00eddeo para reuni\u00f5es virtuais","9":"Integra\u00e7\u00e3o da gestao municipal, capacita\u00e7\u00e3o de servidores, melhora do servi\u00e7o prestado a sociedade"},"justificativa":{"2":"","4":"Trabalhar em prol da sociedade, com prioridade esclusiva de uma gestao com etica e boa aplica\u00e7\u00e3o dos recursos","5":"","7":""},"secretaria":{"14":["ADMINISTRA\u00c7\u00c3O","GABINETE DO PREFEITO","EDUCA\u00c7\u00c3O","ASSISTENCIA","SAUDE","AGRICULTURA","TRANSPORTE","OBRAS E URBANISMO","CASA CIVIL","ESPORTE","MEIO AMBIENTE"]},"efetivos":{"14":["9","0","49","3","31","0","2","13","0","0","2"]},"comissionados":{"14":["7","2","3","8","7","2","6","6","2","1","0"]},"temporarios":{"14":["0","0","0","0","0","0","0","0","0","0","0"]},"salvar":""}
2025-04-29 16:40:38 - Atualizada resposta para pergunta 1: O prefeito municipal
2025-04-29 16:40:38 - Atualizada resposta para pergunta 2: Sim
2025-04-29 16:40:38 - Pergunta 14 (planilha) - Resposta gerada: ADMINISTRAÇÃO|9|7|0|16;GABINETE DO PREFEITO|0|2|0|2;EDUCAÇÃO|49|3|0|52;ASSISTENCIA|3|8|0|11;SAUDE|31|7|0|38;AGRICULTURA|0|2|0|2;TRANSPORTE|2|6|0|8;OBRAS E URBANISMO|13|6|0|19;CASA CIVIL|0|2|0|2;ESPORTE|0|1|0|1;MEIO AMBIENTE|2|0|0|2
2025-04-29 16:40:39 - Inserida resposta para pergunta 14: ADMINISTRAÇÃO|9|7|0|16;GABINETE DO PREFEITO|0|2|0|2;EDUCAÇÃO|49|3|0|52;ASSISTENCIA|3|8|0|11;SAUDE|31|7|0|38;AGRICULTURA|0|2|0|2;TRANSPORTE|2|6|0|8;OBRAS E URBANISMO|13|6|0|19;CASA CIVIL|0|2|0|2;ESPORTE|0|1|0|1;MEIO AMBIENTE|2|0|0|2
2025-04-29 16:40:39 - Inserida resposta para pergunta 4: Sim|Ética|Trabalhar em prol da sociedade, com prioridade esclusiva de uma gestao com etica e boa aplicação dos recursos
2025-04-29 16:40:39 - Inserida resposta para pergunta 5: Sim
2025-04-29 16:40:39 - Inserida resposta para pergunta 6: sim
2025-04-29 16:40:39 - Inserida resposta para pergunta 7: Sim
2025-04-29 16:40:39 - Inserida resposta para pergunta 8: Disponibilidade de sala climatizada e equipamentos de informática com camera de vídeo para reuniões virtuais
2025-04-29 16:40:39 - Inserida resposta para pergunta 9: Integração da gestao municipal, capacitação de servidores, melhora do serviço prestado a sociedade
2025-04-29 16:40:39 - Salvamento concluído com sucesso
2025-04-29 16:40:39 - Prefeitura ID: 70
2025-04-29 16:40:39 - Total de perguntas recuperadas: 9
2025-04-29 16:40:39 - Respostas recuperadas: {"1":"O prefeito municipal","2":"Sim","14":"ADMINISTRA\u00c7\u00c3O|9|7|0|16;GABINETE DO PREFEITO|0|2|0|2;EDUCA\u00c7\u00c3O|49|3|0|52;ASSISTENCIA|3|8|0|11;SAUDE|31|7|0|38;AGRICULTURA|0|2|0|2;TRANSPORTE|2|6|0|8;OBRAS E URBANISMO|13|6|0|19;CASA CIVIL|0|2|0|2;ESPORTE|0|1|0|1;MEIO AMBIENTE|2|0|0|2","4":"Sim|\u00c9tica|Trabalhar em prol da sociedade, com prioridade esclusiva de uma gestao com etica e boa aplica\u00e7\u00e3o dos recursos","5":"Sim","6":"sim","7":"Sim","8":"Disponibilidade de sala climatizada e equipamentos de inform\u00e1tica com camera de v\u00eddeo para reuni\u00f5es virtuais","9":"Integra\u00e7\u00e3o da gestao municipal, capacita\u00e7\u00e3o de servidores, melhora do servi\u00e7o prestado a sociedade"}
2025-04-29 16:40:39 - Processando pergunta 1, resposta_valor: O prefeito municipal
2025-04-29 16:40:39 - Processando pergunta 2, resposta_valor: Sim
2025-04-29 16:40:39 - Pergunta 2 - resposta_sim_nao: Sim, justificativa_valor: 
2025-04-29 16:40:40 - Processando pergunta 14, resposta_valor: ADMINISTRAÇÃO|9|7|0|16;GABINETE DO PREFEITO|0|2|0|2;EDUCAÇÃO|49|3|0|52;ASSISTENCIA|3|8|0|11;SAUDE|31|7|0|38;AGRICULTURA|0|2|0|2;TRANSPORTE|2|6|0|8;OBRAS E URBANISMO|13|6|0|19;CASA CIVIL|0|2|0|2;ESPORTE|0|1|0|1;MEIO AMBIENTE|2|0|0|2
2025-04-29 16:40:40 - Pergunta 14 (planilha) - linhas brutas: ["ADMINISTRA\u00c7\u00c3O|9|7|0|16","GABINETE DO PREFEITO|0|2|0|2","EDUCA\u00c7\u00c3O|49|3|0|52","ASSISTENCIA|3|8|0|11","SAUDE|31|7|0|38","AGRICULTURA|0|2|0|2","TRANSPORTE|2|6|0|8","OBRAS E URBANISMO|13|6|0|19","CASA CIVIL|0|2|0|2","ESPORTE|0|1|0|1","MEIO AMBIENTE|2|0|0|2"]
2025-04-29 16:40:40 - Pergunta 14 (planilha) - dados da linha: ["ADMINISTRA\u00c7\u00c3O","9","7","0","16"]
2025-04-29 16:40:40 - Pergunta 14 (planilha) - dados da linha: ["GABINETE DO PREFEITO","0","2","0","2"]
2025-04-29 16:40:40 - Pergunta 14 (planilha) - dados da linha: ["EDUCA\u00c7\u00c3O","49","3","0","52"]
2025-04-29 16:40:40 - Pergunta 14 (planilha) - dados da linha: ["ASSISTENCIA","3","8","0","11"]
2025-04-29 16:40:40 - Pergunta 14 (planilha) - dados da linha: ["SAUDE","31","7","0","38"]
2025-04-29 16:40:40 - Pergunta 14 (planilha) - dados da linha: ["AGRICULTURA","0","2","0","2"]
2025-04-29 16:40:40 - Pergunta 14 (planilha) - dados da linha: ["TRANSPORTE","2","6","0","8"]
2025-04-29 16:40:40 - Pergunta 14 (planilha) - dados da linha: ["OBRAS E URBANISMO","13","6","0","19"]
2025-04-29 16:40:40 - Pergunta 14 (planilha) - dados da linha: ["CASA CIVIL","0","2","0","2"]
2025-04-29 16:40:40 - Pergunta 14 (planilha) - dados da linha: ["ESPORTE","0","1","0","1"]
2025-04-29 16:40:40 - Pergunta 14 (planilha) - dados da linha: ["MEIO AMBIENTE","2","0","0","2"]
2025-04-29 16:40:40 - Pergunta 14 (planilha) - planilha_data: [{"secretaria":"ADMINISTRA\u00c7\u00c3O","efetivos":"9","comissionados":"7","temporarios":"0","total_parcial":"16"},{"secretaria":"GABINETE DO PREFEITO","efetivos":"0","comissionados":"2","temporarios":"0","total_parcial":"2"},{"secretaria":"EDUCA\u00c7\u00c3O","efetivos":"49","comissionados":"3","temporarios":"0","total_parcial":"52"},{"secretaria":"ASSISTENCIA","efetivos":"3","comissionados":"8","temporarios":"0","total_parcial":"11"},{"secretaria":"SAUDE","efetivos":"31","comissionados":"7","temporarios":"0","total_parcial":"38"},{"secretaria":"AGRICULTURA","efetivos":"0","comissionados":"2","temporarios":"0","total_parcial":"2"},{"secretaria":"TRANSPORTE","efetivos":"2","comissionados":"6","temporarios":"0","total_parcial":"8"},{"secretaria":"OBRAS E URBANISMO","efetivos":"13","comissionados":"6","temporarios":"0","total_parcial":"19"},{"secretaria":"CASA CIVIL","efetivos":"0","comissionados":"2","temporarios":"0","total_parcial":"2"},{"secretaria":"ESPORTE","efetivos":"0","comissionados":"1","temporarios":"0","total_parcial":"1"},{"secretaria":"MEIO AMBIENTE","efetivos":"2","comissionados":"0","temporarios":"0","total_parcial":"2"}]
2025-04-29 16:40:40 - Processando pergunta 4, resposta_valor: Sim|Ética|Trabalhar em prol da sociedade, com prioridade esclusiva de uma gestao com etica e boa aplicação dos recursos
2025-04-29 16:40:41 - Pergunta 4 - resposta_sim_nao: Sim, eixo_selecionado: Ética, justificativa_valor: Trabalhar em prol da sociedade, com prioridade esclusiva de uma gestao com etica e boa aplicação dos recursos
2025-04-29 16:40:41 - Processando pergunta 5, resposta_valor: Sim
2025-04-29 16:40:41 - Pergunta 5 - resposta_sim_nao: Sim, justificativa_valor: 
2025-04-29 16:40:41 - Processando pergunta 6, resposta_valor: sim
2025-04-29 16:40:41 - Processando pergunta 7, resposta_valor: Sim
2025-04-29 16:40:41 - Pergunta 7 - resposta_sim_nao: Sim, justificativa_valor: 
2025-04-29 16:40:41 - Processando pergunta 8, resposta_valor: Disponibilidade de sala climatizada e equipamentos de informática com camera de vídeo para reuniões virtuais
2025-04-29 16:40:41 - Pergunta 8 - resposta_valor: Disponibilidade de sala climatizada e equipamentos de informática com camera de vídeo para reuniões virtuais, outras_respostas_valor: 
2025-04-29 16:40:41 - Processando pergunta 9, resposta_valor: Integração da gestao municipal, capacitação de servidores, melhora do serviço prestado a sociedade
2025-04-29 16:40:54 - Prefeitura ID: 70
2025-04-29 16:40:54 - Total de perguntas recuperadas: 9
2025-04-29 16:40:54 - Respostas recuperadas: {"1":"O prefeito municipal","2":"Sim","14":"ADMINISTRA\u00c7\u00c3O|9|7|0|16;GABINETE DO PREFEITO|0|2|0|2;EDUCA\u00c7\u00c3O|49|3|0|52;ASSISTENCIA|3|8|0|11;SAUDE|31|7|0|38;AGRICULTURA|0|2|0|2;TRANSPORTE|2|6|0|8;OBRAS E URBANISMO|13|6|0|19;CASA CIVIL|0|2|0|2;ESPORTE|0|1|0|1;MEIO AMBIENTE|2|0|0|2","4":"Sim|\u00c9tica|Trabalhar em prol da sociedade, com prioridade esclusiva de uma gestao com etica e boa aplica\u00e7\u00e3o dos recursos","5":"Sim","6":"sim","7":"Sim","8":"Disponibilidade de sala climatizada e equipamentos de inform\u00e1tica com camera de v\u00eddeo para reuni\u00f5es virtuais","9":"Integra\u00e7\u00e3o da gestao municipal, capacita\u00e7\u00e3o de servidores, melhora do servi\u00e7o prestado a sociedade"}
2025-04-29 16:40:54 - Formulário enviado: {"resposta":{"1":"O prefeito municipal","2":{"sim_nao":"Sim"},"4":{"sim_nao":"Sim","eixo":"\u00c9tica"},"5":"Sim","6":"sim","7":{"sim_nao":"Sim"},"8":"Disponibilidade de sala climatizada e equipamentos de inform\u00e1tica com camera de v\u00eddeo para reuni\u00f5es virtuais","9":"Integra\u00e7\u00e3o da gestao municipal, capacita\u00e7\u00e3o de servidores, melhora do servi\u00e7o prestado a sociedade"},"justificativa":{"2":"","4":"Trabalhar em prol da sociedade, com prioridade esclusiva de uma gestao com etica e boa aplica\u00e7\u00e3o dos recursos","5":"","7":""},"secretaria":{"14":["ADMINISTRA\u00c7\u00c3O","GABINETE DO PREFEITO","EDUCA\u00c7\u00c3O","ASSISTENCIA","SAUDE","AGRICULTURA","TRANSPORTE","OBRAS E URBANISMO","CASA CIVIL","ESPORTE","MEIO AMBIENTE"]},"efetivos":{"14":["9","0","49","3","31","0","2","13","0","0","2"]},"comissionados":{"14":["7","2","3","8","7","2","6","6","2","1","0"]},"temporarios":{"14":["0","0","0","0","0","0","0","0","0","0","0"]},"salvar":""}
2025-04-29 16:40:54 - Atualizada resposta para pergunta 1: O prefeito municipal
2025-04-29 16:40:54 - Atualizada resposta para pergunta 2: Sim
2025-04-29 16:40:54 - Pergunta 14 (planilha) - Resposta gerada: ADMINISTRAÇÃO|9|7|0|16;GABINETE DO PREFEITO|0|2|0|2;EDUCAÇÃO|49|3|0|52;ASSISTENCIA|3|8|0|11;SAUDE|31|7|0|38;AGRICULTURA|0|2|0|2;TRANSPORTE|2|6|0|8;OBRAS E URBANISMO|13|6|0|19;CASA CIVIL|0|2|0|2;ESPORTE|0|1|0|1;MEIO AMBIENTE|2|0|0|2
2025-04-29 16:40:54 - Atualizada resposta para pergunta 14: ADMINISTRAÇÃO|9|7|0|16;GABINETE DO PREFEITO|0|2|0|2;EDUCAÇÃO|49|3|0|52;ASSISTENCIA|3|8|0|11;SAUDE|31|7|0|38;AGRICULTURA|0|2|0|2;TRANSPORTE|2|6|0|8;OBRAS E URBANISMO|13|6|0|19;CASA CIVIL|0|2|0|2;ESPORTE|0|1|0|1;MEIO AMBIENTE|2|0|0|2
2025-04-29 16:40:54 - Atualizada resposta para pergunta 4: Sim|Ética|Trabalhar em prol da sociedade, com prioridade esclusiva de uma gestao com etica e boa aplicação dos recursos
2025-04-29 16:40:54 - Atualizada resposta para pergunta 5: Sim
2025-04-29 16:40:54 - Atualizada resposta para pergunta 6: sim
2025-04-29 16:40:54 - Atualizada resposta para pergunta 7: Sim
2025-04-29 16:40:54 - Atualizada resposta para pergunta 8: Disponibilidade de sala climatizada e equipamentos de informática com camera de vídeo para reuniões virtuais
2025-04-29 16:40:55 - Atualizada resposta para pergunta 9: Integração da gestao municipal, capacitação de servidores, melhora do serviço prestado a sociedade
2025-04-29 16:40:55 - Salvamento concluído com sucesso
2025-04-29 16:40:55 - Prefeitura ID: 70
2025-04-29 16:40:55 - Total de perguntas recuperadas: 9
2025-04-29 16:40:55 - Respostas recuperadas: {"1":"O prefeito municipal","2":"Sim","14":"ADMINISTRA\u00c7\u00c3O|9|7|0|16;GABINETE DO PREFEITO|0|2|0|2;EDUCA\u00c7\u00c3O|49|3|0|52;ASSISTENCIA|3|8|0|11;SAUDE|31|7|0|38;AGRICULTURA|0|2|0|2;TRANSPORTE|2|6|0|8;OBRAS E URBANISMO|13|6|0|19;CASA CIVIL|0|2|0|2;ESPORTE|0|1|0|1;MEIO AMBIENTE|2|0|0|2","4":"Sim|\u00c9tica|Trabalhar em prol da sociedade, com prioridade esclusiva de uma gestao com etica e boa aplica\u00e7\u00e3o dos recursos","5":"Sim","6":"sim","7":"Sim","8":"Disponibilidade de sala climatizada e equipamentos de inform\u00e1tica com camera de v\u00eddeo para reuni\u00f5es virtuais","9":"Integra\u00e7\u00e3o da gestao municipal, capacita\u00e7\u00e3o de servidores, melhora do servi\u00e7o prestado a sociedade"}
2025-04-29 16:40:55 - Processando pergunta 1, resposta_valor: O prefeito municipal
2025-04-29 16:40:55 - Processando pergunta 2, resposta_valor: Sim
2025-04-29 16:40:55 - Pergunta 2 - resposta_sim_nao: Sim, justificativa_valor: 
2025-04-29 16:40:55 - Processando pergunta 14, resposta_valor: ADMINISTRAÇÃO|9|7|0|16;GABINETE DO PREFEITO|0|2|0|2;EDUCAÇÃO|49|3|0|52;ASSISTENCIA|3|8|0|11;SAUDE|31|7|0|38;AGRICULTURA|0|2|0|2;TRANSPORTE|2|6|0|8;OBRAS E URBANISMO|13|6|0|19;CASA CIVIL|0|2|0|2;ESPORTE|0|1|0|1;MEIO AMBIENTE|2|0|0|2
2025-04-29 16:40:55 - Pergunta 14 (planilha) - linhas brutas: ["ADMINISTRA\u00c7\u00c3O|9|7|0|16","GABINETE DO PREFEITO|0|2|0|2","EDUCA\u00c7\u00c3O|49|3|0|52","ASSISTENCIA|3|8|0|11","SAUDE|31|7|0|38","AGRICULTURA|0|2|0|2","TRANSPORTE|2|6|0|8","OBRAS E URBANISMO|13|6|0|19","CASA CIVIL|0|2|0|2","ESPORTE|0|1|0|1","MEIO AMBIENTE|2|0|0|2"]
2025-04-29 16:40:55 - Pergunta 14 (planilha) - dados da linha: ["ADMINISTRA\u00c7\u00c3O","9","7","0","16"]
2025-04-29 16:40:55 - Pergunta 14 (planilha) - dados da linha: ["GABINETE DO PREFEITO","0","2","0","2"]
2025-04-29 16:40:55 - Pergunta 14 (planilha) - dados da linha: ["EDUCA\u00c7\u00c3O","49","3","0","52"]
2025-04-29 16:40:55 - Pergunta 14 (planilha) - dados da linha: ["ASSISTENCIA","3","8","0","11"]
2025-04-29 16:40:56 - Pergunta 14 (planilha) - dados da linha: ["SAUDE","31","7","0","38"]
2025-04-29 16:40:56 - Pergunta 14 (planilha) - dados da linha: ["AGRICULTURA","0","2","0","2"]
2025-04-29 16:40:56 - Pergunta 14 (planilha) - dados da linha: ["TRANSPORTE","2","6","0","8"]
2025-04-29 16:40:56 - Pergunta 14 (planilha) - dados da linha: ["OBRAS E URBANISMO","13","6","0","19"]
2025-04-29 16:40:56 - Pergunta 14 (planilha) - dados da linha: ["CASA CIVIL","0","2","0","2"]
2025-04-29 16:40:56 - Pergunta 14 (planilha) - dados da linha: ["ESPORTE","0","1","0","1"]
2025-04-29 16:40:56 - Pergunta 14 (planilha) - dados da linha: ["MEIO AMBIENTE","2","0","0","2"]
2025-04-29 16:40:56 - Pergunta 14 (planilha) - planilha_data: [{"secretaria":"ADMINISTRA\u00c7\u00c3O","efetivos":"9","comissionados":"7","temporarios":"0","total_parcial":"16"},{"secretaria":"GABINETE DO PREFEITO","efetivos":"0","comissionados":"2","temporarios":"0","total_parcial":"2"},{"secretaria":"EDUCA\u00c7\u00c3O","efetivos":"49","comissionados":"3","temporarios":"0","total_parcial":"52"},{"secretaria":"ASSISTENCIA","efetivos":"3","comissionados":"8","temporarios":"0","total_parcial":"11"},{"secretaria":"SAUDE","efetivos":"31","comissionados":"7","temporarios":"0","total_parcial":"38"},{"secretaria":"AGRICULTURA","efetivos":"0","comissionados":"2","temporarios":"0","total_parcial":"2"},{"secretaria":"TRANSPORTE","efetivos":"2","comissionados":"6","temporarios":"0","total_parcial":"8"},{"secretaria":"OBRAS E URBANISMO","efetivos":"13","comissionados":"6","temporarios":"0","total_parcial":"19"},{"secretaria":"CASA CIVIL","efetivos":"0","comissionados":"2","temporarios":"0","total_parcial":"2"},{"secretaria":"ESPORTE","efetivos":"0","comissionados":"1","temporarios":"0","total_parcial":"1"},{"secretaria":"MEIO AMBIENTE","efetivos":"2","comissionados":"0","temporarios":"0","total_parcial":"2"}]
2025-04-29 16:40:56 - Processando pergunta 4, resposta_valor: Sim|Ética|Trabalhar em prol da sociedade, com prioridade esclusiva de uma gestao com etica e boa aplicação dos recursos
2025-04-29 16:40:56 - Pergunta 4 - resposta_sim_nao: Sim, eixo_selecionado: Ética, justificativa_valor: Trabalhar em prol da sociedade, com prioridade esclusiva de uma gestao com etica e boa aplicação dos recursos
2025-04-29 16:40:56 - Processando pergunta 5, resposta_valor: Sim
2025-04-29 16:40:56 - Pergunta 5 - resposta_sim_nao: Sim, justificativa_valor: 
2025-04-29 16:40:56 - Processando pergunta 6, resposta_valor: sim
2025-04-29 16:40:56 - Processando pergunta 7, resposta_valor: Sim
2025-04-29 16:40:56 - Pergunta 7 - resposta_sim_nao: Sim, justificativa_valor: 
2025-04-29 16:40:57 - Processando pergunta 8, resposta_valor: Disponibilidade de sala climatizada e equipamentos de informática com camera de vídeo para reuniões virtuais
2025-04-29 16:40:57 - Pergunta 8 - resposta_valor: Disponibilidade de sala climatizada e equipamentos de informática com camera de vídeo para reuniões virtuais, outras_respostas_valor: 
2025-04-29 16:40:57 - Processando pergunta 9, resposta_valor: Integração da gestao municipal, capacitação de servidores, melhora do serviço prestado a sociedade
2025-04-29 16:47:36 - Prefeitura ID: 32
2025-04-29 16:47:36 - Total de perguntas recuperadas: 9
2025-04-29 16:47:36 - Respostas recuperadas: {"1":"Primeira-Dama J\u00fabia Patr\u00edcia Arruda Ribeiro","2":"Sim","14":"Secretaria de Sa\u00fade|125|8|87|220","4":"N\u00e3o","5":"Sim","6":"8h","7":"Sim","8":"Disponibilidade dos servidores para conciliar os hor\u00e1rios das atividades laborais e o PCM 2025","9":"Gest\u00e3o de Riscos, \u00c9tica, Transpar\u00eancia\/Ouvidoria e Capacita\u00e7\u00e3o."}
2025-04-29 16:47:36 - Processando pergunta 1, resposta_valor: Primeira-Dama Júbia Patrícia Arruda Ribeiro
2025-04-29 16:47:36 - Processando pergunta 2, resposta_valor: Sim
2025-04-29 16:47:36 - Pergunta 2 - resposta_sim_nao: Sim, justificativa_valor: 
2025-04-29 16:47:36 - Processando pergunta 14, resposta_valor: Secretaria de Saúde|125|8|87|220
2025-04-29 16:47:36 - Pergunta 14 (planilha) - linhas brutas: ["Secretaria de Sa\u00fade|125|8|87|220"]
2025-04-29 16:47:36 - Pergunta 14 (planilha) - dados da linha: ["Secretaria de Sa\u00fade","125","8","87","220"]
2025-04-29 16:47:36 - Pergunta 14 (planilha) - planilha_data: [{"secretaria":"Secretaria de Sa\u00fade","efetivos":"125","comissionados":"8","temporarios":"87","total_parcial":"220"}]
2025-04-29 16:47:36 - Processando pergunta 4, resposta_valor: Não
2025-04-29 16:47:36 - Pergunta 4 - resposta_sim_nao: Não, eixo_selecionado: , justificativa_valor: 
2025-04-29 16:47:36 - Processando pergunta 5, resposta_valor: Sim
2025-04-29 16:47:37 - Pergunta 5 - resposta_sim_nao: Sim, justificativa_valor: 
2025-04-29 16:47:37 - Processando pergunta 6, resposta_valor: 8h
2025-04-29 16:47:37 - Processando pergunta 7, resposta_valor: Sim
2025-04-29 16:47:37 - Pergunta 7 - resposta_sim_nao: Sim, justificativa_valor: 
2025-04-29 16:47:37 - Processando pergunta 8, resposta_valor: Disponibilidade dos servidores para conciliar os horários das atividades laborais e o PCM 2025
2025-04-29 16:47:37 - Pergunta 8 - resposta_valor: Disponibilidade dos servidores para conciliar os horários das atividades laborais e o PCM 2025, outras_respostas_valor: 
2025-04-29 16:47:37 - Processando pergunta 9, resposta_valor: Gestão de Riscos, Ética, Transparência/Ouvidoria e Capacitação.
2025-04-29 16:48:17 - Prefeitura ID: 70
2025-04-29 16:48:17 - Total de perguntas recuperadas: 9
2025-04-29 16:48:17 - Respostas recuperadas: {"1":"O prefeito municipal","2":"Sim","14":"ADMINISTRA\u00c7\u00c3O|9|7|0|16;GABINETE DO PREFEITO|0|2|0|2;EDUCA\u00c7\u00c3O|49|3|0|52;ASSISTENCIA|3|8|0|11;SAUDE|31|7|0|38;AGRICULTURA|0|2|0|2;TRANSPORTE|2|6|0|8;OBRAS E URBANISMO|13|6|0|19;CASA CIVIL|0|2|0|2;ESPORTE|0|1|0|1;MEIO AMBIENTE|2|0|0|2","4":"Sim|\u00c9tica|Trabalhar em prol da sociedade, com prioridade esclusiva de uma gestao com etica e boa aplica\u00e7\u00e3o dos recursos","5":"Sim","6":"sim","7":"Sim","8":"Disponibilidade de sala climatizada e equipamentos de inform\u00e1tica com camera de v\u00eddeo para reuni\u00f5es virtuais","9":"Integra\u00e7\u00e3o da gestao municipal, capacita\u00e7\u00e3o de servidores, melhora do servi\u00e7o prestado a sociedade"}
2025-04-29 16:48:17 - Processando pergunta 1, resposta_valor: O prefeito municipal
2025-04-29 16:48:17 - Processando pergunta 2, resposta_valor: Sim
2025-04-29 16:48:17 - Pergunta 2 - resposta_sim_nao: Sim, justificativa_valor: 
2025-04-29 16:48:17 - Processando pergunta 14, resposta_valor: ADMINISTRAÇÃO|9|7|0|16;GABINETE DO PREFEITO|0|2|0|2;EDUCAÇÃO|49|3|0|52;ASSISTENCIA|3|8|0|11;SAUDE|31|7|0|38;AGRICULTURA|0|2|0|2;TRANSPORTE|2|6|0|8;OBRAS E URBANISMO|13|6|0|19;CASA CIVIL|0|2|0|2;ESPORTE|0|1|0|1;MEIO AMBIENTE|2|0|0|2
2025-04-29 16:48:17 - Pergunta 14 (planilha) - linhas brutas: ["ADMINISTRA\u00c7\u00c3O|9|7|0|16","GABINETE DO PREFEITO|0|2|0|2","EDUCA\u00c7\u00c3O|49|3|0|52","ASSISTENCIA|3|8|0|11","SAUDE|31|7|0|38","AGRICULTURA|0|2|0|2","TRANSPORTE|2|6|0|8","OBRAS E URBANISMO|13|6|0|19","CASA CIVIL|0|2|0|2","ESPORTE|0|1|0|1","MEIO AMBIENTE|2|0|0|2"]
2025-04-29 16:48:17 - Pergunta 14 (planilha) - dados da linha: ["ADMINISTRA\u00c7\u00c3O","9","7","0","16"]
2025-04-29 16:48:17 - Pergunta 14 (planilha) - dados da linha: ["GABINETE DO PREFEITO","0","2","0","2"]
2025-04-29 16:48:17 - Pergunta 14 (planilha) - dados da linha: ["EDUCA\u00c7\u00c3O","49","3","0","52"]
2025-04-29 16:48:17 - Pergunta 14 (planilha) - dados da linha: ["ASSISTENCIA","3","8","0","11"]
2025-04-29 16:48:17 - Pergunta 14 (planilha) - dados da linha: ["SAUDE","31","7","0","38"]
2025-04-29 16:48:18 - Pergunta 14 (planilha) - dados da linha: ["AGRICULTURA","0","2","0","2"]
2025-04-29 16:48:18 - Pergunta 14 (planilha) - dados da linha: ["TRANSPORTE","2","6","0","8"]
2025-04-29 16:48:18 - Pergunta 14 (planilha) - dados da linha: ["OBRAS E URBANISMO","13","6","0","19"]
2025-04-29 16:48:18 - Pergunta 14 (planilha) - dados da linha: ["CASA CIVIL","0","2","0","2"]
2025-04-29 16:48:18 - Pergunta 14 (planilha) - dados da linha: ["ESPORTE","0","1","0","1"]
2025-04-29 16:48:18 - Pergunta 14 (planilha) - dados da linha: ["MEIO AMBIENTE","2","0","0","2"]
2025-04-29 16:48:18 - Pergunta 14 (planilha) - planilha_data: [{"secretaria":"ADMINISTRA\u00c7\u00c3O","efetivos":"9","comissionados":"7","temporarios":"0","total_parcial":"16"},{"secretaria":"GABINETE DO PREFEITO","efetivos":"0","comissionados":"2","temporarios":"0","total_parcial":"2"},{"secretaria":"EDUCA\u00c7\u00c3O","efetivos":"49","comissionados":"3","temporarios":"0","total_parcial":"52"},{"secretaria":"ASSISTENCIA","efetivos":"3","comissionados":"8","temporarios":"0","total_parcial":"11"},{"secretaria":"SAUDE","efetivos":"31","comissionados":"7","temporarios":"0","total_parcial":"38"},{"secretaria":"AGRICULTURA","efetivos":"0","comissionados":"2","temporarios":"0","total_parcial":"2"},{"secretaria":"TRANSPORTE","efetivos":"2","comissionados":"6","temporarios":"0","total_parcial":"8"},{"secretaria":"OBRAS E URBANISMO","efetivos":"13","comissionados":"6","temporarios":"0","total_parcial":"19"},{"secretaria":"CASA CIVIL","efetivos":"0","comissionados":"2","temporarios":"0","total_parcial":"2"},{"secretaria":"ESPORTE","efetivos":"0","comissionados":"1","temporarios":"0","total_parcial":"1"},{"secretaria":"MEIO AMBIENTE","efetivos":"2","comissionados":"0","temporarios":"0","total_parcial":"2"}]
2025-04-29 16:48:18 - Processando pergunta 4, resposta_valor: Sim|Ética|Trabalhar em prol da sociedade, com prioridade esclusiva de uma gestao com etica e boa aplicação dos recursos
2025-04-29 16:48:18 - Pergunta 4 - resposta_sim_nao: Sim, eixo_selecionado: Ética, justificativa_valor: Trabalhar em prol da sociedade, com prioridade esclusiva de uma gestao com etica e boa aplicação dos recursos
2025-04-29 16:48:18 - Processando pergunta 5, resposta_valor: Sim
2025-04-29 16:48:18 - Pergunta 5 - resposta_sim_nao: Sim, justificativa_valor: 
2025-04-29 16:48:18 - Processando pergunta 6, resposta_valor: sim
2025-04-29 16:48:18 - Processando pergunta 7, resposta_valor: Sim
2025-04-29 16:48:18 - Pergunta 7 - resposta_sim_nao: Sim, justificativa_valor: 
2025-04-29 16:48:18 - Processando pergunta 8, resposta_valor: Disponibilidade de sala climatizada e equipamentos de informática com camera de vídeo para reuniões virtuais
2025-04-29 16:48:19 - Pergunta 8 - resposta_valor: Disponibilidade de sala climatizada e equipamentos de informática com camera de vídeo para reuniões virtuais, outras_respostas_valor: 
2025-04-29 16:48:19 - Processando pergunta 9, resposta_valor: Integração da gestao municipal, capacitação de servidores, melhora do serviço prestado a sociedade
2025-04-29 16:48:25 - Prefeitura ID: 70
2025-04-29 16:48:25 - Total de perguntas recuperadas: 9
2025-04-29 16:48:25 - Respostas recuperadas: {"1":"O prefeito municipal","2":"Sim","14":"ADMINISTRA\u00c7\u00c3O|9|7|0|16;GABINETE DO PREFEITO|0|2|0|2;EDUCA\u00c7\u00c3O|49|3|0|52;ASSISTENCIA|3|8|0|11;SAUDE|31|7|0|38;AGRICULTURA|0|2|0|2;TRANSPORTE|2|6|0|8;OBRAS E URBANISMO|13|6|0|19;CASA CIVIL|0|2|0|2;ESPORTE|0|1|0|1;MEIO AMBIENTE|2|0|0|2","4":"Sim|\u00c9tica|Trabalhar em prol da sociedade, com prioridade esclusiva de uma gestao com etica e boa aplica\u00e7\u00e3o dos recursos","5":"Sim","6":"sim","7":"Sim","8":"Disponibilidade de sala climatizada e equipamentos de inform\u00e1tica com camera de v\u00eddeo para reuni\u00f5es virtuais","9":"Integra\u00e7\u00e3o da gestao municipal, capacita\u00e7\u00e3o de servidores, melhora do servi\u00e7o prestado a sociedade"}
2025-04-29 16:48:25 - Formulário enviado: {"resposta":{"1":"O prefeito municipal","2":{"sim_nao":"Sim"},"4":{"sim_nao":"Sim","eixo":"\u00c9tica"},"5":"Sim","6":"sim","7":{"sim_nao":"Sim"},"8":"Disponibilidade de sala climatizada e equipamentos de inform\u00e1tica com camera de v\u00eddeo para reuni\u00f5es virtuais","9":"Integra\u00e7\u00e3o da gestao municipal, capacita\u00e7\u00e3o de servidores, melhora do servi\u00e7o prestado a sociedade"},"justificativa":{"2":"","4":"Trabalhar em prol da sociedade, com prioridade esclusiva de uma gestao com etica e boa aplica\u00e7\u00e3o dos recursos","5":"","7":""},"secretaria":{"14":["ADMINISTRA\u00c7\u00c3O","GABINETE DO PREFEITO","EDUCA\u00c7\u00c3O","ASSISTENCIA","SAUDE","AGRICULTURA","TRANSPORTE","OBRAS E URBANISMO","CASA CIVIL","ESPORTE","MEIO AMBIENTE"]},"efetivos":{"14":["9","0","49","3","31","0","2","13","0","0","2"]},"comissionados":{"14":["7","2","3","8","7","2","6","6","2","1","0"]},"temporarios":{"14":["0","0","0","0","0","0","0","0","0","0","0"]},"salvar":""}
2025-04-29 16:48:25 - Atualizada resposta para pergunta 1: O prefeito municipal
2025-04-29 16:48:25 - Atualizada resposta para pergunta 2: Sim
2025-04-29 16:48:25 - Pergunta 14 (planilha) - Resposta gerada: ADMINISTRAÇÃO|9|7|0|16;GABINETE DO PREFEITO|0|2|0|2;EDUCAÇÃO|49|3|0|52;ASSISTENCIA|3|8|0|11;SAUDE|31|7|0|38;AGRICULTURA|0|2|0|2;TRANSPORTE|2|6|0|8;OBRAS E URBANISMO|13|6|0|19;CASA CIVIL|0|2|0|2;ESPORTE|0|1|0|1;MEIO AMBIENTE|2|0|0|2
2025-04-29 16:48:25 - Atualizada resposta para pergunta 14: ADMINISTRAÇÃO|9|7|0|16;GABINETE DO PREFEITO|0|2|0|2;EDUCAÇÃO|49|3|0|52;ASSISTENCIA|3|8|0|11;SAUDE|31|7|0|38;AGRICULTURA|0|2|0|2;TRANSPORTE|2|6|0|8;OBRAS E URBANISMO|13|6|0|19;CASA CIVIL|0|2|0|2;ESPORTE|0|1|0|1;MEIO AMBIENTE|2|0|0|2
2025-04-29 16:48:25 - Atualizada resposta para pergunta 4: Sim|Ética|Trabalhar em prol da sociedade, com prioridade esclusiva de uma gestao com etica e boa aplicação dos recursos
2025-04-29 16:48:25 - Atualizada resposta para pergunta 5: Sim
2025-04-29 16:48:25 - Atualizada resposta para pergunta 6: sim
2025-04-29 16:48:25 - Atualizada resposta para pergunta 7: Sim
2025-04-29 16:48:25 - Atualizada resposta para pergunta 8: Disponibilidade de sala climatizada e equipamentos de informática com camera de vídeo para reuniões virtuais
2025-04-29 16:48:26 - Atualizada resposta para pergunta 9: Integração da gestao municipal, capacitação de servidores, melhora do serviço prestado a sociedade
2025-04-29 16:48:26 - Salvamento concluído com sucesso
2025-04-29 16:48:26 - Prefeitura ID: 70
2025-04-29 16:48:26 - Total de perguntas recuperadas: 9
2025-04-29 16:48:26 - Respostas recuperadas: {"1":"O prefeito municipal","2":"Sim","14":"ADMINISTRA\u00c7\u00c3O|9|7|0|16;GABINETE DO PREFEITO|0|2|0|2;EDUCA\u00c7\u00c3O|49|3|0|52;ASSISTENCIA|3|8|0|11;SAUDE|31|7|0|38;AGRICULTURA|0|2|0|2;TRANSPORTE|2|6|0|8;OBRAS E URBANISMO|13|6|0|19;CASA CIVIL|0|2|0|2;ESPORTE|0|1|0|1;MEIO AMBIENTE|2|0|0|2","4":"Sim|\u00c9tica|Trabalhar em prol da sociedade, com prioridade esclusiva de uma gestao com etica e boa aplica\u00e7\u00e3o dos recursos","5":"Sim","6":"sim","7":"Sim","8":"Disponibilidade de sala climatizada e equipamentos de inform\u00e1tica com camera de v\u00eddeo para reuni\u00f5es virtuais","9":"Integra\u00e7\u00e3o da gestao municipal, capacita\u00e7\u00e3o de servidores, melhora do servi\u00e7o prestado a sociedade"}
2025-04-29 16:48:26 - Processando pergunta 1, resposta_valor: O prefeito municipal
2025-04-29 16:48:26 - Processando pergunta 2, resposta_valor: Sim
2025-04-29 16:48:26 - Pergunta 2 - resposta_sim_nao: Sim, justificativa_valor: 
2025-04-29 16:48:26 - Processando pergunta 14, resposta_valor: ADMINISTRAÇÃO|9|7|0|16;GABINETE DO PREFEITO|0|2|0|2;EDUCAÇÃO|49|3|0|52;ASSISTENCIA|3|8|0|11;SAUDE|31|7|0|38;AGRICULTURA|0|2|0|2;TRANSPORTE|2|6|0|8;OBRAS E URBANISMO|13|6|0|19;CASA CIVIL|0|2|0|2;ESPORTE|0|1|0|1;MEIO AMBIENTE|2|0|0|2
2025-04-29 16:48:26 - Pergunta 14 (planilha) - linhas brutas: ["ADMINISTRA\u00c7\u00c3O|9|7|0|16","GABINETE DO PREFEITO|0|2|0|2","EDUCA\u00c7\u00c3O|49|3|0|52","ASSISTENCIA|3|8|0|11","SAUDE|31|7|0|38","AGRICULTURA|0|2|0|2","TRANSPORTE|2|6|0|8","OBRAS E URBANISMO|13|6|0|19","CASA CIVIL|0|2|0|2","ESPORTE|0|1|0|1","MEIO AMBIENTE|2|0|0|2"]
2025-04-29 16:48:26 - Pergunta 14 (planilha) - dados da linha: ["ADMINISTRA\u00c7\u00c3O","9","7","0","16"]
2025-04-29 16:48:26 - Pergunta 14 (planilha) - dados da linha: ["GABINETE DO PREFEITO","0","2","0","2"]
2025-04-29 16:48:26 - Pergunta 14 (planilha) - dados da linha: ["EDUCA\u00c7\u00c3O","49","3","0","52"]
2025-04-29 16:48:26 - Pergunta 14 (planilha) - dados da linha: ["ASSISTENCIA","3","8","0","11"]
2025-04-29 16:48:27 - Pergunta 14 (planilha) - dados da linha: ["SAUDE","31","7","0","38"]
2025-04-29 16:48:27 - Pergunta 14 (planilha) - dados da linha: ["AGRICULTURA","0","2","0","2"]
2025-04-29 16:48:27 - Pergunta 14 (planilha) - dados da linha: ["TRANSPORTE","2","6","0","8"]
2025-04-29 16:48:27 - Pergunta 14 (planilha) - dados da linha: ["OBRAS E URBANISMO","13","6","0","19"]
2025-04-29 16:48:27 - Pergunta 14 (planilha) - dados da linha: ["CASA CIVIL","0","2","0","2"]
2025-04-29 16:48:27 - Pergunta 14 (planilha) - dados da linha: ["ESPORTE","0","1","0","1"]
2025-04-29 16:48:27 - Pergunta 14 (planilha) - dados da linha: ["MEIO AMBIENTE","2","0","0","2"]
2025-04-29 16:48:27 - Pergunta 14 (planilha) - planilha_data: [{"secretaria":"ADMINISTRA\u00c7\u00c3O","efetivos":"9","comissionados":"7","temporarios":"0","total_parcial":"16"},{"secretaria":"GABINETE DO PREFEITO","efetivos":"0","comissionados":"2","temporarios":"0","total_parcial":"2"},{"secretaria":"EDUCA\u00c7\u00c3O","efetivos":"49","comissionados":"3","temporarios":"0","total_parcial":"52"},{"secretaria":"ASSISTENCIA","efetivos":"3","comissionados":"8","temporarios":"0","total_parcial":"11"},{"secretaria":"SAUDE","efetivos":"31","comissionados":"7","temporarios":"0","total_parcial":"38"},{"secretaria":"AGRICULTURA","efetivos":"0","comissionados":"2","temporarios":"0","total_parcial":"2"},{"secretaria":"TRANSPORTE","efetivos":"2","comissionados":"6","temporarios":"0","total_parcial":"8"},{"secretaria":"OBRAS E URBANISMO","efetivos":"13","comissionados":"6","temporarios":"0","total_parcial":"19"},{"secretaria":"CASA CIVIL","efetivos":"0","comissionados":"2","temporarios":"0","total_parcial":"2"},{"secretaria":"ESPORTE","efetivos":"0","comissionados":"1","temporarios":"0","total_parcial":"1"},{"secretaria":"MEIO AMBIENTE","efetivos":"2","comissionados":"0","temporarios":"0","total_parcial":"2"}]
2025-04-29 16:48:27 - Processando pergunta 4, resposta_valor: Sim|Ética|Trabalhar em prol da sociedade, com prioridade esclusiva de uma gestao com etica e boa aplicação dos recursos
2025-04-29 16:48:27 - Pergunta 4 - resposta_sim_nao: Sim, eixo_selecionado: Ética, justificativa_valor: Trabalhar em prol da sociedade, com prioridade esclusiva de uma gestao com etica e boa aplicação dos recursos
2025-04-29 16:48:27 - Processando pergunta 5, resposta_valor: Sim
2025-04-29 16:48:27 - Pergunta 5 - resposta_sim_nao: Sim, justificativa_valor: 
2025-04-29 16:48:27 - Processando pergunta 6, resposta_valor: sim
2025-04-29 16:48:27 - Processando pergunta 7, resposta_valor: Sim
2025-04-29 16:48:28 - Pergunta 7 - resposta_sim_nao: Sim, justificativa_valor: 
2025-04-29 16:48:28 - Processando pergunta 8, resposta_valor: Disponibilidade de sala climatizada e equipamentos de informática com camera de vídeo para reuniões virtuais
2025-04-29 16:48:28 - Pergunta 8 - resposta_valor: Disponibilidade de sala climatizada e equipamentos de informática com camera de vídeo para reuniões virtuais, outras_respostas_valor: 
2025-04-29 16:48:28 - Processando pergunta 9, resposta_valor: Integração da gestao municipal, capacitação de servidores, melhora do serviço prestado a sociedade
2025-04-29 16:54:14 - Prefeitura ID: 68
2025-04-29 16:54:14 - Total de perguntas recuperadas: 9
2025-04-29 16:54:14 - Respostas recuperadas: {"1":"A Secret\u00e1ria de Sa\u00fade de Trindade. A ideia foi recebida com entusiasmo devido a relevante oportunidade desse programa para o Munic\u00edpio.","2":"Sim","14":"GABINETE DO PREFEITO|2|6|8|16;GABINETE DO VICE PREFEITO|0|1|0|1;PROCURADORIA JUR\u00cdDICA|0|3|0|3;SEC DE DESENVOLVIMENTO URBANO|40|31|0|71;SEC DE ADMINISTRA\u00c7\u00c3O|38|14|0|52;SEC DE FINAN\u00c7AS|29|3|0|32;SEC DESENVOLVIEMENTO  AGROPECU\u00c1RIO|4|9|0|13;SEC INDUSTRIA E COM\u00c9RCIO|2|5|0|7","4":"N\u00e3o","5":"Sim","6":"teste"}
2025-04-29 16:54:14 - Processando pergunta 1, resposta_valor: A Secretária de Saúde de Trindade. A ideia foi recebida com entusiasmo devido a relevante oportunidade desse programa para o Município.
2025-04-29 16:54:14 - Processando pergunta 2, resposta_valor: Sim
2025-04-29 16:54:14 - Pergunta 2 - resposta_sim_nao: Sim, justificativa_valor: 
2025-04-29 16:54:14 - Processando pergunta 14, resposta_valor: GABINETE DO PREFEITO|2|6|8|16;GABINETE DO VICE PREFEITO|0|1|0|1;PROCURADORIA JURÍDICA|0|3|0|3;SEC DE DESENVOLVIMENTO URBANO|40|31|0|71;SEC DE ADMINISTRAÇÃO|38|14|0|52;SEC DE FINANÇAS|29|3|0|32;SEC DESENVOLVIEMENTO  AGROPECUÁRIO|4|9|0|13;SEC INDUSTRIA E COMÉRCIO|2|5|0|7
2025-04-29 16:54:14 - Pergunta 14 (planilha) - linhas brutas: ["GABINETE DO PREFEITO|2|6|8|16","GABINETE DO VICE PREFEITO|0|1|0|1","PROCURADORIA JUR\u00cdDICA|0|3|0|3","SEC DE DESENVOLVIMENTO URBANO|40|31|0|71","SEC DE ADMINISTRA\u00c7\u00c3O|38|14|0|52","SEC DE FINAN\u00c7AS|29|3|0|32","SEC DESENVOLVIEMENTO  AGROPECU\u00c1RIO|4|9|0|13","SEC INDUSTRIA E COM\u00c9RCIO|2|5|0|7"]
2025-04-29 16:54:14 - Pergunta 14 (planilha) - dados da linha: ["GABINETE DO PREFEITO","2","6","8","16"]
2025-04-29 16:54:14 - Pergunta 14 (planilha) - dados da linha: ["GABINETE DO VICE PREFEITO","0","1","0","1"]
2025-04-29 16:54:14 - Pergunta 14 (planilha) - dados da linha: ["PROCURADORIA JUR\u00cdDICA","0","3","0","3"]
2025-04-29 16:54:14 - Pergunta 14 (planilha) - dados da linha: ["SEC DE DESENVOLVIMENTO URBANO","40","31","0","71"]
2025-04-29 16:54:15 - Pergunta 14 (planilha) - dados da linha: ["SEC DE ADMINISTRA\u00c7\u00c3O","38","14","0","52"]
2025-04-29 16:54:15 - Pergunta 14 (planilha) - dados da linha: ["SEC DE FINAN\u00c7AS","29","3","0","32"]
2025-04-29 16:54:15 - Pergunta 14 (planilha) - dados da linha: ["SEC DESENVOLVIEMENTO  AGROPECU\u00c1RIO","4","9","0","13"]
2025-04-29 16:54:15 - Pergunta 14 (planilha) - dados da linha: ["SEC INDUSTRIA E COM\u00c9RCIO","2","5","0","7"]
2025-04-29 16:54:15 - Pergunta 14 (planilha) - planilha_data: [{"secretaria":"GABINETE DO PREFEITO","efetivos":"2","comissionados":"6","temporarios":"8","total_parcial":"16"},{"secretaria":"GABINETE DO VICE PREFEITO","efetivos":"0","comissionados":"1","temporarios":"0","total_parcial":"1"},{"secretaria":"PROCURADORIA JUR\u00cdDICA","efetivos":"0","comissionados":"3","temporarios":"0","total_parcial":"3"},{"secretaria":"SEC DE DESENVOLVIMENTO URBANO","efetivos":"40","comissionados":"31","temporarios":"0","total_parcial":"71"},{"secretaria":"SEC DE ADMINISTRA\u00c7\u00c3O","efetivos":"38","comissionados":"14","temporarios":"0","total_parcial":"52"},{"secretaria":"SEC DE FINAN\u00c7AS","efetivos":"29","comissionados":"3","temporarios":"0","total_parcial":"32"},{"secretaria":"SEC DESENVOLVIEMENTO  AGROPECU\u00c1RIO","efetivos":"4","comissionados":"9","temporarios":"0","total_parcial":"13"},{"secretaria":"SEC INDUSTRIA E COM\u00c9RCIO","efetivos":"2","comissionados":"5","temporarios":"0","total_parcial":"7"}]
2025-04-29 16:54:15 - Processando pergunta 4, resposta_valor: Não
2025-04-29 16:54:15 - Pergunta 4 - resposta_sim_nao: Não, eixo_selecionado: , justificativa_valor: 
2025-04-29 16:54:15 - Processando pergunta 5, resposta_valor: Sim
2025-04-29 16:54:15 - Pergunta 5 - resposta_sim_nao: Sim, justificativa_valor: 
2025-04-29 16:54:15 - Processando pergunta 6, resposta_valor: teste
2025-04-29 16:54:15 - Processando pergunta 7, resposta_valor: 
2025-04-29 16:54:15 - Processando pergunta 8, resposta_valor: 
2025-04-29 16:54:15 - Processando pergunta 9, resposta_valor: 
2025-04-29 16:54:20 - Prefeitura ID: 32
2025-04-29 16:54:20 - Total de perguntas recuperadas: 9
2025-04-29 16:54:20 - Respostas recuperadas: {"1":"Primeira-Dama J\u00fabia Patr\u00edcia Arruda Ribeiro","2":"Sim","14":"Secretaria de Sa\u00fade|125|8|87|220","4":"N\u00e3o","5":"Sim","6":"8h","7":"Sim","8":"Disponibilidade dos servidores para conciliar os hor\u00e1rios das atividades laborais e o PCM 2025","9":"Gest\u00e3o de Riscos, \u00c9tica, Transpar\u00eancia\/Ouvidoria e Capacita\u00e7\u00e3o."}
2025-04-29 16:54:20 - Formulário enviado: {"resposta":{"1":"Primeira-Dama J\u00fabia Patr\u00edcia Arruda Ribeiro","2":{"sim_nao":"Sim"},"4":{"sim_nao":"N\u00e3o","eixo":""},"5":"Sim","6":"8h","7":{"sim_nao":"Sim"},"8":"Disponibilidade dos servidores para conciliar os hor\u00e1rios das atividades laborais e o PCM 2025","9":"Gest\u00e3o de Riscos, \u00c9tica, Transpar\u00eancia\/Ouvidoria e Capacita\u00e7\u00e3o."},"justificativa":{"2":"","4":"","5":"","7":""},"secretaria":{"14":["Secretaria de Sa\u00fade","Secretaria de Assist\u00eancia Social "]},"efetivos":{"14":["125","18"]},"comissionados":{"14":["8","12"]},"temporarios":{"14":["87","8"]},"salvar":""}
2025-04-29 16:54:20 - Atualizada resposta para pergunta 1: Primeira-Dama Júbia Patrícia Arruda Ribeiro
2025-04-29 16:54:20 - Atualizada resposta para pergunta 2: Sim
2025-04-29 16:54:20 - Pergunta 14 (planilha) - Resposta gerada: Secretaria de Saúde|125|8|87|220;Secretaria de Assistência Social|18|12|8|38
2025-04-29 16:54:20 - Atualizada resposta para pergunta 14: Secretaria de Saúde|125|8|87|220;Secretaria de Assistência Social|18|12|8|38
2025-04-29 16:54:21 - Atualizada resposta para pergunta 4: Não
2025-04-29 16:54:21 - Atualizada resposta para pergunta 5: Sim
2025-04-29 16:54:21 - Atualizada resposta para pergunta 6: 8h
2025-04-29 16:54:21 - Atualizada resposta para pergunta 7: Sim
2025-04-29 16:54:21 - Atualizada resposta para pergunta 8: Disponibilidade dos servidores para conciliar os horários das atividades laborais e o PCM 2025
2025-04-29 16:54:21 - Atualizada resposta para pergunta 9: Gestão de Riscos, Ética, Transparência/Ouvidoria e Capacitação.
2025-04-29 16:54:21 - Salvamento concluído com sucesso
2025-04-29 16:54:21 - Prefeitura ID: 32
2025-04-29 16:54:21 - Total de perguntas recuperadas: 9
2025-04-29 16:54:21 - Respostas recuperadas: {"1":"Primeira-Dama J\u00fabia Patr\u00edcia Arruda Ribeiro","2":"Sim","14":"Secretaria de Sa\u00fade|125|8|87|220;Secretaria de Assist\u00eancia Social|18|12|8|38","4":"N\u00e3o","5":"Sim","6":"8h","7":"Sim","8":"Disponibilidade dos servidores para conciliar os hor\u00e1rios das atividades laborais e o PCM 2025","9":"Gest\u00e3o de Riscos, \u00c9tica, Transpar\u00eancia\/Ouvidoria e Capacita\u00e7\u00e3o."}
2025-04-29 16:54:21 - Processando pergunta 1, resposta_valor: Primeira-Dama Júbia Patrícia Arruda Ribeiro
2025-04-29 16:54:21 - Processando pergunta 2, resposta_valor: Sim
2025-04-29 16:54:21 - Pergunta 2 - resposta_sim_nao: Sim, justificativa_valor: 
2025-04-29 16:54:21 - Processando pergunta 14, resposta_valor: Secretaria de Saúde|125|8|87|220;Secretaria de Assistência Social|18|12|8|38
2025-04-29 16:54:22 - Pergunta 14 (planilha) - linhas brutas: ["Secretaria de Sa\u00fade|125|8|87|220","Secretaria de Assist\u00eancia Social|18|12|8|38"]
2025-04-29 16:54:22 - Pergunta 14 (planilha) - dados da linha: ["Secretaria de Sa\u00fade","125","8","87","220"]
2025-04-29 16:54:22 - Pergunta 14 (planilha) - dados da linha: ["Secretaria de Assist\u00eancia Social","18","12","8","38"]
2025-04-29 16:54:22 - Pergunta 14 (planilha) - planilha_data: [{"secretaria":"Secretaria de Sa\u00fade","efetivos":"125","comissionados":"8","temporarios":"87","total_parcial":"220"},{"secretaria":"Secretaria de Assist\u00eancia Social","efetivos":"18","comissionados":"12","temporarios":"8","total_parcial":"38"}]
2025-04-29 16:54:22 - Processando pergunta 4, resposta_valor: Não
2025-04-29 16:54:22 - Pergunta 4 - resposta_sim_nao: Não, eixo_selecionado: , justificativa_valor: 
2025-04-29 16:54:22 - Processando pergunta 5, resposta_valor: Sim
2025-04-29 16:54:22 - Pergunta 5 - resposta_sim_nao: Sim, justificativa_valor: 
2025-04-29 16:54:22 - Processando pergunta 6, resposta_valor: 8h
2025-04-29 16:54:22 - Processando pergunta 7, resposta_valor: Sim
2025-04-29 16:54:22 - Pergunta 7 - resposta_sim_nao: Sim, justificativa_valor: 
2025-04-29 16:54:22 - Processando pergunta 8, resposta_valor: Disponibilidade dos servidores para conciliar os horários das atividades laborais e o PCM 2025
2025-04-29 16:54:22 - Pergunta 8 - resposta_valor: Disponibilidade dos servidores para conciliar os horários das atividades laborais e o PCM 2025, outras_respostas_valor: 
2025-04-29 16:54:22 - Processando pergunta 9, resposta_valor: Gestão de Riscos, Ética, Transparência/Ouvidoria e Capacitação.
2025-04-29 16:54:26 - Prefeitura ID: 32
2025-04-29 16:54:27 - Total de perguntas recuperadas: 9
2025-04-29 16:54:27 - Respostas recuperadas: {"1":"Primeira-Dama J\u00fabia Patr\u00edcia Arruda Ribeiro","2":"Sim","14":"Secretaria de Sa\u00fade|125|8|87|220;Secretaria de Assist\u00eancia Social|18|12|8|38","4":"N\u00e3o","5":"Sim","6":"8h","7":"Sim","8":"Disponibilidade dos servidores para conciliar os hor\u00e1rios das atividades laborais e o PCM 2025","9":"Gest\u00e3o de Riscos, \u00c9tica, Transpar\u00eancia\/Ouvidoria e Capacita\u00e7\u00e3o."}
2025-04-29 16:54:27 - Formulário enviado: {"resposta":{"1":"Primeira-Dama J\u00fabia Patr\u00edcia Arruda Ribeiro","2":{"sim_nao":"Sim"},"4":{"sim_nao":"N\u00e3o","eixo":""},"5":"Sim","6":"8h","7":{"sim_nao":"Sim"},"8":"Disponibilidade dos servidores para conciliar os hor\u00e1rios das atividades laborais e o PCM 2025","9":"Gest\u00e3o de Riscos, \u00c9tica, Transpar\u00eancia\/Ouvidoria e Capacita\u00e7\u00e3o."},"justificativa":{"2":"","4":"","5":"","7":""},"secretaria":{"14":["Secretaria de Sa\u00fade","Secretaria de Assist\u00eancia Social"]},"efetivos":{"14":["125","18"]},"comissionados":{"14":["8","12"]},"temporarios":{"14":["87","8"]},"salvar":""}
2025-04-29 16:54:27 - Atualizada resposta para pergunta 1: Primeira-Dama Júbia Patrícia Arruda Ribeiro
2025-04-29 16:54:27 - Atualizada resposta para pergunta 2: Sim
2025-04-29 16:54:27 - Pergunta 14 (planilha) - Resposta gerada: Secretaria de Saúde|125|8|87|220;Secretaria de Assistência Social|18|12|8|38
2025-04-29 16:54:27 - Atualizada resposta para pergunta 14: Secretaria de Saúde|125|8|87|220;Secretaria de Assistência Social|18|12|8|38
2025-04-29 16:54:27 - Atualizada resposta para pergunta 4: Não
2025-04-29 16:54:27 - Atualizada resposta para pergunta 5: Sim
2025-04-29 16:54:27 - Atualizada resposta para pergunta 6: 8h
2025-04-29 16:54:27 - Atualizada resposta para pergunta 7: Sim
2025-04-29 16:54:27 - Atualizada resposta para pergunta 8: Disponibilidade dos servidores para conciliar os horários das atividades laborais e o PCM 2025
2025-04-29 16:54:27 - Atualizada resposta para pergunta 9: Gestão de Riscos, Ética, Transparência/Ouvidoria e Capacitação.
2025-04-29 16:54:27 - Salvamento concluído com sucesso
2025-04-29 16:54:28 - Prefeitura ID: 32
2025-04-29 16:54:28 - Total de perguntas recuperadas: 9
2025-04-29 16:54:28 - Respostas recuperadas: {"1":"Primeira-Dama J\u00fabia Patr\u00edcia Arruda Ribeiro","2":"Sim","14":"Secretaria de Sa\u00fade|125|8|87|220;Secretaria de Assist\u00eancia Social|18|12|8|38","4":"N\u00e3o","5":"Sim","6":"8h","7":"Sim","8":"Disponibilidade dos servidores para conciliar os hor\u00e1rios das atividades laborais e o PCM 2025","9":"Gest\u00e3o de Riscos, \u00c9tica, Transpar\u00eancia\/Ouvidoria e Capacita\u00e7\u00e3o."}
2025-04-29 16:54:28 - Processando pergunta 1, resposta_valor: Primeira-Dama Júbia Patrícia Arruda Ribeiro
2025-04-29 16:54:28 - Processando pergunta 2, resposta_valor: Sim
2025-04-29 16:54:28 - Pergunta 2 - resposta_sim_nao: Sim, justificativa_valor: 
2025-04-29 16:54:28 - Processando pergunta 14, resposta_valor: Secretaria de Saúde|125|8|87|220;Secretaria de Assistência Social|18|12|8|38
2025-04-29 16:54:28 - Pergunta 14 (planilha) - linhas brutas: ["Secretaria de Sa\u00fade|125|8|87|220","Secretaria de Assist\u00eancia Social|18|12|8|38"]
2025-04-29 16:54:28 - Pergunta 14 (planilha) - dados da linha: ["Secretaria de Sa\u00fade","125","8","87","220"]
2025-04-29 16:54:28 - Pergunta 14 (planilha) - dados da linha: ["Secretaria de Assist\u00eancia Social","18","12","8","38"]
2025-04-29 16:54:28 - Pergunta 14 (planilha) - planilha_data: [{"secretaria":"Secretaria de Sa\u00fade","efetivos":"125","comissionados":"8","temporarios":"87","total_parcial":"220"},{"secretaria":"Secretaria de Assist\u00eancia Social","efetivos":"18","comissionados":"12","temporarios":"8","total_parcial":"38"}]
2025-04-29 16:54:28 - Processando pergunta 4, resposta_valor: Não
2025-04-29 16:54:28 - Pergunta 4 - resposta_sim_nao: Não, eixo_selecionado: , justificativa_valor: 
2025-04-29 16:54:28 - Processando pergunta 5, resposta_valor: Sim
2025-04-29 16:54:28 - Pergunta 5 - resposta_sim_nao: Sim, justificativa_valor: 
2025-04-29 16:54:29 - Processando pergunta 6, resposta_valor: 8h
2025-04-29 16:54:29 - Processando pergunta 7, resposta_valor: Sim
2025-04-29 16:54:29 - Pergunta 7 - resposta_sim_nao: Sim, justificativa_valor: 
2025-04-29 16:54:29 - Processando pergunta 8, resposta_valor: Disponibilidade dos servidores para conciliar os horários das atividades laborais e o PCM 2025
2025-04-29 16:54:29 - Pergunta 8 - resposta_valor: Disponibilidade dos servidores para conciliar os horários das atividades laborais e o PCM 2025, outras_respostas_valor: 
2025-04-29 16:54:29 - Processando pergunta 9, resposta_valor: Gestão de Riscos, Ética, Transparência/Ouvidoria e Capacitação.
2025-04-29 16:55:18 - Prefeitura ID: 72
2025-04-29 16:55:18 - Total de perguntas recuperadas: 9
2025-04-29 16:55:18 - Respostas recuperadas: {"1":"O chefe do Poder Executivo teve a iniciativa de inscrever o Munic\u00edpio de Lagoa Santa.\r\nA ideia foi bem recebida pelos servidores, visto que todos sabem da import\u00e2ncia de receber capacita\u00e7\u00f5es especializadas, acompanhamento t\u00e9cnico e apoio na implementa\u00e7\u00e3o de a\u00e7\u00f5es focadas em eixos important\u00edssimos para o desenvolvimento do munic\u00edpio, sendo elas, gest\u00e3o de riscos, \u00e9tica e transpar\u00eancia.","2":"Sim"}
2025-04-29 16:55:18 - Processando pergunta 1, resposta_valor: O chefe do Poder Executivo teve a iniciativa de inscrever o Município de Lagoa Santa.
A ideia foi bem recebida pelos servidores, visto que todos sabem da importância de receber capacitações especializadas, acompanhamento técnico e apoio na implementação de ações focadas em eixos importantíssimos para o desenvolvimento do município, sendo elas, gestão de riscos, ética e transparência.
2025-04-29 16:55:19 - Processando pergunta 2, resposta_valor: Sim
2025-04-29 16:55:19 - Pergunta 2 - resposta_sim_nao: Sim, justificativa_valor: 
2025-04-29 16:55:19 - Processando pergunta 14, resposta_valor: 
2025-04-29 16:55:19 - Processando pergunta 4, resposta_valor: 
2025-04-29 16:55:19 - Processando pergunta 5, resposta_valor: 
2025-04-29 16:55:20 - Processando pergunta 6, resposta_valor: 
2025-04-29 16:55:20 - Processando pergunta 7, resposta_valor: 
2025-04-29 16:55:20 - Processando pergunta 8, resposta_valor: 
2025-04-29 16:55:20 - Processando pergunta 9, resposta_valor: 
2025-04-29 16:55:21 - Prefeitura ID: 72
2025-04-29 16:55:21 - Total de perguntas recuperadas: 9
2025-04-29 16:55:21 - Respostas recuperadas: {"1":"O chefe do Poder Executivo teve a iniciativa de inscrever o Munic\u00edpio de Lagoa Santa.\r\nA ideia foi bem recebida pelos servidores, visto que todos sabem da import\u00e2ncia de receber capacita\u00e7\u00f5es especializadas, acompanhamento t\u00e9cnico e apoio na implementa\u00e7\u00e3o de a\u00e7\u00f5es focadas em eixos important\u00edssimos para o desenvolvimento do munic\u00edpio, sendo elas, gest\u00e3o de riscos, \u00e9tica e transpar\u00eancia.","2":"Sim"}
2025-04-29 16:55:22 - Processando pergunta 1, resposta_valor: O chefe do Poder Executivo teve a iniciativa de inscrever o Município de Lagoa Santa.
A ideia foi bem recebida pelos servidores, visto que todos sabem da importância de receber capacitações especializadas, acompanhamento técnico e apoio na implementação de ações focadas em eixos importantíssimos para o desenvolvimento do município, sendo elas, gestão de riscos, ética e transparência.
2025-04-29 16:55:22 - Processando pergunta 2, resposta_valor: Sim
2025-04-29 16:55:22 - Pergunta 2 - resposta_sim_nao: Sim, justificativa_valor: 
2025-04-29 16:55:22 - Processando pergunta 14, resposta_valor: 
2025-04-29 16:55:22 - Processando pergunta 4, resposta_valor: 
2025-04-29 16:55:23 - Processando pergunta 5, resposta_valor: 
2025-04-29 16:55:23 - Processando pergunta 6, resposta_valor: 
2025-04-29 16:55:23 - Processando pergunta 7, resposta_valor: 
2025-04-29 16:55:23 - Processando pergunta 8, resposta_valor: 
2025-04-29 16:55:23 - Processando pergunta 9, resposta_valor: 
2025-04-29 17:10:53 - Prefeitura ID: 66
2025-04-29 17:10:53 - Total de perguntas recuperadas: 9
2025-04-29 17:10:53 - Respostas recuperadas: {"1":"A iniciativa partiu da empresa IdeiasGov, respons\u00e1vel pelos servi\u00e7os de assessoria em transpar\u00eancia e comunica\u00e7\u00e3o da Prefeitura de Indiara. A proposta foi recebida pelo prefeito e vice-prefeito como uma oportunidade de demonstrar aos cidad\u00e3os a efici\u00eancia com que a transpar\u00eancia p\u00fablica deve ser conduzida.","2":"Sim"}
2025-04-29 17:10:53 - Processando pergunta 1, resposta_valor: A iniciativa partiu da empresa IdeiasGov, responsável pelos serviços de assessoria em transparência e comunicação da Prefeitura de Indiara. A proposta foi recebida pelo prefeito e vice-prefeito como uma oportunidade de demonstrar aos cidadãos a eficiência com que a transparência pública deve ser conduzida.
2025-04-29 17:10:53 - Processando pergunta 2, resposta_valor: Sim
2025-04-29 17:10:53 - Pergunta 2 - resposta_sim_nao: Sim, justificativa_valor: 
2025-04-29 17:10:53 - Processando pergunta 14, resposta_valor: 
2025-04-29 17:10:53 - Processando pergunta 4, resposta_valor: 
2025-04-29 17:10:53 - Processando pergunta 5, resposta_valor: 
2025-04-29 17:10:53 - Processando pergunta 6, resposta_valor: 
2025-04-29 17:10:53 - Processando pergunta 7, resposta_valor: 
2025-04-29 17:10:53 - Processando pergunta 8, resposta_valor: 
2025-04-29 17:10:54 - Processando pergunta 9, resposta_valor: 
2025-04-29 17:11:23 - Prefeitura ID: 66
2025-04-29 17:11:23 - Total de perguntas recuperadas: 9
2025-04-29 17:11:23 - Respostas recuperadas: {"1":"A iniciativa partiu da empresa IdeiasGov, respons\u00e1vel pelos servi\u00e7os de assessoria em transpar\u00eancia e comunica\u00e7\u00e3o da Prefeitura de Indiara. A proposta foi recebida pelo prefeito e vice-prefeito como uma oportunidade de demonstrar aos cidad\u00e3os a efici\u00eancia com que a transpar\u00eancia p\u00fablica deve ser conduzida.","2":"Sim"}
2025-04-29 17:11:23 - Processando pergunta 1, resposta_valor: A iniciativa partiu da empresa IdeiasGov, responsável pelos serviços de assessoria em transparência e comunicação da Prefeitura de Indiara. A proposta foi recebida pelo prefeito e vice-prefeito como uma oportunidade de demonstrar aos cidadãos a eficiência com que a transparência pública deve ser conduzida.
2025-04-29 17:11:23 - Processando pergunta 2, resposta_valor: Sim
2025-04-29 17:11:24 - Pergunta 2 - resposta_sim_nao: Sim, justificativa_valor: 
2025-04-29 17:11:24 - Processando pergunta 14, resposta_valor: 
2025-04-29 17:11:24 - Processando pergunta 4, resposta_valor: 
2025-04-29 17:11:24 - Processando pergunta 5, resposta_valor: 
2025-04-29 17:11:24 - Processando pergunta 6, resposta_valor: 
2025-04-29 17:11:24 - Processando pergunta 7, resposta_valor: 
2025-04-29 17:11:24 - Processando pergunta 8, resposta_valor: 
2025-04-29 17:11:24 - Processando pergunta 9, resposta_valor: 
2025-04-29 17:11:46 - Prefeitura ID: 66
2025-04-29 17:11:46 - Total de perguntas recuperadas: 9
2025-04-29 17:11:46 - Respostas recuperadas: {"1":"A iniciativa partiu da empresa IdeiasGov, respons\u00e1vel pelos servi\u00e7os de assessoria em transpar\u00eancia e comunica\u00e7\u00e3o da Prefeitura de Indiara. A proposta foi recebida pelo prefeito e vice-prefeito como uma oportunidade de demonstrar aos cidad\u00e3os a efici\u00eancia com que a transpar\u00eancia p\u00fablica deve ser conduzida.","2":"Sim"}
2025-04-29 17:11:46 - Processando pergunta 1, resposta_valor: A iniciativa partiu da empresa IdeiasGov, responsável pelos serviços de assessoria em transparência e comunicação da Prefeitura de Indiara. A proposta foi recebida pelo prefeito e vice-prefeito como uma oportunidade de demonstrar aos cidadãos a eficiência com que a transparência pública deve ser conduzida.
2025-04-29 17:11:46 - Processando pergunta 2, resposta_valor: Sim
2025-04-29 17:11:46 - Pergunta 2 - resposta_sim_nao: Sim, justificativa_valor: 
2025-04-29 17:11:46 - Processando pergunta 14, resposta_valor: 
2025-04-29 17:11:46 - Processando pergunta 4, resposta_valor: 
2025-04-29 17:11:46 - Processando pergunta 5, resposta_valor: 
2025-04-29 17:11:46 - Processando pergunta 6, resposta_valor: 
2025-04-29 17:11:46 - Processando pergunta 7, resposta_valor: 
2025-04-29 17:11:46 - Processando pergunta 8, resposta_valor: 
2025-04-29 17:11:46 - Processando pergunta 9, resposta_valor: 
2025-04-29 17:14:57 - Prefeitura ID: 76
2025-04-29 17:14:57 - Total de perguntas recuperadas: 9
2025-04-29 17:14:57 - Respostas recuperadas: {"1":"PARTICIPAMOS TODOS OS ANOS E ESSE ANO O PREDIO E A TRANSPARENCIA DA GEST\u00c3O PUBLICA NOS MOVE","2":"Sim","14":"TREZA|6|7|0|13","4":"N\u00e3o","5":"Sim","6":"4 A 6 HORAS, SE NECESS\u00c1RIO NOS ORGANIZAREMOS PARA MAIS","7":"Sim","8":"A BUSCA PELO MELHOR ENTENDIMENTO DA GEST\u00c3O P\u00daBLICA DE FORMA CORRETA E TRANSPARENTE","9":"PARA QUE O MUNICIPIO CONTINUE SE DESTACANDO E SEGUINDO RIGOROSAMENTE COM TODAS AS LEGISLA\u00c7\u00d5ES VIGENTES JUNTO A GEST\u00c3O , A ETICA E TRANPARENCIA DE UMA GEST\u00c3O PUBLICA DE QUALIDADE"}
2025-04-29 17:14:58 - Processando pergunta 1, resposta_valor: PARTICIPAMOS TODOS OS ANOS E ESSE ANO O PREDIO E A TRANSPARENCIA DA GESTÃO PUBLICA NOS MOVE
2025-04-29 17:14:58 - Processando pergunta 2, resposta_valor: Sim
2025-04-29 17:14:58 - Pergunta 2 - resposta_sim_nao: Sim, justificativa_valor: 
2025-04-29 17:14:58 - Processando pergunta 14, resposta_valor: TREZA|6|7|0|13
2025-04-29 17:14:58 - Pergunta 14 (planilha) - linhas brutas: ["TREZA|6|7|0|13"]
2025-04-29 17:14:59 - Pergunta 14 (planilha) - dados da linha: ["TREZA","6","7","0","13"]
2025-04-29 17:14:59 - Pergunta 14 (planilha) - planilha_data: [{"secretaria":"TREZA","efetivos":"6","comissionados":"7","temporarios":"0","total_parcial":"13"}]
2025-04-29 17:14:59 - Processando pergunta 4, resposta_valor: Não
2025-04-29 17:14:59 - Pergunta 4 - resposta_sim_nao: Não, eixo_selecionado: , justificativa_valor: 
2025-04-29 17:14:59 - Processando pergunta 5, resposta_valor: Sim
2025-04-29 17:15:00 - Pergunta 5 - resposta_sim_nao: Sim, justificativa_valor: 
2025-04-29 17:15:00 - Processando pergunta 6, resposta_valor: 4 A 6 HORAS, SE NECESSÁRIO NOS ORGANIZAREMOS PARA MAIS
2025-04-29 17:15:00 - Processando pergunta 7, resposta_valor: Sim
2025-04-29 17:15:00 - Pergunta 7 - resposta_sim_nao: Sim, justificativa_valor: 
2025-04-29 17:15:01 - Processando pergunta 8, resposta_valor: A BUSCA PELO MELHOR ENTENDIMENTO DA GESTÃO PÚBLICA DE FORMA CORRETA E TRANSPARENTE
2025-04-29 17:15:01 - Pergunta 8 - resposta_valor: A BUSCA PELO MELHOR ENTENDIMENTO DA GESTÃO PÚBLICA DE FORMA CORRETA E TRANSPARENTE, outras_respostas_valor: 
2025-04-29 17:15:01 - Processando pergunta 9, resposta_valor: PARA QUE O MUNICIPIO CONTINUE SE DESTACANDO E SEGUINDO RIGOROSAMENTE COM TODAS AS LEGISLAÇÕES VIGENTES JUNTO A GESTÃO , A ETICA E TRANPARENCIA DE UMA GESTÃO PUBLICA DE QUALIDADE
2025-04-29 17:18:44 - Prefeitura ID: 71
2025-04-29 17:18:45 - Total de perguntas recuperadas: 9
2025-04-29 17:18:45 - Respostas recuperadas: {"1":"A iniciativa de inscrever o munic\u00edpio no Programa de Compliance P\u00fablico Municipal (PCM 2025) partiu do Controlador-Geral do Munic\u00edpio, o senhor Eduardo Dias Martins. Demonstrando vis\u00e3o estrat\u00e9gica e comprometimento com a integridade p\u00fablica, o Controlador-Geral apresentou a proposta ao Secret\u00e1rio de Gest\u00e3o e ao Prefeito, que prontamente acolheram a ideia.\r\nA proposta foi recebida de forma extremamente positiva pela Administra\u00e7\u00e3o Municipal e pelos servidores. Houve um reconhecimento imediato da import\u00e2ncia da ades\u00e3o ao programa, visto como uma oportunidade concreta para fortalecer a transpar\u00eancia, a \u00e9tica e a boa governan\u00e7a no \u00e2mbito municipal. A Administra\u00e7\u00e3o valorizou o compromisso com o aprimoramento cont\u00ednuo da gest\u00e3o p\u00fablica, enquanto os servidores se mostraram motivados diante da perspectiva de capacita\u00e7\u00e3o, crescimento institucional e constru\u00e7\u00e3o de uma cultura organizacional ainda mais alinhada aos princ\u00edpios da legalidade, impessoalidade, moralidade, publicidade e efici\u00eancia.","2":"Sim"}
2025-04-29 17:18:45 - Processando pergunta 1, resposta_valor: A iniciativa de inscrever o município no Programa de Compliance Público Municipal (PCM 2025) partiu do Controlador-Geral do Município, o senhor Eduardo Dias Martins. Demonstrando visão estratégica e comprometimento com a integridade pública, o Controlador-Geral apresentou a proposta ao Secretário de Gestão e ao Prefeito, que prontamente acolheram a ideia.
A proposta foi recebida de forma extremamente positiva pela Administração Municipal e pelos servidores. Houve um reconhecimento imediato da importância da adesão ao programa, visto como uma oportunidade concreta para fortalecer a transparência, a ética e a boa governança no âmbito municipal. A Administração valorizou o compromisso com o aprimoramento contínuo da gestão pública, enquanto os servidores se mostraram motivados diante da perspectiva de capacitação, crescimento institucional e construção de uma cultura organizacional ainda mais alinhada aos princípios da legalidade, impessoalidade, moralidade, publicidade e eficiência.
2025-04-29 17:18:45 - Processando pergunta 2, resposta_valor: Sim
2025-04-29 17:18:45 - Pergunta 2 - resposta_sim_nao: Sim, justificativa_valor: 
2025-04-29 17:18:46 - Processando pergunta 14, resposta_valor: 
2025-04-29 17:18:46 - Processando pergunta 4, resposta_valor: 
2025-04-29 17:18:46 - Processando pergunta 5, resposta_valor: 
2025-04-29 17:18:46 - Processando pergunta 6, resposta_valor: 
2025-04-29 17:18:46 - Processando pergunta 7, resposta_valor: 
2025-04-29 17:18:47 - Processando pergunta 8, resposta_valor: 
2025-04-29 17:18:47 - Processando pergunta 9, resposta_valor: 
2025-04-29 17:24:29 - Prefeitura ID: 34
2025-04-29 17:24:29 - Total de perguntas recuperadas: 9
2025-04-29 17:24:29 - Respostas recuperadas: {"1":"O convite foi enviado ao Chefe de Gabinete do Prefeito e estendido \u00e0 Procuradoria Geral.","2":"Sim","4":"N\u00e3o","5":"Sim","6":"Ideal seriam 2 horas semanais, mas caso haja necessidade, poder\u00e1 se estender a carga hor\u00e1ria","7":"Sim","8":"O maior desafio atual \u00e9 o engajamento dos servidores, apesar de conhecerem a import\u00e2ncia, o empenho e dedica\u00e7\u00e3o para implanta\u00e7\u00e3o das medidas as vezes passam por resist\u00eancias ou mesmo falta de empenho","9":"O munic\u00edpio tem se empenhado em ser modelo de transpar\u00eancia e gest\u00e3o, tendo participado de capacita\u00e7\u00f5es e implantado de algumas medidas. Por saber que o Compliance \u00e9 um programa cont\u00ednuo de melhoria e que a mudan\u00e7a de gest\u00e3o muda pessoas e consequentemente as pol\u00edticas p\u00fablicas, a capacita\u00e7\u00e3o garantiria a continuidade das a\u00e7\u00f5es j\u00e1 implantadas e sua otimiza\u00e7\u00e3o, levando o munic\u00edpio \u00e0 melhoria cont\u00ednua nos eixos de conhecimento."}
2025-04-29 17:24:29 - Processando pergunta 1, resposta_valor: O convite foi enviado ao Chefe de Gabinete do Prefeito e estendido à Procuradoria Geral.
2025-04-29 17:24:29 - Processando pergunta 2, resposta_valor: Sim
2025-04-29 17:24:30 - Pergunta 2 - resposta_sim_nao: Sim, justificativa_valor: 
2025-04-29 17:24:30 - Processando pergunta 14, resposta_valor: 
2025-04-29 17:24:30 - Processando pergunta 4, resposta_valor: Não
2025-04-29 17:24:30 - Pergunta 4 - resposta_sim_nao: Não, eixo_selecionado: , justificativa_valor: 
2025-04-29 17:24:31 - Processando pergunta 5, resposta_valor: Sim
2025-04-29 17:24:31 - Pergunta 5 - resposta_sim_nao: Sim, justificativa_valor: 
2025-04-29 17:24:31 - Processando pergunta 6, resposta_valor: Ideal seriam 2 horas semanais, mas caso haja necessidade, poderá se estender a carga horária
2025-04-29 17:24:31 - Processando pergunta 7, resposta_valor: Sim
2025-04-29 17:24:31 - Pergunta 7 - resposta_sim_nao: Sim, justificativa_valor: 
2025-04-29 17:24:32 - Processando pergunta 8, resposta_valor: O maior desafio atual é o engajamento dos servidores, apesar de conhecerem a importância, o empenho e dedicação para implantação das medidas as vezes passam por resistências ou mesmo falta de empenho
2025-04-29 17:24:32 - Pergunta 8 - resposta_valor: O maior desafio atual é o engajamento dos servidores, apesar de conhecerem a importância, o empenho e dedicação para implantação das medidas as vezes passam por resistências ou mesmo falta de empenho, outras_respostas_valor: 
2025-04-29 17:24:32 - Processando pergunta 9, resposta_valor: O município tem se empenhado em ser modelo de transparência e gestão, tendo participado de capacitações e implantado de algumas medidas. Por saber que o Compliance é um programa contínuo de melhoria e que a mudança de gestão muda pessoas e consequentemente as políticas públicas, a capacitação garantiria a continuidade das ações já implantadas e sua otimização, levando o município à melhoria contínua nos eixos de conhecimento.
2025-04-29 17:26:09 - Prefeitura ID: 54
2025-04-29 17:26:09 - Total de perguntas recuperadas: 9
2025-04-29 17:26:09 - Respostas recuperadas: {"1":"A inscri\u00e7\u00e3o de Turv\u00e2nia-GO no PCM 2025 foi uma iniciativa da equipe do Controle Interno. A administra\u00e7\u00e3o e os servidores receberam a ideia de forma positiva, reconhecendo a import\u00e2ncia de fortalecer a transpar\u00eancia e a efici\u00eancia na gest\u00e3o p\u00fablica.","2":"Sim","14":"SEC DE ADMINISTRA\u00c7\u00c3O|7|26|0|33;ASSIST\u00caNCIA SOCIAL|2|7|0|9;SEC OBRAS|64|26|0|90;FUNDO DE EDUCA\u00c7\u00c3O|84|12|0|96;SA\u00daDE|67|55|26|148;MEIO AMBIENTE|0|3|0|3;SEC FINAN\u00c7AS|1|4|0|5","4":"Sim|Transpar\u00eancia\/Ouvidoria|O eixo Transpar\u00eancia\/Ouvidoria \u00e9 o mais importante para Turv\u00e2nia no PCM 2025 porque fortalece a confian\u00e7a da popula\u00e7\u00e3o, garante o uso correto dos recursos p\u00fablicos e melhora os servi\u00e7os por meio da escuta ativa dos cidad\u00e3os.","5":"Sim","6":"3 HORAS\/DIA","7":"Sim","8":"Os principais desafios identificados foram a concilia\u00e7\u00e3o dos hor\u00e1rios dos servidores com as atividades do PCM 2025 e a necessidade de melhorias na infraestrutura de inform\u00e1tica, como equipamentos adequados para reuni\u00f5es virtuais. Apesar disso, a administra\u00e7\u00e3o e os servidores est\u00e3o comprometidos em superar essas dificuldades, reconhecendo os benef\u00edcios do programa para a gest\u00e3o p\u00fablica.","9":"O munic\u00edpio de Turv\u00e2nia-GO j\u00e1 possui uma Ouvidoria em funcionamento, embora reconhe\u00e7a a necessidade de seu fortalecimento. Al\u00e9m disso, desenvolve a\u00e7\u00f5es de capacita\u00e7\u00e3o de servidores e est\u00e1 iniciando a implementa\u00e7\u00e3o de pr\u00e1ticas de gest\u00e3o de riscos. A participa\u00e7\u00e3o no PCM 2025 ser\u00e1 essencial para aprimorar a \u00e9tica, a transpar\u00eancia e a efici\u00eancia administrativa, consolidando avan\u00e7os j\u00e1 iniciados e elevando a qualidade da gest\u00e3o p\u00fablica."}
2025-04-29 17:26:09 - Processando pergunta 1, resposta_valor: A inscrição de Turvânia-GO no PCM 2025 foi uma iniciativa da equipe do Controle Interno. A administração e os servidores receberam a ideia de forma positiva, reconhecendo a importância de fortalecer a transparência e a eficiência na gestão pública.
2025-04-29 17:26:09 - Processando pergunta 2, resposta_valor: Sim
2025-04-29 17:26:09 - Pergunta 2 - resposta_sim_nao: Sim, justificativa_valor: 
2025-04-29 17:26:09 - Processando pergunta 14, resposta_valor: SEC DE ADMINISTRAÇÃO|7|26|0|33;ASSISTÊNCIA SOCIAL|2|7|0|9;SEC OBRAS|64|26|0|90;FUNDO DE EDUCAÇÃO|84|12|0|96;SAÚDE|67|55|26|148;MEIO AMBIENTE|0|3|0|3;SEC FINANÇAS|1|4|0|5
2025-04-29 17:26:09 - Pergunta 14 (planilha) - linhas brutas: ["SEC DE ADMINISTRA\u00c7\u00c3O|7|26|0|33","ASSIST\u00caNCIA SOCIAL|2|7|0|9","SEC OBRAS|64|26|0|90","FUNDO DE EDUCA\u00c7\u00c3O|84|12|0|96","SA\u00daDE|67|55|26|148","MEIO AMBIENTE|0|3|0|3","SEC FINAN\u00c7AS|1|4|0|5"]
2025-04-29 17:26:09 - Pergunta 14 (planilha) - dados da linha: ["SEC DE ADMINISTRA\u00c7\u00c3O","7","26","0","33"]
2025-04-29 17:26:09 - Pergunta 14 (planilha) - dados da linha: ["ASSIST\u00caNCIA SOCIAL","2","7","0","9"]
2025-04-29 17:26:09 - Pergunta 14 (planilha) - dados da linha: ["SEC OBRAS","64","26","0","90"]
2025-04-29 17:26:09 - Pergunta 14 (planilha) - dados da linha: ["FUNDO DE EDUCA\u00c7\u00c3O","84","12","0","96"]
2025-04-29 17:26:09 - Pergunta 14 (planilha) - dados da linha: ["SA\u00daDE","67","55","26","148"]
2025-04-29 17:26:10 - Pergunta 14 (planilha) - dados da linha: ["MEIO AMBIENTE","0","3","0","3"]
2025-04-29 17:26:10 - Pergunta 14 (planilha) - dados da linha: ["SEC FINAN\u00c7AS","1","4","0","5"]
2025-04-29 17:26:10 - Pergunta 14 (planilha) - planilha_data: [{"secretaria":"SEC DE ADMINISTRA\u00c7\u00c3O","efetivos":"7","comissionados":"26","temporarios":"0","total_parcial":"33"},{"secretaria":"ASSIST\u00caNCIA SOCIAL","efetivos":"2","comissionados":"7","temporarios":"0","total_parcial":"9"},{"secretaria":"SEC OBRAS","efetivos":"64","comissionados":"26","temporarios":"0","total_parcial":"90"},{"secretaria":"FUNDO DE EDUCA\u00c7\u00c3O","efetivos":"84","comissionados":"12","temporarios":"0","total_parcial":"96"},{"secretaria":"SA\u00daDE","efetivos":"67","comissionados":"55","temporarios":"26","total_parcial":"148"},{"secretaria":"MEIO AMBIENTE","efetivos":"0","comissionados":"3","temporarios":"0","total_parcial":"3"},{"secretaria":"SEC FINAN\u00c7AS","efetivos":"1","comissionados":"4","temporarios":"0","total_parcial":"5"}]
2025-04-29 17:26:10 - Processando pergunta 4, resposta_valor: Sim|Transparência/Ouvidoria|O eixo Transparência/Ouvidoria é o mais importante para Turvânia no PCM 2025 porque fortalece a confiança da população, garante o uso correto dos recursos públicos e melhora os serviços por meio da escuta ativa dos cidadãos.
2025-04-29 17:26:10 - Pergunta 4 - resposta_sim_nao: Sim, eixo_selecionado: Transparência/Ouvidoria, justificativa_valor: O eixo Transparência/Ouvidoria é o mais importante para Turvânia no PCM 2025 porque fortalece a confiança da população, garante o uso correto dos recursos públicos e melhora os serviços por meio da escuta ativa dos cidadãos.
2025-04-29 17:26:10 - Processando pergunta 5, resposta_valor: Sim
2025-04-29 17:26:10 - Pergunta 5 - resposta_sim_nao: Sim, justificativa_valor: 
2025-04-29 17:26:10 - Processando pergunta 6, resposta_valor: 3 HORAS/DIA
2025-04-29 17:26:10 - Processando pergunta 7, resposta_valor: Sim
2025-04-29 17:26:10 - Pergunta 7 - resposta_sim_nao: Sim, justificativa_valor: 
2025-04-29 17:26:10 - Processando pergunta 8, resposta_valor: Os principais desafios identificados foram a conciliação dos horários dos servidores com as atividades do PCM 2025 e a necessidade de melhorias na infraestrutura de informática, como equipamentos adequados para reuniões virtuais. Apesar disso, a administração e os servidores estão comprometidos em superar essas dificuldades, reconhecendo os benefícios do programa para a gestão pública.
2025-04-29 17:26:10 - Pergunta 8 - resposta_valor: Os principais desafios identificados foram a conciliação dos horários dos servidores com as atividades do PCM 2025 e a necessidade de melhorias na infraestrutura de informática, como equipamentos adequados para reuniões virtuais. Apesar disso, a administração e os servidores estão comprometidos em superar essas dificuldades, reconhecendo os benefícios do programa para a gestão pública., outras_respostas_valor: 
2025-04-29 17:26:10 - Processando pergunta 9, resposta_valor: O município de Turvânia-GO já possui uma Ouvidoria em funcionamento, embora reconheça a necessidade de seu fortalecimento. Além disso, desenvolve ações de capacitação de servidores e está iniciando a implementação de práticas de gestão de riscos. A participação no PCM 2025 será essencial para aprimorar a ética, a transparência e a eficiência administrativa, consolidando avanços já iniciados e elevando a qualidade da gestão pública.
2025-04-29 17:26:50 - Prefeitura ID: 54
2025-04-29 17:26:50 - Total de perguntas recuperadas: 9
2025-04-29 17:26:50 - Respostas recuperadas: {"1":"A inscri\u00e7\u00e3o de Turv\u00e2nia-GO no PCM 2025 foi uma iniciativa da equipe do Controle Interno. A administra\u00e7\u00e3o e os servidores receberam a ideia de forma positiva, reconhecendo a import\u00e2ncia de fortalecer a transpar\u00eancia e a efici\u00eancia na gest\u00e3o p\u00fablica.","2":"Sim","14":"SEC DE ADMINISTRA\u00c7\u00c3O|7|26|0|33;ASSIST\u00caNCIA SOCIAL|2|7|0|9;SEC OBRAS|64|26|0|90;FUNDO DE EDUCA\u00c7\u00c3O|84|12|0|96;SA\u00daDE|67|55|26|148;MEIO AMBIENTE|0|3|0|3;SEC FINAN\u00c7AS|1|4|0|5","4":"Sim|Transpar\u00eancia\/Ouvidoria|O eixo Transpar\u00eancia\/Ouvidoria \u00e9 o mais importante para Turv\u00e2nia no PCM 2025 porque fortalece a confian\u00e7a da popula\u00e7\u00e3o, garante o uso correto dos recursos p\u00fablicos e melhora os servi\u00e7os por meio da escuta ativa dos cidad\u00e3os.","5":"Sim","6":"3 HORAS\/DIA","7":"Sim","8":"Os principais desafios identificados foram a concilia\u00e7\u00e3o dos hor\u00e1rios dos servidores com as atividades do PCM 2025 e a necessidade de melhorias na infraestrutura de inform\u00e1tica, como equipamentos adequados para reuni\u00f5es virtuais. Apesar disso, a administra\u00e7\u00e3o e os servidores est\u00e3o comprometidos em superar essas dificuldades, reconhecendo os benef\u00edcios do programa para a gest\u00e3o p\u00fablica.","9":"O munic\u00edpio de Turv\u00e2nia-GO j\u00e1 possui uma Ouvidoria em funcionamento, embora reconhe\u00e7a a necessidade de seu fortalecimento. Al\u00e9m disso, desenvolve a\u00e7\u00f5es de capacita\u00e7\u00e3o de servidores e est\u00e1 iniciando a implementa\u00e7\u00e3o de pr\u00e1ticas de gest\u00e3o de riscos. A participa\u00e7\u00e3o no PCM 2025 ser\u00e1 essencial para aprimorar a \u00e9tica, a transpar\u00eancia e a efici\u00eancia administrativa, consolidando avan\u00e7os j\u00e1 iniciados e elevando a qualidade da gest\u00e3o p\u00fablica."}
2025-04-29 17:26:50 - Formulário enviado: {"resposta":{"1":"A inscri\u00e7\u00e3o de Turv\u00e2nia-GO no PCM 2025 foi uma iniciativa da equipe do Controle Interno. A administra\u00e7\u00e3o e os servidores receberam a ideia de forma positiva, reconhecendo a import\u00e2ncia de fortalecer a transpar\u00eancia e a efici\u00eancia na gest\u00e3o p\u00fablica.","2":{"sim_nao":"Sim"},"4":{"sim_nao":"Sim","eixo":"Transpar\u00eancia\/Ouvidoria"},"5":"Sim","6":"3 HORAS\/DIA","7":{"sim_nao":"Sim"},"8":"Os principais desafios identificados foram a concilia\u00e7\u00e3o dos hor\u00e1rios dos servidores com as atividades do PCM 2025 e a necessidade de melhorias na infraestrutura de inform\u00e1tica, como equipamentos adequados para reuni\u00f5es virtuais. Apesar disso, a administra\u00e7\u00e3o e os servidores est\u00e3o comprometidos em superar essas dificuldades, reconhecendo os benef\u00edcios do programa para a gest\u00e3o p\u00fablica.","9":"O munic\u00edpio de Turv\u00e2nia-GO j\u00e1 possui uma Ouvidoria em funcionamento, embora reconhe\u00e7a a necessidade de seu fortalecimento. Al\u00e9m disso, desenvolve a\u00e7\u00f5es de capacita\u00e7\u00e3o de servidores e est\u00e1 iniciando a implementa\u00e7\u00e3o de pr\u00e1ticas de gest\u00e3o de riscos. A participa\u00e7\u00e3o no PCM 2025 ser\u00e1 essencial para aprimorar a \u00e9tica, a transpar\u00eancia e a efici\u00eancia administrativa, consolidando avan\u00e7os j\u00e1 iniciados e elevando a qualidade da gest\u00e3o p\u00fablica."},"justificativa":{"2":"","4":"O eixo Transpar\u00eancia\/Ouvidoria \u00e9 o mais importante para Turv\u00e2nia no PCM 2025 porque fortalece a confian\u00e7a da popula\u00e7\u00e3o, garante o uso correto dos recursos p\u00fablicos e melhora os servi\u00e7os por meio da escuta ativa dos cidad\u00e3os.","5":"","7":""},"secretaria":{"14":["SEC DE ADMINISTRA\u00c7\u00c3O","ASSIST\u00caNCIA SOCIAL","SEC OBRAS","FUNDO DE EDUCA\u00c7\u00c3O","SA\u00daDE","MEIO AMBIENTE","SEC FINAN\u00c7AS"]},"efetivos":{"14":["7","2","64","84","67","0","1"]},"comissionados":{"14":["26","7","26","12","55","3","4"]},"temporarios":{"14":["0","0","0","0","26","0","0"]},"salvar":""}
2025-04-29 17:26:50 - Atualizada resposta para pergunta 1: A inscrição de Turvânia-GO no PCM 2025 foi uma iniciativa da equipe do Controle Interno. A administração e os servidores receberam a ideia de forma positiva, reconhecendo a importância de fortalecer a transparência e a eficiência na gestão pública.
2025-04-29 17:26:51 - Atualizada resposta para pergunta 2: Sim
2025-04-29 17:26:51 - Pergunta 14 (planilha) - Resposta gerada: SEC DE ADMINISTRAÇÃO|7|26|0|33;ASSISTÊNCIA SOCIAL|2|7|0|9;SEC OBRAS|64|26|0|90;FUNDO DE EDUCAÇÃO|84|12|0|96;SAÚDE|67|55|26|148;MEIO AMBIENTE|0|3|0|3;SEC FINANÇAS|1|4|0|5
2025-04-29 17:26:51 - Atualizada resposta para pergunta 14: SEC DE ADMINISTRAÇÃO|7|26|0|33;ASSISTÊNCIA SOCIAL|2|7|0|9;SEC OBRAS|64|26|0|90;FUNDO DE EDUCAÇÃO|84|12|0|96;SAÚDE|67|55|26|148;MEIO AMBIENTE|0|3|0|3;SEC FINANÇAS|1|4|0|5
2025-04-29 17:26:51 - Atualizada resposta para pergunta 4: Sim|Transparência/Ouvidoria|O eixo Transparência/Ouvidoria é o mais importante para Turvânia no PCM 2025 porque fortalece a confiança da população, garante o uso correto dos recursos públicos e melhora os serviços por meio da escuta ativa dos cidadãos.
2025-04-29 17:26:51 - Atualizada resposta para pergunta 5: Sim
2025-04-29 17:26:51 - Atualizada resposta para pergunta 6: 3 HORAS/DIA
2025-04-29 17:26:51 - Atualizada resposta para pergunta 7: Sim
2025-04-29 17:26:51 - Atualizada resposta para pergunta 8: Os principais desafios identificados foram a conciliação dos horários dos servidores com as atividades do PCM 2025 e a necessidade de melhorias na infraestrutura de informática, como equipamentos adequados para reuniões virtuais. Apesar disso, a administração e os servidores estão comprometidos em superar essas dificuldades, reconhecendo os benefícios do programa para a gestão pública.
2025-04-29 17:26:51 - Atualizada resposta para pergunta 9: O município de Turvânia-GO já possui uma Ouvidoria em funcionamento, embora reconheça a necessidade de seu fortalecimento. Além disso, desenvolve ações de capacitação de servidores e está iniciando a implementação de práticas de gestão de riscos. A participação no PCM 2025 será essencial para aprimorar a ética, a transparência e a eficiência administrativa, consolidando avanços já iniciados e elevando a qualidade da gestão pública.
2025-04-29 17:26:51 - Salvamento concluído com sucesso
2025-04-29 17:26:51 - Prefeitura ID: 54
2025-04-29 17:26:51 - Total de perguntas recuperadas: 9
2025-04-29 17:26:51 - Respostas recuperadas: {"1":"A inscri\u00e7\u00e3o de Turv\u00e2nia-GO no PCM 2025 foi uma iniciativa da equipe do Controle Interno. A administra\u00e7\u00e3o e os servidores receberam a ideia de forma positiva, reconhecendo a import\u00e2ncia de fortalecer a transpar\u00eancia e a efici\u00eancia na gest\u00e3o p\u00fablica.","2":"Sim","14":"SEC DE ADMINISTRA\u00c7\u00c3O|7|26|0|33;ASSIST\u00caNCIA SOCIAL|2|7|0|9;SEC OBRAS|64|26|0|90;FUNDO DE EDUCA\u00c7\u00c3O|84|12|0|96;SA\u00daDE|67|55|26|148;MEIO AMBIENTE|0|3|0|3;SEC FINAN\u00c7AS|1|4|0|5","4":"Sim|Transpar\u00eancia\/Ouvidoria|O eixo Transpar\u00eancia\/Ouvidoria \u00e9 o mais importante para Turv\u00e2nia no PCM 2025 porque fortalece a confian\u00e7a da popula\u00e7\u00e3o, garante o uso correto dos recursos p\u00fablicos e melhora os servi\u00e7os por meio da escuta ativa dos cidad\u00e3os.","5":"Sim","6":"3 HORAS\/DIA","7":"Sim","8":"Os principais desafios identificados foram a concilia\u00e7\u00e3o dos hor\u00e1rios dos servidores com as atividades do PCM 2025 e a necessidade de melhorias na infraestrutura de inform\u00e1tica, como equipamentos adequados para reuni\u00f5es virtuais. Apesar disso, a administra\u00e7\u00e3o e os servidores est\u00e3o comprometidos em superar essas dificuldades, reconhecendo os benef\u00edcios do programa para a gest\u00e3o p\u00fablica.","9":"O munic\u00edpio de Turv\u00e2nia-GO j\u00e1 possui uma Ouvidoria em funcionamento, embora reconhe\u00e7a a necessidade de seu fortalecimento. Al\u00e9m disso, desenvolve a\u00e7\u00f5es de capacita\u00e7\u00e3o de servidores e est\u00e1 iniciando a implementa\u00e7\u00e3o de pr\u00e1ticas de gest\u00e3o de riscos. A participa\u00e7\u00e3o no PCM 2025 ser\u00e1 essencial para aprimorar a \u00e9tica, a transpar\u00eancia e a efici\u00eancia administrativa, consolidando avan\u00e7os j\u00e1 iniciados e elevando a qualidade da gest\u00e3o p\u00fablica."}
2025-04-29 17:26:51 - Processando pergunta 1, resposta_valor: A inscrição de Turvânia-GO no PCM 2025 foi uma iniciativa da equipe do Controle Interno. A administração e os servidores receberam a ideia de forma positiva, reconhecendo a importância de fortalecer a transparência e a eficiência na gestão pública.
2025-04-29 17:26:52 - Processando pergunta 2, resposta_valor: Sim
2025-04-29 17:26:52 - Pergunta 2 - resposta_sim_nao: Sim, justificativa_valor: 
2025-04-29 17:26:52 - Processando pergunta 14, resposta_valor: SEC DE ADMINISTRAÇÃO|7|26|0|33;ASSISTÊNCIA SOCIAL|2|7|0|9;SEC OBRAS|64|26|0|90;FUNDO DE EDUCAÇÃO|84|12|0|96;SAÚDE|67|55|26|148;MEIO AMBIENTE|0|3|0|3;SEC FINANÇAS|1|4|0|5
2025-04-29 17:26:52 - Pergunta 14 (planilha) - linhas brutas: ["SEC DE ADMINISTRA\u00c7\u00c3O|7|26|0|33","ASSIST\u00caNCIA SOCIAL|2|7|0|9","SEC OBRAS|64|26|0|90","FUNDO DE EDUCA\u00c7\u00c3O|84|12|0|96","SA\u00daDE|67|55|26|148","MEIO AMBIENTE|0|3|0|3","SEC FINAN\u00c7AS|1|4|0|5"]
2025-04-29 17:26:52 - Pergunta 14 (planilha) - dados da linha: ["SEC DE ADMINISTRA\u00c7\u00c3O","7","26","0","33"]
2025-04-29 17:26:52 - Pergunta 14 (planilha) - dados da linha: ["ASSIST\u00caNCIA SOCIAL","2","7","0","9"]
2025-04-29 17:26:52 - Pergunta 14 (planilha) - dados da linha: ["SEC OBRAS","64","26","0","90"]
2025-04-29 17:26:52 - Pergunta 14 (planilha) - dados da linha: ["FUNDO DE EDUCA\u00c7\u00c3O","84","12","0","96"]
2025-04-29 17:26:52 - Pergunta 14 (planilha) - dados da linha: ["SA\u00daDE","67","55","26","148"]
2025-04-29 17:26:52 - Pergunta 14 (planilha) - dados da linha: ["MEIO AMBIENTE","0","3","0","3"]
2025-04-29 17:26:52 - Pergunta 14 (planilha) - dados da linha: ["SEC FINAN\u00c7AS","1","4","0","5"]
2025-04-29 17:26:52 - Pergunta 14 (planilha) - planilha_data: [{"secretaria":"SEC DE ADMINISTRA\u00c7\u00c3O","efetivos":"7","comissionados":"26","temporarios":"0","total_parcial":"33"},{"secretaria":"ASSIST\u00caNCIA SOCIAL","efetivos":"2","comissionados":"7","temporarios":"0","total_parcial":"9"},{"secretaria":"SEC OBRAS","efetivos":"64","comissionados":"26","temporarios":"0","total_parcial":"90"},{"secretaria":"FUNDO DE EDUCA\u00c7\u00c3O","efetivos":"84","comissionados":"12","temporarios":"0","total_parcial":"96"},{"secretaria":"SA\u00daDE","efetivos":"67","comissionados":"55","temporarios":"26","total_parcial":"148"},{"secretaria":"MEIO AMBIENTE","efetivos":"0","comissionados":"3","temporarios":"0","total_parcial":"3"},{"secretaria":"SEC FINAN\u00c7AS","efetivos":"1","comissionados":"4","temporarios":"0","total_parcial":"5"}]
2025-04-29 17:26:52 - Processando pergunta 4, resposta_valor: Sim|Transparência/Ouvidoria|O eixo Transparência/Ouvidoria é o mais importante para Turvânia no PCM 2025 porque fortalece a confiança da população, garante o uso correto dos recursos públicos e melhora os serviços por meio da escuta ativa dos cidadãos.
2025-04-29 17:26:52 - Pergunta 4 - resposta_sim_nao: Sim, eixo_selecionado: Transparência/Ouvidoria, justificativa_valor: O eixo Transparência/Ouvidoria é o mais importante para Turvânia no PCM 2025 porque fortalece a confiança da população, garante o uso correto dos recursos públicos e melhora os serviços por meio da escuta ativa dos cidadãos.
2025-04-29 17:26:53 - Processando pergunta 5, resposta_valor: Sim
2025-04-29 17:26:53 - Pergunta 5 - resposta_sim_nao: Sim, justificativa_valor: 
2025-04-29 17:26:53 - Processando pergunta 6, resposta_valor: 3 HORAS/DIA
2025-04-29 17:26:53 - Processando pergunta 7, resposta_valor: Sim
2025-04-29 17:26:53 - Pergunta 7 - resposta_sim_nao: Sim, justificativa_valor: 
2025-04-29 17:26:53 - Processando pergunta 8, resposta_valor: Os principais desafios identificados foram a conciliação dos horários dos servidores com as atividades do PCM 2025 e a necessidade de melhorias na infraestrutura de informática, como equipamentos adequados para reuniões virtuais. Apesar disso, a administração e os servidores estão comprometidos em superar essas dificuldades, reconhecendo os benefícios do programa para a gestão pública.
2025-04-29 17:26:53 - Pergunta 8 - resposta_valor: Os principais desafios identificados foram a conciliação dos horários dos servidores com as atividades do PCM 2025 e a necessidade de melhorias na infraestrutura de informática, como equipamentos adequados para reuniões virtuais. Apesar disso, a administração e os servidores estão comprometidos em superar essas dificuldades, reconhecendo os benefícios do programa para a gestão pública., outras_respostas_valor: 
2025-04-29 17:26:53 - Processando pergunta 9, resposta_valor: O município de Turvânia-GO já possui uma Ouvidoria em funcionamento, embora reconheça a necessidade de seu fortalecimento. Além disso, desenvolve ações de capacitação de servidores e está iniciando a implementação de práticas de gestão de riscos. A participação no PCM 2025 será essencial para aprimorar a ética, a transparência e a eficiência administrativa, consolidando avanços já iniciados e elevando a qualidade da gestão pública.
2025-04-29 17:27:10 - Prefeitura ID: 54
2025-04-29 17:27:10 - Total de perguntas recuperadas: 9
2025-04-29 17:27:10 - Respostas recuperadas: {"1":"A inscri\u00e7\u00e3o de Turv\u00e2nia-GO no PCM 2025 foi uma iniciativa da equipe do Controle Interno. A administra\u00e7\u00e3o e os servidores receberam a ideia de forma positiva, reconhecendo a import\u00e2ncia de fortalecer a transpar\u00eancia e a efici\u00eancia na gest\u00e3o p\u00fablica.","2":"Sim","14":"SEC DE ADMINISTRA\u00c7\u00c3O|7|26|0|33;ASSIST\u00caNCIA SOCIAL|2|7|0|9;SEC OBRAS|64|26|0|90;FUNDO DE EDUCA\u00c7\u00c3O|84|12|0|96;SA\u00daDE|67|55|26|148;MEIO AMBIENTE|0|3|0|3;SEC FINAN\u00c7AS|1|4|0|5","4":"Sim|Transpar\u00eancia\/Ouvidoria|O eixo Transpar\u00eancia\/Ouvidoria \u00e9 o mais importante para Turv\u00e2nia no PCM 2025 porque fortalece a confian\u00e7a da popula\u00e7\u00e3o, garante o uso correto dos recursos p\u00fablicos e melhora os servi\u00e7os por meio da escuta ativa dos cidad\u00e3os.","5":"Sim","6":"3 HORAS\/DIA","7":"Sim","8":"Os principais desafios identificados foram a concilia\u00e7\u00e3o dos hor\u00e1rios dos servidores com as atividades do PCM 2025 e a necessidade de melhorias na infraestrutura de inform\u00e1tica, como equipamentos adequados para reuni\u00f5es virtuais. Apesar disso, a administra\u00e7\u00e3o e os servidores est\u00e3o comprometidos em superar essas dificuldades, reconhecendo os benef\u00edcios do programa para a gest\u00e3o p\u00fablica.","9":"O munic\u00edpio de Turv\u00e2nia-GO j\u00e1 possui uma Ouvidoria em funcionamento, embora reconhe\u00e7a a necessidade de seu fortalecimento. Al\u00e9m disso, desenvolve a\u00e7\u00f5es de capacita\u00e7\u00e3o de servidores e est\u00e1 iniciando a implementa\u00e7\u00e3o de pr\u00e1ticas de gest\u00e3o de riscos. A participa\u00e7\u00e3o no PCM 2025 ser\u00e1 essencial para aprimorar a \u00e9tica, a transpar\u00eancia e a efici\u00eancia administrativa, consolidando avan\u00e7os j\u00e1 iniciados e elevando a qualidade da gest\u00e3o p\u00fablica."}
2025-04-29 17:27:11 - Processando pergunta 1, resposta_valor: A inscrição de Turvânia-GO no PCM 2025 foi uma iniciativa da equipe do Controle Interno. A administração e os servidores receberam a ideia de forma positiva, reconhecendo a importância de fortalecer a transparência e a eficiência na gestão pública.
2025-04-29 17:27:11 - Processando pergunta 2, resposta_valor: Sim
2025-04-29 17:27:11 - Pergunta 2 - resposta_sim_nao: Sim, justificativa_valor: 
2025-04-29 17:27:11 - Processando pergunta 14, resposta_valor: SEC DE ADMINISTRAÇÃO|7|26|0|33;ASSISTÊNCIA SOCIAL|2|7|0|9;SEC OBRAS|64|26|0|90;FUNDO DE EDUCAÇÃO|84|12|0|96;SAÚDE|67|55|26|148;MEIO AMBIENTE|0|3|0|3;SEC FINANÇAS|1|4|0|5
2025-04-29 17:27:11 - Pergunta 14 (planilha) - linhas brutas: ["SEC DE ADMINISTRA\u00c7\u00c3O|7|26|0|33","ASSIST\u00caNCIA SOCIAL|2|7|0|9","SEC OBRAS|64|26|0|90","FUNDO DE EDUCA\u00c7\u00c3O|84|12|0|96","SA\u00daDE|67|55|26|148","MEIO AMBIENTE|0|3|0|3","SEC FINAN\u00c7AS|1|4|0|5"]
2025-04-29 17:27:11 - Pergunta 14 (planilha) - dados da linha: ["SEC DE ADMINISTRA\u00c7\u00c3O","7","26","0","33"]
2025-04-29 17:27:11 - Pergunta 14 (planilha) - dados da linha: ["ASSIST\u00caNCIA SOCIAL","2","7","0","9"]
2025-04-29 17:27:11 - Pergunta 14 (planilha) - dados da linha: ["SEC OBRAS","64","26","0","90"]
2025-04-29 17:27:11 - Pergunta 14 (planilha) - dados da linha: ["FUNDO DE EDUCA\u00c7\u00c3O","84","12","0","96"]
2025-04-29 17:27:11 - Pergunta 14 (planilha) - dados da linha: ["SA\u00daDE","67","55","26","148"]
2025-04-29 17:27:11 - Pergunta 14 (planilha) - dados da linha: ["MEIO AMBIENTE","0","3","0","3"]
2025-04-29 17:27:11 - Pergunta 14 (planilha) - dados da linha: ["SEC FINAN\u00c7AS","1","4","0","5"]
2025-04-29 17:27:11 - Pergunta 14 (planilha) - planilha_data: [{"secretaria":"SEC DE ADMINISTRA\u00c7\u00c3O","efetivos":"7","comissionados":"26","temporarios":"0","total_parcial":"33"},{"secretaria":"ASSIST\u00caNCIA SOCIAL","efetivos":"2","comissionados":"7","temporarios":"0","total_parcial":"9"},{"secretaria":"SEC OBRAS","efetivos":"64","comissionados":"26","temporarios":"0","total_parcial":"90"},{"secretaria":"FUNDO DE EDUCA\u00c7\u00c3O","efetivos":"84","comissionados":"12","temporarios":"0","total_parcial":"96"},{"secretaria":"SA\u00daDE","efetivos":"67","comissionados":"55","temporarios":"26","total_parcial":"148"},{"secretaria":"MEIO AMBIENTE","efetivos":"0","comissionados":"3","temporarios":"0","total_parcial":"3"},{"secretaria":"SEC FINAN\u00c7AS","efetivos":"1","comissionados":"4","temporarios":"0","total_parcial":"5"}]
2025-04-29 17:27:11 - Processando pergunta 4, resposta_valor: Sim|Transparência/Ouvidoria|O eixo Transparência/Ouvidoria é o mais importante para Turvânia no PCM 2025 porque fortalece a confiança da população, garante o uso correto dos recursos públicos e melhora os serviços por meio da escuta ativa dos cidadãos.
2025-04-29 17:27:12 - Pergunta 4 - resposta_sim_nao: Sim, eixo_selecionado: Transparência/Ouvidoria, justificativa_valor: O eixo Transparência/Ouvidoria é o mais importante para Turvânia no PCM 2025 porque fortalece a confiança da população, garante o uso correto dos recursos públicos e melhora os serviços por meio da escuta ativa dos cidadãos.
2025-04-29 17:27:12 - Processando pergunta 5, resposta_valor: Sim
2025-04-29 17:27:12 - Pergunta 5 - resposta_sim_nao: Sim, justificativa_valor: 
2025-04-29 17:27:12 - Processando pergunta 6, resposta_valor: 3 HORAS/DIA
2025-04-29 17:27:12 - Processando pergunta 7, resposta_valor: Sim
2025-04-29 17:27:12 - Pergunta 7 - resposta_sim_nao: Sim, justificativa_valor: 
2025-04-29 17:27:12 - Processando pergunta 8, resposta_valor: Os principais desafios identificados foram a conciliação dos horários dos servidores com as atividades do PCM 2025 e a necessidade de melhorias na infraestrutura de informática, como equipamentos adequados para reuniões virtuais. Apesar disso, a administração e os servidores estão comprometidos em superar essas dificuldades, reconhecendo os benefícios do programa para a gestão pública.
2025-04-29 17:27:12 - Pergunta 8 - resposta_valor: Os principais desafios identificados foram a conciliação dos horários dos servidores com as atividades do PCM 2025 e a necessidade de melhorias na infraestrutura de informática, como equipamentos adequados para reuniões virtuais. Apesar disso, a administração e os servidores estão comprometidos em superar essas dificuldades, reconhecendo os benefícios do programa para a gestão pública., outras_respostas_valor: 
2025-04-29 17:27:12 - Processando pergunta 9, resposta_valor: O município de Turvânia-GO já possui uma Ouvidoria em funcionamento, embora reconheça a necessidade de seu fortalecimento. Além disso, desenvolve ações de capacitação de servidores e está iniciando a implementação de práticas de gestão de riscos. A participação no PCM 2025 será essencial para aprimorar a ética, a transparência e a eficiência administrativa, consolidando avanços já iniciados e elevando a qualidade da gestão pública.
2025-04-29 17:27:17 - Prefeitura ID: 54
2025-04-29 17:27:17 - Total de perguntas recuperadas: 9
2025-04-29 17:27:17 - Respostas recuperadas: {"1":"A inscri\u00e7\u00e3o de Turv\u00e2nia-GO no PCM 2025 foi uma iniciativa da equipe do Controle Interno. A administra\u00e7\u00e3o e os servidores receberam a ideia de forma positiva, reconhecendo a import\u00e2ncia de fortalecer a transpar\u00eancia e a efici\u00eancia na gest\u00e3o p\u00fablica.","2":"Sim","14":"SEC DE ADMINISTRA\u00c7\u00c3O|7|26|0|33;ASSIST\u00caNCIA SOCIAL|2|7|0|9;SEC OBRAS|64|26|0|90;FUNDO DE EDUCA\u00c7\u00c3O|84|12|0|96;SA\u00daDE|67|55|26|148;MEIO AMBIENTE|0|3|0|3;SEC FINAN\u00c7AS|1|4|0|5","4":"Sim|Transpar\u00eancia\/Ouvidoria|O eixo Transpar\u00eancia\/Ouvidoria \u00e9 o mais importante para Turv\u00e2nia no PCM 2025 porque fortalece a confian\u00e7a da popula\u00e7\u00e3o, garante o uso correto dos recursos p\u00fablicos e melhora os servi\u00e7os por meio da escuta ativa dos cidad\u00e3os.","5":"Sim","6":"3 HORAS\/DIA","7":"Sim","8":"Os principais desafios identificados foram a concilia\u00e7\u00e3o dos hor\u00e1rios dos servidores com as atividades do PCM 2025 e a necessidade de melhorias na infraestrutura de inform\u00e1tica, como equipamentos adequados para reuni\u00f5es virtuais. Apesar disso, a administra\u00e7\u00e3o e os servidores est\u00e3o comprometidos em superar essas dificuldades, reconhecendo os benef\u00edcios do programa para a gest\u00e3o p\u00fablica.","9":"O munic\u00edpio de Turv\u00e2nia-GO j\u00e1 possui uma Ouvidoria em funcionamento, embora reconhe\u00e7a a necessidade de seu fortalecimento. Al\u00e9m disso, desenvolve a\u00e7\u00f5es de capacita\u00e7\u00e3o de servidores e est\u00e1 iniciando a implementa\u00e7\u00e3o de pr\u00e1ticas de gest\u00e3o de riscos. A participa\u00e7\u00e3o no PCM 2025 ser\u00e1 essencial para aprimorar a \u00e9tica, a transpar\u00eancia e a efici\u00eancia administrativa, consolidando avan\u00e7os j\u00e1 iniciados e elevando a qualidade da gest\u00e3o p\u00fablica."}
2025-04-29 17:27:17 - Formulário enviado: {"resposta":{"1":"A inscri\u00e7\u00e3o de Turv\u00e2nia-GO no PCM 2025 foi uma iniciativa da equipe do Controle Interno. A administra\u00e7\u00e3o e os servidores receberam a ideia de forma positiva, reconhecendo a import\u00e2ncia de fortalecer a transpar\u00eancia e a efici\u00eancia na gest\u00e3o p\u00fablica.","2":{"sim_nao":"Sim"},"4":{"sim_nao":"Sim","eixo":"Transpar\u00eancia\/Ouvidoria"},"5":"Sim","6":"3 HORAS\/DIA","7":{"sim_nao":"Sim"},"8":"Os principais desafios identificados foram a concilia\u00e7\u00e3o dos hor\u00e1rios dos servidores com as atividades do PCM 2025 e a necessidade de melhorias na infraestrutura de inform\u00e1tica, como equipamentos adequados para reuni\u00f5es virtuais. Apesar disso, a administra\u00e7\u00e3o e os servidores est\u00e3o comprometidos em superar essas dificuldades, reconhecendo os benef\u00edcios do programa para a gest\u00e3o p\u00fablica.","9":"O munic\u00edpio de Turv\u00e2nia-GO j\u00e1 possui uma Ouvidoria em funcionamento, embora reconhe\u00e7a a necessidade de seu fortalecimento. Al\u00e9m disso, desenvolve a\u00e7\u00f5es de capacita\u00e7\u00e3o de servidores e est\u00e1 iniciando a implementa\u00e7\u00e3o de pr\u00e1ticas de gest\u00e3o de riscos. A participa\u00e7\u00e3o no PCM 2025 ser\u00e1 essencial para aprimorar a \u00e9tica, a transpar\u00eancia e a efici\u00eancia administrativa, consolidando avan\u00e7os j\u00e1 iniciados e elevando a qualidade da gest\u00e3o p\u00fablica."},"justificativa":{"2":"","4":"O eixo Transpar\u00eancia\/Ouvidoria \u00e9 o mais importante para Turv\u00e2nia no PCM 2025 porque fortalece a confian\u00e7a da popula\u00e7\u00e3o, garante o uso correto dos recursos p\u00fablicos e melhora os servi\u00e7os por meio da escuta ativa dos cidad\u00e3os.","5":"","7":""},"secretaria":{"14":["SEC DE ADMINISTRA\u00c7\u00c3O","ASSIST\u00caNCIA SOCIAL","SEC OBRAS","FUNDO DE EDUCA\u00c7\u00c3O","SA\u00daDE","MEIO AMBIENTE","SEC FINAN\u00c7AS"]},"efetivos":{"14":["7","2","64","84","67","0","1"]},"comissionados":{"14":["26","7","26","12","55","3","4"]},"temporarios":{"14":["0","0","0","0","26","0","0"]},"salvar":""}
2025-04-29 17:27:17 - Atualizada resposta para pergunta 1: A inscrição de Turvânia-GO no PCM 2025 foi uma iniciativa da equipe do Controle Interno. A administração e os servidores receberam a ideia de forma positiva, reconhecendo a importância de fortalecer a transparência e a eficiência na gestão pública.
2025-04-29 17:27:17 - Atualizada resposta para pergunta 2: Sim
2025-04-29 17:27:17 - Pergunta 14 (planilha) - Resposta gerada: SEC DE ADMINISTRAÇÃO|7|26|0|33;ASSISTÊNCIA SOCIAL|2|7|0|9;SEC OBRAS|64|26|0|90;FUNDO DE EDUCAÇÃO|84|12|0|96;SAÚDE|67|55|26|148;MEIO AMBIENTE|0|3|0|3;SEC FINANÇAS|1|4|0|5
2025-04-29 17:27:17 - Atualizada resposta para pergunta 14: SEC DE ADMINISTRAÇÃO|7|26|0|33;ASSISTÊNCIA SOCIAL|2|7|0|9;SEC OBRAS|64|26|0|90;FUNDO DE EDUCAÇÃO|84|12|0|96;SAÚDE|67|55|26|148;MEIO AMBIENTE|0|3|0|3;SEC FINANÇAS|1|4|0|5
2025-04-29 17:27:17 - Atualizada resposta para pergunta 4: Sim|Transparência/Ouvidoria|O eixo Transparência/Ouvidoria é o mais importante para Turvânia no PCM 2025 porque fortalece a confiança da população, garante o uso correto dos recursos públicos e melhora os serviços por meio da escuta ativa dos cidadãos.
2025-04-29 17:27:18 - Atualizada resposta para pergunta 5: Sim
2025-04-29 17:27:18 - Atualizada resposta para pergunta 6: 3 HORAS/DIA
2025-04-29 17:27:18 - Atualizada resposta para pergunta 7: Sim
2025-04-29 17:27:18 - Atualizada resposta para pergunta 8: Os principais desafios identificados foram a conciliação dos horários dos servidores com as atividades do PCM 2025 e a necessidade de melhorias na infraestrutura de informática, como equipamentos adequados para reuniões virtuais. Apesar disso, a administração e os servidores estão comprometidos em superar essas dificuldades, reconhecendo os benefícios do programa para a gestão pública.
2025-04-29 17:27:18 - Atualizada resposta para pergunta 9: O município de Turvânia-GO já possui uma Ouvidoria em funcionamento, embora reconheça a necessidade de seu fortalecimento. Além disso, desenvolve ações de capacitação de servidores e está iniciando a implementação de práticas de gestão de riscos. A participação no PCM 2025 será essencial para aprimorar a ética, a transparência e a eficiência administrativa, consolidando avanços já iniciados e elevando a qualidade da gestão pública.
2025-04-29 17:27:18 - Salvamento concluído com sucesso
2025-04-29 17:27:18 - Prefeitura ID: 54
2025-04-29 17:27:18 - Total de perguntas recuperadas: 9
2025-04-29 17:27:18 - Respostas recuperadas: {"1":"A inscri\u00e7\u00e3o de Turv\u00e2nia-GO no PCM 2025 foi uma iniciativa da equipe do Controle Interno. A administra\u00e7\u00e3o e os servidores receberam a ideia de forma positiva, reconhecendo a import\u00e2ncia de fortalecer a transpar\u00eancia e a efici\u00eancia na gest\u00e3o p\u00fablica.","2":"Sim","14":"SEC DE ADMINISTRA\u00c7\u00c3O|7|26|0|33;ASSIST\u00caNCIA SOCIAL|2|7|0|9;SEC OBRAS|64|26|0|90;FUNDO DE EDUCA\u00c7\u00c3O|84|12|0|96;SA\u00daDE|67|55|26|148;MEIO AMBIENTE|0|3|0|3;SEC FINAN\u00c7AS|1|4|0|5","4":"Sim|Transpar\u00eancia\/Ouvidoria|O eixo Transpar\u00eancia\/Ouvidoria \u00e9 o mais importante para Turv\u00e2nia no PCM 2025 porque fortalece a confian\u00e7a da popula\u00e7\u00e3o, garante o uso correto dos recursos p\u00fablicos e melhora os servi\u00e7os por meio da escuta ativa dos cidad\u00e3os.","5":"Sim","6":"3 HORAS\/DIA","7":"Sim","8":"Os principais desafios identificados foram a concilia\u00e7\u00e3o dos hor\u00e1rios dos servidores com as atividades do PCM 2025 e a necessidade de melhorias na infraestrutura de inform\u00e1tica, como equipamentos adequados para reuni\u00f5es virtuais. Apesar disso, a administra\u00e7\u00e3o e os servidores est\u00e3o comprometidos em superar essas dificuldades, reconhecendo os benef\u00edcios do programa para a gest\u00e3o p\u00fablica.","9":"O munic\u00edpio de Turv\u00e2nia-GO j\u00e1 possui uma Ouvidoria em funcionamento, embora reconhe\u00e7a a necessidade de seu fortalecimento. Al\u00e9m disso, desenvolve a\u00e7\u00f5es de capacita\u00e7\u00e3o de servidores e est\u00e1 iniciando a implementa\u00e7\u00e3o de pr\u00e1ticas de gest\u00e3o de riscos. A participa\u00e7\u00e3o no PCM 2025 ser\u00e1 essencial para aprimorar a \u00e9tica, a transpar\u00eancia e a efici\u00eancia administrativa, consolidando avan\u00e7os j\u00e1 iniciados e elevando a qualidade da gest\u00e3o p\u00fablica."}
2025-04-29 17:27:18 - Processando pergunta 1, resposta_valor: A inscrição de Turvânia-GO no PCM 2025 foi uma iniciativa da equipe do Controle Interno. A administração e os servidores receberam a ideia de forma positiva, reconhecendo a importância de fortalecer a transparência e a eficiência na gestão pública.
2025-04-29 17:27:18 - Processando pergunta 2, resposta_valor: Sim
2025-04-29 17:27:18 - Pergunta 2 - resposta_sim_nao: Sim, justificativa_valor: 
2025-04-29 17:27:18 - Processando pergunta 14, resposta_valor: SEC DE ADMINISTRAÇÃO|7|26|0|33;ASSISTÊNCIA SOCIAL|2|7|0|9;SEC OBRAS|64|26|0|90;FUNDO DE EDUCAÇÃO|84|12|0|96;SAÚDE|67|55|26|148;MEIO AMBIENTE|0|3|0|3;SEC FINANÇAS|1|4|0|5
2025-04-29 17:27:19 - Pergunta 14 (planilha) - linhas brutas: ["SEC DE ADMINISTRA\u00c7\u00c3O|7|26|0|33","ASSIST\u00caNCIA SOCIAL|2|7|0|9","SEC OBRAS|64|26|0|90","FUNDO DE EDUCA\u00c7\u00c3O|84|12|0|96","SA\u00daDE|67|55|26|148","MEIO AMBIENTE|0|3|0|3","SEC FINAN\u00c7AS|1|4|0|5"]
2025-04-29 17:27:19 - Pergunta 14 (planilha) - dados da linha: ["SEC DE ADMINISTRA\u00c7\u00c3O","7","26","0","33"]
2025-04-29 17:27:19 - Pergunta 14 (planilha) - dados da linha: ["ASSIST\u00caNCIA SOCIAL","2","7","0","9"]
2025-04-29 17:27:19 - Pergunta 14 (planilha) - dados da linha: ["SEC OBRAS","64","26","0","90"]
2025-04-29 17:27:19 - Pergunta 14 (planilha) - dados da linha: ["FUNDO DE EDUCA\u00c7\u00c3O","84","12","0","96"]
2025-04-29 17:27:19 - Pergunta 14 (planilha) - dados da linha: ["SA\u00daDE","67","55","26","148"]
2025-04-29 17:27:19 - Pergunta 14 (planilha) - dados da linha: ["MEIO AMBIENTE","0","3","0","3"]
2025-04-29 17:27:19 - Pergunta 14 (planilha) - dados da linha: ["SEC FINAN\u00c7AS","1","4","0","5"]
2025-04-29 17:27:19 - Pergunta 14 (planilha) - planilha_data: [{"secretaria":"SEC DE ADMINISTRA\u00c7\u00c3O","efetivos":"7","comissionados":"26","temporarios":"0","total_parcial":"33"},{"secretaria":"ASSIST\u00caNCIA SOCIAL","efetivos":"2","comissionados":"7","temporarios":"0","total_parcial":"9"},{"secretaria":"SEC OBRAS","efetivos":"64","comissionados":"26","temporarios":"0","total_parcial":"90"},{"secretaria":"FUNDO DE EDUCA\u00c7\u00c3O","efetivos":"84","comissionados":"12","temporarios":"0","total_parcial":"96"},{"secretaria":"SA\u00daDE","efetivos":"67","comissionados":"55","temporarios":"26","total_parcial":"148"},{"secretaria":"MEIO AMBIENTE","efetivos":"0","comissionados":"3","temporarios":"0","total_parcial":"3"},{"secretaria":"SEC FINAN\u00c7AS","efetivos":"1","comissionados":"4","temporarios":"0","total_parcial":"5"}]
2025-04-29 17:27:19 - Processando pergunta 4, resposta_valor: Sim|Transparência/Ouvidoria|O eixo Transparência/Ouvidoria é o mais importante para Turvânia no PCM 2025 porque fortalece a confiança da população, garante o uso correto dos recursos públicos e melhora os serviços por meio da escuta ativa dos cidadãos.
2025-04-29 17:27:19 - Pergunta 4 - resposta_sim_nao: Sim, eixo_selecionado: Transparência/Ouvidoria, justificativa_valor: O eixo Transparência/Ouvidoria é o mais importante para Turvânia no PCM 2025 porque fortalece a confiança da população, garante o uso correto dos recursos públicos e melhora os serviços por meio da escuta ativa dos cidadãos.
2025-04-29 17:27:19 - Processando pergunta 5, resposta_valor: Sim
2025-04-29 17:27:19 - Pergunta 5 - resposta_sim_nao: Sim, justificativa_valor: 
2025-04-29 17:27:19 - Processando pergunta 6, resposta_valor: 3 HORAS/DIA
2025-04-29 17:27:19 - Processando pergunta 7, resposta_valor: Sim
2025-04-29 17:27:20 - Pergunta 7 - resposta_sim_nao: Sim, justificativa_valor: 
2025-04-29 17:27:20 - Processando pergunta 8, resposta_valor: Os principais desafios identificados foram a conciliação dos horários dos servidores com as atividades do PCM 2025 e a necessidade de melhorias na infraestrutura de informática, como equipamentos adequados para reuniões virtuais. Apesar disso, a administração e os servidores estão comprometidos em superar essas dificuldades, reconhecendo os benefícios do programa para a gestão pública.
2025-04-29 17:27:20 - Pergunta 8 - resposta_valor: Os principais desafios identificados foram a conciliação dos horários dos servidores com as atividades do PCM 2025 e a necessidade de melhorias na infraestrutura de informática, como equipamentos adequados para reuniões virtuais. Apesar disso, a administração e os servidores estão comprometidos em superar essas dificuldades, reconhecendo os benefícios do programa para a gestão pública., outras_respostas_valor: 
2025-04-29 17:27:20 - Processando pergunta 9, resposta_valor: O município de Turvânia-GO já possui uma Ouvidoria em funcionamento, embora reconheça a necessidade de seu fortalecimento. Além disso, desenvolve ações de capacitação de servidores e está iniciando a implementação de práticas de gestão de riscos. A participação no PCM 2025 será essencial para aprimorar a ética, a transparência e a eficiência administrativa, consolidando avanços já iniciados e elevando a qualidade da gestão pública.
2025-04-29 17:28:24 - Prefeitura ID: 77
2025-04-29 17:28:25 - Total de perguntas recuperadas: 9
2025-04-29 17:28:25 - Respostas recuperadas: {"1":"FABIANO RIBEIRO DE SOUSA. \r\nBEM RECEBIDA.","2":"Sim"}
2025-04-29 17:28:25 - Processando pergunta 1, resposta_valor: FABIANO RIBEIRO DE SOUSA. 
BEM RECEBIDA.
2025-04-29 17:28:25 - Processando pergunta 2, resposta_valor: Sim
2025-04-29 17:28:26 - Pergunta 2 - resposta_sim_nao: Sim, justificativa_valor: 
2025-04-29 17:28:26 - Processando pergunta 14, resposta_valor: 
2025-04-29 17:28:26 - Processando pergunta 4, resposta_valor: 
2025-04-29 17:28:26 - Processando pergunta 5, resposta_valor: 
2025-04-29 17:28:26 - Processando pergunta 6, resposta_valor: 
2025-04-29 17:28:27 - Processando pergunta 7, resposta_valor: 
2025-04-29 17:28:27 - Processando pergunta 8, resposta_valor: 
2025-04-29 17:28:27 - Processando pergunta 9, resposta_valor: 
2025-04-29 17:28:27 - Prefeitura ID: 77
2025-04-29 17:28:28 - Total de perguntas recuperadas: 9
2025-04-29 17:28:28 - Respostas recuperadas: {"1":"FABIANO RIBEIRO DE SOUSA. \r\nBEM RECEBIDA.","2":"Sim"}
2025-04-29 17:28:28 - Processando pergunta 1, resposta_valor: FABIANO RIBEIRO DE SOUSA. 
BEM RECEBIDA.
2025-04-29 17:28:28 - Processando pergunta 2, resposta_valor: Sim
2025-04-29 17:28:28 - Pergunta 2 - resposta_sim_nao: Sim, justificativa_valor: 
2025-04-29 17:28:29 - Processando pergunta 14, resposta_valor: 
2025-04-29 17:28:29 - Processando pergunta 4, resposta_valor: 
2025-04-29 17:28:29 - Processando pergunta 5, resposta_valor: 
2025-04-29 17:28:29 - Processando pergunta 6, resposta_valor: 
2025-04-29 17:28:29 - Processando pergunta 7, resposta_valor: 
2025-04-29 17:28:30 - Processando pergunta 8, resposta_valor: 
2025-04-29 17:28:30 - Processando pergunta 9, resposta_valor: 
2025-04-29 17:32:07 - Prefeitura ID: 72
2025-04-29 17:32:07 - Total de perguntas recuperadas: 9
2025-04-29 17:32:07 - Respostas recuperadas: {"1":"O chefe do Poder Executivo teve a iniciativa de inscrever o Munic\u00edpio de Lagoa Santa.\r\nA ideia foi bem recebida pelos servidores, visto que todos sabem da import\u00e2ncia de receber capacita\u00e7\u00f5es especializadas, acompanhamento t\u00e9cnico e apoio na implementa\u00e7\u00e3o de a\u00e7\u00f5es focadas em eixos important\u00edssimos para o desenvolvimento do munic\u00edpio, sendo elas, gest\u00e3o de riscos, \u00e9tica e transpar\u00eancia.","2":"Sim"}
2025-04-29 17:32:07 - Processando pergunta 1, resposta_valor: O chefe do Poder Executivo teve a iniciativa de inscrever o Município de Lagoa Santa.
A ideia foi bem recebida pelos servidores, visto que todos sabem da importância de receber capacitações especializadas, acompanhamento técnico e apoio na implementação de ações focadas em eixos importantíssimos para o desenvolvimento do município, sendo elas, gestão de riscos, ética e transparência.
2025-04-29 17:32:07 - Processando pergunta 2, resposta_valor: Sim
2025-04-29 17:32:08 - Pergunta 2 - resposta_sim_nao: Sim, justificativa_valor: 
2025-04-29 17:32:08 - Processando pergunta 14, resposta_valor: 
2025-04-29 17:32:08 - Processando pergunta 4, resposta_valor: 
2025-04-29 17:32:08 - Processando pergunta 5, resposta_valor: 
2025-04-29 17:32:08 - Processando pergunta 6, resposta_valor: 
2025-04-29 17:32:09 - Processando pergunta 7, resposta_valor: 
2025-04-29 17:32:09 - Processando pergunta 8, resposta_valor: 
2025-04-29 17:32:09 - Processando pergunta 9, resposta_valor: 
2025-04-29 17:33:46 - Prefeitura ID: 32
2025-04-29 17:33:46 - Total de perguntas recuperadas: 9
2025-04-29 17:33:46 - Respostas recuperadas: {"1":"Primeira-Dama J\u00fabia Patr\u00edcia Arruda Ribeiro","2":"Sim","14":"Secretaria de Sa\u00fade|125|8|87|220;Secretaria de Assist\u00eancia Social|18|12|8|38","4":"N\u00e3o","5":"Sim","6":"8h","7":"Sim","8":"Disponibilidade dos servidores para conciliar os hor\u00e1rios das atividades laborais e o PCM 2025","9":"Gest\u00e3o de Riscos, \u00c9tica, Transpar\u00eancia\/Ouvidoria e Capacita\u00e7\u00e3o."}
2025-04-29 17:33:46 - Processando pergunta 1, resposta_valor: Primeira-Dama Júbia Patrícia Arruda Ribeiro
2025-04-29 17:33:46 - Processando pergunta 2, resposta_valor: Sim
2025-04-29 17:33:46 - Pergunta 2 - resposta_sim_nao: Sim, justificativa_valor: 
2025-04-29 17:33:46 - Processando pergunta 14, resposta_valor: Secretaria de Saúde|125|8|87|220;Secretaria de Assistência Social|18|12|8|38
2025-04-29 17:33:47 - Pergunta 14 (planilha) - linhas brutas: ["Secretaria de Sa\u00fade|125|8|87|220","Secretaria de Assist\u00eancia Social|18|12|8|38"]
2025-04-29 17:33:47 - Pergunta 14 (planilha) - dados da linha: ["Secretaria de Sa\u00fade","125","8","87","220"]
2025-04-29 17:33:47 - Pergunta 14 (planilha) - dados da linha: ["Secretaria de Assist\u00eancia Social","18","12","8","38"]
2025-04-29 17:33:47 - Pergunta 14 (planilha) - planilha_data: [{"secretaria":"Secretaria de Sa\u00fade","efetivos":"125","comissionados":"8","temporarios":"87","total_parcial":"220"},{"secretaria":"Secretaria de Assist\u00eancia Social","efetivos":"18","comissionados":"12","temporarios":"8","total_parcial":"38"}]
2025-04-29 17:33:47 - Processando pergunta 4, resposta_valor: Não
2025-04-29 17:33:47 - Pergunta 4 - resposta_sim_nao: Não, eixo_selecionado: , justificativa_valor: 
2025-04-29 17:33:47 - Processando pergunta 5, resposta_valor: Sim
2025-04-29 17:33:47 - Pergunta 5 - resposta_sim_nao: Sim, justificativa_valor: 
2025-04-29 17:33:47 - Processando pergunta 6, resposta_valor: 8h
2025-04-29 17:33:47 - Processando pergunta 7, resposta_valor: Sim
2025-04-29 17:33:47 - Pergunta 7 - resposta_sim_nao: Sim, justificativa_valor: 
2025-04-29 17:33:47 - Processando pergunta 8, resposta_valor: Disponibilidade dos servidores para conciliar os horários das atividades laborais e o PCM 2025
2025-04-29 17:33:47 - Pergunta 8 - resposta_valor: Disponibilidade dos servidores para conciliar os horários das atividades laborais e o PCM 2025, outras_respostas_valor: 
2025-04-29 17:33:47 - Processando pergunta 9, resposta_valor: Gestão de Riscos, Ética, Transparência/Ouvidoria e Capacitação.
2025-04-29 17:38:03 - Prefeitura ID: 72
2025-04-29 17:38:03 - Total de perguntas recuperadas: 9
2025-04-29 17:38:03 - Respostas recuperadas: {"1":"O chefe do Poder Executivo teve a iniciativa de inscrever o Munic\u00edpio de Lagoa Santa.\r\nA ideia foi bem recebida pelos servidores, visto que todos sabem da import\u00e2ncia de receber capacita\u00e7\u00f5es especializadas, acompanhamento t\u00e9cnico e apoio na implementa\u00e7\u00e3o de a\u00e7\u00f5es focadas em eixos important\u00edssimos para o desenvolvimento do munic\u00edpio, sendo elas, gest\u00e3o de riscos, \u00e9tica e transpar\u00eancia.","2":"Sim"}
2025-04-29 17:38:03 - Formulário enviado: {"resposta":{"1":"O chefe do Poder Executivo teve a iniciativa de inscrever o Munic\u00edpio de Lagoa Santa.\r\nA ideia foi bem recebida pelos servidores, visto que todos sabem da import\u00e2ncia de receber capacita\u00e7\u00f5es especializadas, acompanhamento t\u00e9cnico e apoio na implementa\u00e7\u00e3o de a\u00e7\u00f5es focadas em eixos important\u00edssimos para o desenvolvimento do munic\u00edpio, sendo elas, gest\u00e3o de riscos, \u00e9tica e transpar\u00eancia.","2":{"sim_nao":"Sim"},"4":{"sim_nao":"N\u00e3o","eixo":""},"5":"Sim","6":"1 hora semanal.","7":{"sim_nao":"Sim"},"8":"O principal desafio \u00e9 identificar servidores capacitados que tenham disponibilidade de participar das capacita\u00e7\u00f5es e atuar desempenhando as fun\u00e7\u00f5es do programa no munic\u00edpio, visto que Lagoa Santa \u00e9 um munic\u00edpio pequeno e consequentemente a m\u00e3o de obra p\u00fablica \u00e9 escassa.","9":"A sele\u00e7\u00e3o de um munic\u00edpio para o Programa de Compliance Municipal (PCM) 2025 \u00e9 motivada por diversos fatores, que incluem a busca por aprimorar a gest\u00e3o p\u00fablica, fortalecer a cultura de integridade e prevenir riscos de corrup\u00e7\u00e3o. A participa\u00e7\u00e3o no PCM 2025 \u00e9 um mecanismo para que os munic\u00edpios possam desenvolver e aprimorar pr\u00e1ticas de compliance, como gest\u00e3o de riscos, \u00e9tica, transpar\u00eancia e ouvidoria, al\u00e9m de promover a capacita\u00e7\u00e3o dos servidores municipais. Sendo as principais raz\u00f5es: Fortalecer a Gest\u00e3o P\u00fablica, Prevenir Riscos de Corrup\u00e7\u00e3o, Promover a \u00c9tica, Aprimorar a Transpar\u00eancia e Ouvidoria, Capacitar os Servidores, Alinhamento com o Compliance Estadual e formar Parcerias Estrat\u00e9gicas. "},"justificativa":{"2":"","4":"","5":"","7":""},"secretaria":{"14":["Esporte e Lazer"]},"efetivos":{"14":["3"]},"comissionados":{"14":["1"]},"temporarios":{"14":["0"]},"salvar":""}
2025-04-29 17:38:04 - Atualizada resposta para pergunta 1: O chefe do Poder Executivo teve a iniciativa de inscrever o Município de Lagoa Santa.
A ideia foi bem recebida pelos servidores, visto que todos sabem da importância de receber capacitações especializadas, acompanhamento técnico e apoio na implementação de ações focadas em eixos importantíssimos para o desenvolvimento do município, sendo elas, gestão de riscos, ética e transparência.
2025-04-29 17:38:04 - Atualizada resposta para pergunta 2: Sim
2025-04-29 17:38:04 - Pergunta 14 (planilha) - Resposta gerada: Esporte e Lazer|3|1|0|4
2025-04-29 17:38:04 - Inserida resposta para pergunta 14: Esporte e Lazer|3|1|0|4
2025-04-29 17:38:04 - Inserida resposta para pergunta 4: Não
2025-04-29 17:38:05 - Inserida resposta para pergunta 5: Sim
2025-04-29 17:38:05 - Inserida resposta para pergunta 6: 1 hora semanal.
2025-04-29 17:38:05 - Inserida resposta para pergunta 7: Sim
2025-04-29 17:38:05 - Inserida resposta para pergunta 8: O principal desafio é identificar servidores capacitados que tenham disponibilidade de participar das capacitações e atuar desempenhando as funções do programa no município, visto que Lagoa Santa é um município pequeno e consequentemente a mão de obra pública é escassa.
2025-04-29 17:38:06 - Inserida resposta para pergunta 9: A seleção de um município para o Programa de Compliance Municipal (PCM) 2025 é motivada por diversos fatores, que incluem a busca por aprimorar a gestão pública, fortalecer a cultura de integridade e prevenir riscos de corrupção. A participação no PCM 2025 é um mecanismo para que os municípios possam desenvolver e aprimorar práticas de compliance, como gestão de riscos, ética, transparência e ouvidoria, além de promover a capacitação dos servidores municipais. Sendo as principais razões: Fortalecer a Gestão Pública, Prevenir Riscos de Corrupção, Promover a Ética, Aprimorar a Transparência e Ouvidoria, Capacitar os Servidores, Alinhamento com o Compliance Estadual e formar Parcerias Estratégicas.
2025-04-29 17:38:06 - Salvamento concluído com sucesso
2025-04-29 17:38:06 - Prefeitura ID: 72
2025-04-29 17:38:06 - Total de perguntas recuperadas: 9
2025-04-29 17:38:06 - Respostas recuperadas: {"1":"O chefe do Poder Executivo teve a iniciativa de inscrever o Munic\u00edpio de Lagoa Santa.\r\nA ideia foi bem recebida pelos servidores, visto que todos sabem da import\u00e2ncia de receber capacita\u00e7\u00f5es especializadas, acompanhamento t\u00e9cnico e apoio na implementa\u00e7\u00e3o de a\u00e7\u00f5es focadas em eixos important\u00edssimos para o desenvolvimento do munic\u00edpio, sendo elas, gest\u00e3o de riscos, \u00e9tica e transpar\u00eancia.","2":"Sim","14":"Esporte e Lazer|3|1|0|4","4":"N\u00e3o","5":"Sim","6":"1 hora semanal.","7":"Sim","8":"O principal desafio \u00e9 identificar servidores capacitados que tenham disponibilidade de participar das capacita\u00e7\u00f5es e atuar desempenhando as fun\u00e7\u00f5es do programa no munic\u00edpio, visto que Lagoa Santa \u00e9 um munic\u00edpio pequeno e consequentemente a m\u00e3o de obra p\u00fablica \u00e9 escassa.","9":"A sele\u00e7\u00e3o de um munic\u00edpio para o Programa de Compliance Municipal (PCM) 2025 \u00e9 motivada por diversos fatores, que incluem a busca por aprimorar a gest\u00e3o p\u00fablica, fortalecer a cultura de integridade e prevenir riscos de corrup\u00e7\u00e3o. A participa\u00e7\u00e3o no PCM 2025 \u00e9 um mecanismo para que os munic\u00edpios possam desenvolver e aprimorar pr\u00e1ticas de compliance, como gest\u00e3o de riscos, \u00e9tica, transpar\u00eancia e ouvidoria, al\u00e9m de promover a capacita\u00e7\u00e3o dos servidores municipais. Sendo as principais raz\u00f5es: Fortalecer a Gest\u00e3o P\u00fablica, Prevenir Riscos de Corrup\u00e7\u00e3o, Promover a \u00c9tica, Aprimorar a Transpar\u00eancia e Ouvidoria, Capacitar os Servidores, Alinhamento com o Compliance Estadual e formar Parcerias Estrat\u00e9gicas."}
2025-04-29 17:38:07 - Processando pergunta 1, resposta_valor: O chefe do Poder Executivo teve a iniciativa de inscrever o Município de Lagoa Santa.
A ideia foi bem recebida pelos servidores, visto que todos sabem da importância de receber capacitações especializadas, acompanhamento técnico e apoio na implementação de ações focadas em eixos importantíssimos para o desenvolvimento do município, sendo elas, gestão de riscos, ética e transparência.
2025-04-29 17:38:07 - Processando pergunta 2, resposta_valor: Sim
2025-04-29 17:38:07 - Pergunta 2 - resposta_sim_nao: Sim, justificativa_valor: 
2025-04-29 17:38:07 - Processando pergunta 14, resposta_valor: Esporte e Lazer|3|1|0|4
2025-04-29 17:38:07 - Pergunta 14 (planilha) - linhas brutas: ["Esporte e Lazer|3|1|0|4"]
2025-04-29 17:38:08 - Pergunta 14 (planilha) - dados da linha: ["Esporte e Lazer","3","1","0","4"]
2025-04-29 17:38:08 - Pergunta 14 (planilha) - planilha_data: [{"secretaria":"Esporte e Lazer","efetivos":"3","comissionados":"1","temporarios":"0","total_parcial":"4"}]
2025-04-29 17:38:08 - Processando pergunta 4, resposta_valor: Não
2025-04-29 17:38:08 - Pergunta 4 - resposta_sim_nao: Não, eixo_selecionado: , justificativa_valor: 
2025-04-29 17:38:08 - Processando pergunta 5, resposta_valor: Sim
2025-04-29 17:38:09 - Pergunta 5 - resposta_sim_nao: Sim, justificativa_valor: 
2025-04-29 17:38:09 - Processando pergunta 6, resposta_valor: 1 hora semanal.
2025-04-29 17:38:09 - Processando pergunta 7, resposta_valor: Sim
2025-04-29 17:38:09 - Pergunta 7 - resposta_sim_nao: Sim, justificativa_valor: 
2025-04-29 17:38:10 - Processando pergunta 8, resposta_valor: O principal desafio é identificar servidores capacitados que tenham disponibilidade de participar das capacitações e atuar desempenhando as funções do programa no município, visto que Lagoa Santa é um município pequeno e consequentemente a mão de obra pública é escassa.
2025-04-29 17:38:10 - Pergunta 8 - resposta_valor: O principal desafio é identificar servidores capacitados que tenham disponibilidade de participar das capacitações e atuar desempenhando as funções do programa no município, visto que Lagoa Santa é um município pequeno e consequentemente a mão de obra pública é escassa., outras_respostas_valor: 
2025-04-29 17:38:10 - Processando pergunta 9, resposta_valor: A seleção de um município para o Programa de Compliance Municipal (PCM) 2025 é motivada por diversos fatores, que incluem a busca por aprimorar a gestão pública, fortalecer a cultura de integridade e prevenir riscos de corrupção. A participação no PCM 2025 é um mecanismo para que os municípios possam desenvolver e aprimorar práticas de compliance, como gestão de riscos, ética, transparência e ouvidoria, além de promover a capacitação dos servidores municipais. Sendo as principais razões: Fortalecer a Gestão Pública, Prevenir Riscos de Corrupção, Promover a Ética, Aprimorar a Transparência e Ouvidoria, Capacitar os Servidores, Alinhamento com o Compliance Estadual e formar Parcerias Estratégicas.
2025-04-29 17:38:10 - Prefeitura ID: 72
2025-04-29 17:38:11 - Total de perguntas recuperadas: 9
2025-04-29 17:38:11 - Respostas recuperadas: {"1":"O chefe do Poder Executivo teve a iniciativa de inscrever o Munic\u00edpio de Lagoa Santa.\r\nA ideia foi bem recebida pelos servidores, visto que todos sabem da import\u00e2ncia de receber capacita\u00e7\u00f5es especializadas, acompanhamento t\u00e9cnico e apoio na implementa\u00e7\u00e3o de a\u00e7\u00f5es focadas em eixos important\u00edssimos para o desenvolvimento do munic\u00edpio, sendo elas, gest\u00e3o de riscos, \u00e9tica e transpar\u00eancia.","2":"Sim","14":"Esporte e Lazer|3|1|0|4","4":"N\u00e3o","5":"Sim","6":"1 hora semanal.","7":"Sim","8":"O principal desafio \u00e9 identificar servidores capacitados que tenham disponibilidade de participar das capacita\u00e7\u00f5es e atuar desempenhando as fun\u00e7\u00f5es do programa no munic\u00edpio, visto que Lagoa Santa \u00e9 um munic\u00edpio pequeno e consequentemente a m\u00e3o de obra p\u00fablica \u00e9 escassa.","9":"A sele\u00e7\u00e3o de um munic\u00edpio para o Programa de Compliance Municipal (PCM) 2025 \u00e9 motivada por diversos fatores, que incluem a busca por aprimorar a gest\u00e3o p\u00fablica, fortalecer a cultura de integridade e prevenir riscos de corrup\u00e7\u00e3o. A participa\u00e7\u00e3o no PCM 2025 \u00e9 um mecanismo para que os munic\u00edpios possam desenvolver e aprimorar pr\u00e1ticas de compliance, como gest\u00e3o de riscos, \u00e9tica, transpar\u00eancia e ouvidoria, al\u00e9m de promover a capacita\u00e7\u00e3o dos servidores municipais. Sendo as principais raz\u00f5es: Fortalecer a Gest\u00e3o P\u00fablica, Prevenir Riscos de Corrup\u00e7\u00e3o, Promover a \u00c9tica, Aprimorar a Transpar\u00eancia e Ouvidoria, Capacitar os Servidores, Alinhamento com o Compliance Estadual e formar Parcerias Estrat\u00e9gicas."}
2025-04-29 17:38:11 - Formulário enviado: {"resposta":{"1":"O chefe do Poder Executivo teve a iniciativa de inscrever o Munic\u00edpio de Lagoa Santa.\r\nA ideia foi bem recebida pelos servidores, visto que todos sabem da import\u00e2ncia de receber capacita\u00e7\u00f5es especializadas, acompanhamento t\u00e9cnico e apoio na implementa\u00e7\u00e3o de a\u00e7\u00f5es focadas em eixos important\u00edssimos para o desenvolvimento do munic\u00edpio, sendo elas, gest\u00e3o de riscos, \u00e9tica e transpar\u00eancia.","2":{"sim_nao":"Sim"},"4":{"sim_nao":"N\u00e3o","eixo":""},"5":"Sim","6":"1 hora semanal.","7":{"sim_nao":"Sim"},"8":"O principal desafio \u00e9 identificar servidores capacitados que tenham disponibilidade de participar das capacita\u00e7\u00f5es e atuar desempenhando as fun\u00e7\u00f5es do programa no munic\u00edpio, visto que Lagoa Santa \u00e9 um munic\u00edpio pequeno e consequentemente a m\u00e3o de obra p\u00fablica \u00e9 escassa.","9":"A sele\u00e7\u00e3o de um munic\u00edpio para o Programa de Compliance Municipal (PCM) 2025 \u00e9 motivada por diversos fatores, que incluem a busca por aprimorar a gest\u00e3o p\u00fablica, fortalecer a cultura de integridade e prevenir riscos de corrup\u00e7\u00e3o. A participa\u00e7\u00e3o no PCM 2025 \u00e9 um mecanismo para que os munic\u00edpios possam desenvolver e aprimorar pr\u00e1ticas de compliance, como gest\u00e3o de riscos, \u00e9tica, transpar\u00eancia e ouvidoria, al\u00e9m de promover a capacita\u00e7\u00e3o dos servidores municipais. Sendo as principais raz\u00f5es: Fortalecer a Gest\u00e3o P\u00fablica, Prevenir Riscos de Corrup\u00e7\u00e3o, Promover a \u00c9tica, Aprimorar a Transpar\u00eancia e Ouvidoria, Capacitar os Servidores, Alinhamento com o Compliance Estadual e formar Parcerias Estrat\u00e9gicas. "},"justificativa":{"2":"","4":"","5":"","7":""},"secretaria":{"14":["Esporte e Lazer"]},"efetivos":{"14":["3"]},"comissionados":{"14":["1"]},"temporarios":{"14":["0"]},"salvar":""}
2025-04-29 17:38:11 - Atualizada resposta para pergunta 1: O chefe do Poder Executivo teve a iniciativa de inscrever o Município de Lagoa Santa.
A ideia foi bem recebida pelos servidores, visto que todos sabem da importância de receber capacitações especializadas, acompanhamento técnico e apoio na implementação de ações focadas em eixos importantíssimos para o desenvolvimento do município, sendo elas, gestão de riscos, ética e transparência.
2025-04-29 17:38:11 - Atualizada resposta para pergunta 2: Sim
2025-04-29 17:38:12 - Pergunta 14 (planilha) - Resposta gerada: Esporte e Lazer|3|1|0|4
2025-04-29 17:38:12 - Atualizada resposta para pergunta 14: Esporte e Lazer|3|1|0|4
2025-04-29 17:38:12 - Atualizada resposta para pergunta 4: Não
2025-04-29 17:38:12 - Atualizada resposta para pergunta 5: Sim
2025-04-29 17:38:12 - Atualizada resposta para pergunta 6: 1 hora semanal.
2025-04-29 17:38:13 - Atualizada resposta para pergunta 7: Sim
2025-04-29 17:38:13 - Atualizada resposta para pergunta 8: O principal desafio é identificar servidores capacitados que tenham disponibilidade de participar das capacitações e atuar desempenhando as funções do programa no município, visto que Lagoa Santa é um município pequeno e consequentemente a mão de obra pública é escassa.
2025-04-29 17:38:13 - Atualizada resposta para pergunta 9: A seleção de um município para o Programa de Compliance Municipal (PCM) 2025 é motivada por diversos fatores, que incluem a busca por aprimorar a gestão pública, fortalecer a cultura de integridade e prevenir riscos de corrupção. A participação no PCM 2025 é um mecanismo para que os municípios possam desenvolver e aprimorar práticas de compliance, como gestão de riscos, ética, transparência e ouvidoria, além de promover a capacitação dos servidores municipais. Sendo as principais razões: Fortalecer a Gestão Pública, Prevenir Riscos de Corrupção, Promover a Ética, Aprimorar a Transparência e Ouvidoria, Capacitar os Servidores, Alinhamento com o Compliance Estadual e formar Parcerias Estratégicas.
2025-04-29 17:38:13 - Salvamento concluído com sucesso
2025-04-29 17:38:14 - Prefeitura ID: 72
2025-04-29 17:38:14 - Total de perguntas recuperadas: 9
2025-04-29 17:38:14 - Respostas recuperadas: {"1":"O chefe do Poder Executivo teve a iniciativa de inscrever o Munic\u00edpio de Lagoa Santa.\r\nA ideia foi bem recebida pelos servidores, visto que todos sabem da import\u00e2ncia de receber capacita\u00e7\u00f5es especializadas, acompanhamento t\u00e9cnico e apoio na implementa\u00e7\u00e3o de a\u00e7\u00f5es focadas em eixos important\u00edssimos para o desenvolvimento do munic\u00edpio, sendo elas, gest\u00e3o de riscos, \u00e9tica e transpar\u00eancia.","2":"Sim","14":"Esporte e Lazer|3|1|0|4","4":"N\u00e3o","5":"Sim","6":"1 hora semanal.","7":"Sim","8":"O principal desafio \u00e9 identificar servidores capacitados que tenham disponibilidade de participar das capacita\u00e7\u00f5es e atuar desempenhando as fun\u00e7\u00f5es do programa no munic\u00edpio, visto que Lagoa Santa \u00e9 um munic\u00edpio pequeno e consequentemente a m\u00e3o de obra p\u00fablica \u00e9 escassa.","9":"A sele\u00e7\u00e3o de um munic\u00edpio para o Programa de Compliance Municipal (PCM) 2025 \u00e9 motivada por diversos fatores, que incluem a busca por aprimorar a gest\u00e3o p\u00fablica, fortalecer a cultura de integridade e prevenir riscos de corrup\u00e7\u00e3o. A participa\u00e7\u00e3o no PCM 2025 \u00e9 um mecanismo para que os munic\u00edpios possam desenvolver e aprimorar pr\u00e1ticas de compliance, como gest\u00e3o de riscos, \u00e9tica, transpar\u00eancia e ouvidoria, al\u00e9m de promover a capacita\u00e7\u00e3o dos servidores municipais. Sendo as principais raz\u00f5es: Fortalecer a Gest\u00e3o P\u00fablica, Prevenir Riscos de Corrup\u00e7\u00e3o, Promover a \u00c9tica, Aprimorar a Transpar\u00eancia e Ouvidoria, Capacitar os Servidores, Alinhamento com o Compliance Estadual e formar Parcerias Estrat\u00e9gicas."}
2025-04-29 17:38:14 - Processando pergunta 1, resposta_valor: O chefe do Poder Executivo teve a iniciativa de inscrever o Município de Lagoa Santa.
A ideia foi bem recebida pelos servidores, visto que todos sabem da importância de receber capacitações especializadas, acompanhamento técnico e apoio na implementação de ações focadas em eixos importantíssimos para o desenvolvimento do município, sendo elas, gestão de riscos, ética e transparência.
2025-04-29 17:38:14 - Processando pergunta 2, resposta_valor: Sim
2025-04-29 17:38:15 - Pergunta 2 - resposta_sim_nao: Sim, justificativa_valor: 
2025-04-29 17:38:15 - Processando pergunta 14, resposta_valor: Esporte e Lazer|3|1|0|4
2025-04-29 17:38:15 - Pergunta 14 (planilha) - linhas brutas: ["Esporte e Lazer|3|1|0|4"]
2025-04-29 17:38:15 - Pergunta 14 (planilha) - dados da linha: ["Esporte e Lazer","3","1","0","4"]
2025-04-29 17:38:15 - Pergunta 14 (planilha) - planilha_data: [{"secretaria":"Esporte e Lazer","efetivos":"3","comissionados":"1","temporarios":"0","total_parcial":"4"}]
2025-04-29 17:38:16 - Processando pergunta 4, resposta_valor: Não
2025-04-29 17:38:16 - Pergunta 4 - resposta_sim_nao: Não, eixo_selecionado: , justificativa_valor: 
2025-04-29 17:38:16 - Processando pergunta 5, resposta_valor: Sim
2025-04-29 17:38:16 - Pergunta 5 - resposta_sim_nao: Sim, justificativa_valor: 
2025-04-29 17:38:16 - Processando pergunta 6, resposta_valor: 1 hora semanal.
2025-04-29 17:38:17 - Processando pergunta 7, resposta_valor: Sim
2025-04-29 17:38:17 - Pergunta 7 - resposta_sim_nao: Sim, justificativa_valor: 
2025-04-29 17:38:17 - Processando pergunta 8, resposta_valor: O principal desafio é identificar servidores capacitados que tenham disponibilidade de participar das capacitações e atuar desempenhando as funções do programa no município, visto que Lagoa Santa é um município pequeno e consequentemente a mão de obra pública é escassa.
2025-04-29 17:38:17 - Pergunta 8 - resposta_valor: O principal desafio é identificar servidores capacitados que tenham disponibilidade de participar das capacitações e atuar desempenhando as funções do programa no município, visto que Lagoa Santa é um município pequeno e consequentemente a mão de obra pública é escassa., outras_respostas_valor: 
2025-04-29 17:38:18 - Processando pergunta 9, resposta_valor: A seleção de um município para o Programa de Compliance Municipal (PCM) 2025 é motivada por diversos fatores, que incluem a busca por aprimorar a gestão pública, fortalecer a cultura de integridade e prevenir riscos de corrupção. A participação no PCM 2025 é um mecanismo para que os municípios possam desenvolver e aprimorar práticas de compliance, como gestão de riscos, ética, transparência e ouvidoria, além de promover a capacitação dos servidores municipais. Sendo as principais razões: Fortalecer a Gestão Pública, Prevenir Riscos de Corrupção, Promover a Ética, Aprimorar a Transparência e Ouvidoria, Capacitar os Servidores, Alinhamento com o Compliance Estadual e formar Parcerias Estratégicas.
2025-04-29 17:38:22 - Prefeitura ID: 34
2025-04-29 17:38:23 - Total de perguntas recuperadas: 9
2025-04-29 17:38:23 - Respostas recuperadas: {"1":"O convite foi enviado ao Chefe de Gabinete do Prefeito e estendido \u00e0 Procuradoria Geral.","2":"Sim","4":"N\u00e3o","5":"Sim","6":"Ideal seriam 2 horas semanais, mas caso haja necessidade, poder\u00e1 se estender a carga hor\u00e1ria","7":"Sim","8":"O maior desafio atual \u00e9 o engajamento dos servidores, apesar de conhecerem a import\u00e2ncia, o empenho e dedica\u00e7\u00e3o para implanta\u00e7\u00e3o das medidas as vezes passam por resist\u00eancias ou mesmo falta de empenho","9":"O munic\u00edpio tem se empenhado em ser modelo de transpar\u00eancia e gest\u00e3o, tendo participado de capacita\u00e7\u00f5es e implantado de algumas medidas. Por saber que o Compliance \u00e9 um programa cont\u00ednuo de melhoria e que a mudan\u00e7a de gest\u00e3o muda pessoas e consequentemente as pol\u00edticas p\u00fablicas, a capacita\u00e7\u00e3o garantiria a continuidade das a\u00e7\u00f5es j\u00e1 implantadas e sua otimiza\u00e7\u00e3o, levando o munic\u00edpio \u00e0 melhoria cont\u00ednua nos eixos de conhecimento."}
2025-04-29 17:38:23 - Processando pergunta 1, resposta_valor: O convite foi enviado ao Chefe de Gabinete do Prefeito e estendido à Procuradoria Geral.
2025-04-29 17:38:23 - Processando pergunta 2, resposta_valor: Sim
2025-04-29 17:38:24 - Pergunta 2 - resposta_sim_nao: Sim, justificativa_valor: 
2025-04-29 17:38:24 - Processando pergunta 14, resposta_valor: 
2025-04-29 17:38:24 - Processando pergunta 4, resposta_valor: Não
2025-04-29 17:38:24 - Pergunta 4 - resposta_sim_nao: Não, eixo_selecionado: , justificativa_valor: 
2025-04-29 17:38:24 - Processando pergunta 5, resposta_valor: Sim
2025-04-29 17:38:25 - Pergunta 5 - resposta_sim_nao: Sim, justificativa_valor: 
2025-04-29 17:38:25 - Processando pergunta 6, resposta_valor: Ideal seriam 2 horas semanais, mas caso haja necessidade, poderá se estender a carga horária
2025-04-29 17:38:25 - Processando pergunta 7, resposta_valor: Sim
2025-04-29 17:38:25 - Pergunta 7 - resposta_sim_nao: Sim, justificativa_valor: 
2025-04-29 17:38:25 - Processando pergunta 8, resposta_valor: O maior desafio atual é o engajamento dos servidores, apesar de conhecerem a importância, o empenho e dedicação para implantação das medidas as vezes passam por resistências ou mesmo falta de empenho
2025-04-29 17:38:26 - Pergunta 8 - resposta_valor: O maior desafio atual é o engajamento dos servidores, apesar de conhecerem a importância, o empenho e dedicação para implantação das medidas as vezes passam por resistências ou mesmo falta de empenho, outras_respostas_valor: 
2025-04-29 17:38:26 - Processando pergunta 9, resposta_valor: O município tem se empenhado em ser modelo de transparência e gestão, tendo participado de capacitações e implantado de algumas medidas. Por saber que o Compliance é um programa contínuo de melhoria e que a mudança de gestão muda pessoas e consequentemente as políticas públicas, a capacitação garantiria a continuidade das ações já implantadas e sua otimização, levando o município à melhoria contínua nos eixos de conhecimento.
2025-04-29 17:38:49 - Prefeitura ID: 72
2025-04-29 17:38:49 - Total de perguntas recuperadas: 9
2025-04-29 17:38:49 - Respostas recuperadas: {"1":"O chefe do Poder Executivo teve a iniciativa de inscrever o Munic\u00edpio de Lagoa Santa.\r\nA ideia foi bem recebida pelos servidores, visto que todos sabem da import\u00e2ncia de receber capacita\u00e7\u00f5es especializadas, acompanhamento t\u00e9cnico e apoio na implementa\u00e7\u00e3o de a\u00e7\u00f5es focadas em eixos important\u00edssimos para o desenvolvimento do munic\u00edpio, sendo elas, gest\u00e3o de riscos, \u00e9tica e transpar\u00eancia.","2":"Sim","14":"Esporte e Lazer|3|1|0|4","4":"N\u00e3o","5":"Sim","6":"1 hora semanal.","7":"Sim","8":"O principal desafio \u00e9 identificar servidores capacitados que tenham disponibilidade de participar das capacita\u00e7\u00f5es e atuar desempenhando as fun\u00e7\u00f5es do programa no munic\u00edpio, visto que Lagoa Santa \u00e9 um munic\u00edpio pequeno e consequentemente a m\u00e3o de obra p\u00fablica \u00e9 escassa.","9":"A sele\u00e7\u00e3o de um munic\u00edpio para o Programa de Compliance Municipal (PCM) 2025 \u00e9 motivada por diversos fatores, que incluem a busca por aprimorar a gest\u00e3o p\u00fablica, fortalecer a cultura de integridade e prevenir riscos de corrup\u00e7\u00e3o. A participa\u00e7\u00e3o no PCM 2025 \u00e9 um mecanismo para que os munic\u00edpios possam desenvolver e aprimorar pr\u00e1ticas de compliance, como gest\u00e3o de riscos, \u00e9tica, transpar\u00eancia e ouvidoria, al\u00e9m de promover a capacita\u00e7\u00e3o dos servidores municipais. Sendo as principais raz\u00f5es: Fortalecer a Gest\u00e3o P\u00fablica, Prevenir Riscos de Corrup\u00e7\u00e3o, Promover a \u00c9tica, Aprimorar a Transpar\u00eancia e Ouvidoria, Capacitar os Servidores, Alinhamento com o Compliance Estadual e formar Parcerias Estrat\u00e9gicas."}
2025-04-29 17:38:50 - Processando pergunta 1, resposta_valor: O chefe do Poder Executivo teve a iniciativa de inscrever o Município de Lagoa Santa.
A ideia foi bem recebida pelos servidores, visto que todos sabem da importância de receber capacitações especializadas, acompanhamento técnico e apoio na implementação de ações focadas em eixos importantíssimos para o desenvolvimento do município, sendo elas, gestão de riscos, ética e transparência.
2025-04-29 17:38:50 - Processando pergunta 2, resposta_valor: Sim
2025-04-29 17:38:50 - Pergunta 2 - resposta_sim_nao: Sim, justificativa_valor: 
2025-04-29 17:38:50 - Processando pergunta 14, resposta_valor: Esporte e Lazer|3|1|0|4
2025-04-29 17:38:50 - Pergunta 14 (planilha) - linhas brutas: ["Esporte e Lazer|3|1|0|4"]
2025-04-29 17:38:51 - Pergunta 14 (planilha) - dados da linha: ["Esporte e Lazer","3","1","0","4"]
2025-04-29 17:38:51 - Pergunta 14 (planilha) - planilha_data: [{"secretaria":"Esporte e Lazer","efetivos":"3","comissionados":"1","temporarios":"0","total_parcial":"4"}]
2025-04-29 17:38:51 - Processando pergunta 4, resposta_valor: Não
2025-04-29 17:38:51 - Pergunta 4 - resposta_sim_nao: Não, eixo_selecionado: , justificativa_valor: 
2025-04-29 17:38:51 - Processando pergunta 5, resposta_valor: Sim
2025-04-29 17:38:52 - Pergunta 5 - resposta_sim_nao: Sim, justificativa_valor: 
2025-04-29 17:38:52 - Processando pergunta 6, resposta_valor: 1 hora semanal.
2025-04-29 17:38:52 - Processando pergunta 7, resposta_valor: Sim
2025-04-29 17:38:52 - Pergunta 7 - resposta_sim_nao: Sim, justificativa_valor: 
2025-04-29 17:38:52 - Processando pergunta 8, resposta_valor: O principal desafio é identificar servidores capacitados que tenham disponibilidade de participar das capacitações e atuar desempenhando as funções do programa no município, visto que Lagoa Santa é um município pequeno e consequentemente a mão de obra pública é escassa.
2025-04-29 17:38:53 - Pergunta 8 - resposta_valor: O principal desafio é identificar servidores capacitados que tenham disponibilidade de participar das capacitações e atuar desempenhando as funções do programa no município, visto que Lagoa Santa é um município pequeno e consequentemente a mão de obra pública é escassa., outras_respostas_valor: 
2025-04-29 17:38:53 - Processando pergunta 9, resposta_valor: A seleção de um município para o Programa de Compliance Municipal (PCM) 2025 é motivada por diversos fatores, que incluem a busca por aprimorar a gestão pública, fortalecer a cultura de integridade e prevenir riscos de corrupção. A participação no PCM 2025 é um mecanismo para que os municípios possam desenvolver e aprimorar práticas de compliance, como gestão de riscos, ética, transparência e ouvidoria, além de promover a capacitação dos servidores municipais. Sendo as principais razões: Fortalecer a Gestão Pública, Prevenir Riscos de Corrupção, Promover a Ética, Aprimorar a Transparência e Ouvidoria, Capacitar os Servidores, Alinhamento com o Compliance Estadual e formar Parcerias Estratégicas.
2025-04-29 17:38:57 - Prefeitura ID: 72
2025-04-29 17:38:57 - Total de perguntas recuperadas: 9
2025-04-29 17:38:57 - Respostas recuperadas: {"1":"O chefe do Poder Executivo teve a iniciativa de inscrever o Munic\u00edpio de Lagoa Santa.\r\nA ideia foi bem recebida pelos servidores, visto que todos sabem da import\u00e2ncia de receber capacita\u00e7\u00f5es especializadas, acompanhamento t\u00e9cnico e apoio na implementa\u00e7\u00e3o de a\u00e7\u00f5es focadas em eixos important\u00edssimos para o desenvolvimento do munic\u00edpio, sendo elas, gest\u00e3o de riscos, \u00e9tica e transpar\u00eancia.","2":"Sim","14":"Esporte e Lazer|3|1|0|4","4":"N\u00e3o","5":"Sim","6":"1 hora semanal.","7":"Sim","8":"O principal desafio \u00e9 identificar servidores capacitados que tenham disponibilidade de participar das capacita\u00e7\u00f5es e atuar desempenhando as fun\u00e7\u00f5es do programa no munic\u00edpio, visto que Lagoa Santa \u00e9 um munic\u00edpio pequeno e consequentemente a m\u00e3o de obra p\u00fablica \u00e9 escassa.","9":"A sele\u00e7\u00e3o de um munic\u00edpio para o Programa de Compliance Municipal (PCM) 2025 \u00e9 motivada por diversos fatores, que incluem a busca por aprimorar a gest\u00e3o p\u00fablica, fortalecer a cultura de integridade e prevenir riscos de corrup\u00e7\u00e3o. A participa\u00e7\u00e3o no PCM 2025 \u00e9 um mecanismo para que os munic\u00edpios possam desenvolver e aprimorar pr\u00e1ticas de compliance, como gest\u00e3o de riscos, \u00e9tica, transpar\u00eancia e ouvidoria, al\u00e9m de promover a capacita\u00e7\u00e3o dos servidores municipais. Sendo as principais raz\u00f5es: Fortalecer a Gest\u00e3o P\u00fablica, Prevenir Riscos de Corrup\u00e7\u00e3o, Promover a \u00c9tica, Aprimorar a Transpar\u00eancia e Ouvidoria, Capacitar os Servidores, Alinhamento com o Compliance Estadual e formar Parcerias Estrat\u00e9gicas."}
2025-04-29 17:38:57 - Processando pergunta 1, resposta_valor: O chefe do Poder Executivo teve a iniciativa de inscrever o Município de Lagoa Santa.
A ideia foi bem recebida pelos servidores, visto que todos sabem da importância de receber capacitações especializadas, acompanhamento técnico e apoio na implementação de ações focadas em eixos importantíssimos para o desenvolvimento do município, sendo elas, gestão de riscos, ética e transparência.
2025-04-29 17:38:58 - Processando pergunta 2, resposta_valor: Sim
2025-04-29 17:38:58 - Pergunta 2 - resposta_sim_nao: Sim, justificativa_valor: 
2025-04-29 17:38:58 - Processando pergunta 14, resposta_valor: Esporte e Lazer|3|1|0|4
2025-04-29 17:38:58 - Pergunta 14 (planilha) - linhas brutas: ["Esporte e Lazer|3|1|0|4"]
2025-04-29 17:38:59 - Pergunta 14 (planilha) - dados da linha: ["Esporte e Lazer","3","1","0","4"]
2025-04-29 17:38:59 - Pergunta 14 (planilha) - planilha_data: [{"secretaria":"Esporte e Lazer","efetivos":"3","comissionados":"1","temporarios":"0","total_parcial":"4"}]
2025-04-29 17:38:59 - Processando pergunta 4, resposta_valor: Não
2025-04-29 17:38:59 - Pergunta 4 - resposta_sim_nao: Não, eixo_selecionado: , justificativa_valor: 
2025-04-29 17:38:59 - Processando pergunta 5, resposta_valor: Sim
2025-04-29 17:39:00 - Pergunta 5 - resposta_sim_nao: Sim, justificativa_valor: 
2025-04-29 17:39:00 - Processando pergunta 6, resposta_valor: 1 hora semanal.
2025-04-29 17:39:00 - Processando pergunta 7, resposta_valor: Sim
2025-04-29 17:39:00 - Pergunta 7 - resposta_sim_nao: Sim, justificativa_valor: 
2025-04-29 17:39:01 - Processando pergunta 8, resposta_valor: O principal desafio é identificar servidores capacitados que tenham disponibilidade de participar das capacitações e atuar desempenhando as funções do programa no município, visto que Lagoa Santa é um município pequeno e consequentemente a mão de obra pública é escassa.
2025-04-29 17:39:01 - Pergunta 8 - resposta_valor: O principal desafio é identificar servidores capacitados que tenham disponibilidade de participar das capacitações e atuar desempenhando as funções do programa no município, visto que Lagoa Santa é um município pequeno e consequentemente a mão de obra pública é escassa., outras_respostas_valor: 
2025-04-29 17:39:01 - Processando pergunta 9, resposta_valor: A seleção de um município para o Programa de Compliance Municipal (PCM) 2025 é motivada por diversos fatores, que incluem a busca por aprimorar a gestão pública, fortalecer a cultura de integridade e prevenir riscos de corrupção. A participação no PCM 2025 é um mecanismo para que os municípios possam desenvolver e aprimorar práticas de compliance, como gestão de riscos, ética, transparência e ouvidoria, além de promover a capacitação dos servidores municipais. Sendo as principais razões: Fortalecer a Gestão Pública, Prevenir Riscos de Corrupção, Promover a Ética, Aprimorar a Transparência e Ouvidoria, Capacitar os Servidores, Alinhamento com o Compliance Estadual e formar Parcerias Estratégicas.
2025-04-29 17:39:06 - Prefeitura ID: 72
2025-04-29 17:39:07 - Total de perguntas recuperadas: 9
2025-04-29 17:39:07 - Respostas recuperadas: {"1":"O chefe do Poder Executivo teve a iniciativa de inscrever o Munic\u00edpio de Lagoa Santa.\r\nA ideia foi bem recebida pelos servidores, visto que todos sabem da import\u00e2ncia de receber capacita\u00e7\u00f5es especializadas, acompanhamento t\u00e9cnico e apoio na implementa\u00e7\u00e3o de a\u00e7\u00f5es focadas em eixos important\u00edssimos para o desenvolvimento do munic\u00edpio, sendo elas, gest\u00e3o de riscos, \u00e9tica e transpar\u00eancia.","2":"Sim","14":"Esporte e Lazer|3|1|0|4","4":"N\u00e3o","5":"Sim","6":"1 hora semanal.","7":"Sim","8":"O principal desafio \u00e9 identificar servidores capacitados que tenham disponibilidade de participar das capacita\u00e7\u00f5es e atuar desempenhando as fun\u00e7\u00f5es do programa no munic\u00edpio, visto que Lagoa Santa \u00e9 um munic\u00edpio pequeno e consequentemente a m\u00e3o de obra p\u00fablica \u00e9 escassa.","9":"A sele\u00e7\u00e3o de um munic\u00edpio para o Programa de Compliance Municipal (PCM) 2025 \u00e9 motivada por diversos fatores, que incluem a busca por aprimorar a gest\u00e3o p\u00fablica, fortalecer a cultura de integridade e prevenir riscos de corrup\u00e7\u00e3o. A participa\u00e7\u00e3o no PCM 2025 \u00e9 um mecanismo para que os munic\u00edpios possam desenvolver e aprimorar pr\u00e1ticas de compliance, como gest\u00e3o de riscos, \u00e9tica, transpar\u00eancia e ouvidoria, al\u00e9m de promover a capacita\u00e7\u00e3o dos servidores municipais. Sendo as principais raz\u00f5es: Fortalecer a Gest\u00e3o P\u00fablica, Prevenir Riscos de Corrup\u00e7\u00e3o, Promover a \u00c9tica, Aprimorar a Transpar\u00eancia e Ouvidoria, Capacitar os Servidores, Alinhamento com o Compliance Estadual e formar Parcerias Estrat\u00e9gicas."}
2025-04-29 17:39:07 - Processando pergunta 1, resposta_valor: O chefe do Poder Executivo teve a iniciativa de inscrever o Município de Lagoa Santa.
A ideia foi bem recebida pelos servidores, visto que todos sabem da importância de receber capacitações especializadas, acompanhamento técnico e apoio na implementação de ações focadas em eixos importantíssimos para o desenvolvimento do município, sendo elas, gestão de riscos, ética e transparência.
2025-04-29 17:39:07 - Processando pergunta 2, resposta_valor: Sim
2025-04-29 17:39:07 - Pergunta 2 - resposta_sim_nao: Sim, justificativa_valor: 
2025-04-29 17:39:08 - Processando pergunta 14, resposta_valor: Esporte e Lazer|3|1|0|4
2025-04-29 17:39:08 - Pergunta 14 (planilha) - linhas brutas: ["Esporte e Lazer|3|1|0|4"]
2025-04-29 17:39:08 - Pergunta 14 (planilha) - dados da linha: ["Esporte e Lazer","3","1","0","4"]
2025-04-29 17:39:08 - Pergunta 14 (planilha) - planilha_data: [{"secretaria":"Esporte e Lazer","efetivos":"3","comissionados":"1","temporarios":"0","total_parcial":"4"}]
2025-04-29 17:39:08 - Processando pergunta 4, resposta_valor: Não
2025-04-29 17:39:09 - Pergunta 4 - resposta_sim_nao: Não, eixo_selecionado: , justificativa_valor: 
2025-04-29 17:39:09 - Processando pergunta 5, resposta_valor: Sim
2025-04-29 17:39:09 - Pergunta 5 - resposta_sim_nao: Sim, justificativa_valor: 
2025-04-29 17:39:09 - Processando pergunta 6, resposta_valor: 1 hora semanal.
2025-04-29 17:39:09 - Processando pergunta 7, resposta_valor: Sim
2025-04-29 17:39:10 - Pergunta 7 - resposta_sim_nao: Sim, justificativa_valor: 
2025-04-29 17:39:10 - Processando pergunta 8, resposta_valor: O principal desafio é identificar servidores capacitados que tenham disponibilidade de participar das capacitações e atuar desempenhando as funções do programa no município, visto que Lagoa Santa é um município pequeno e consequentemente a mão de obra pública é escassa.
2025-04-29 17:39:10 - Pergunta 8 - resposta_valor: O principal desafio é identificar servidores capacitados que tenham disponibilidade de participar das capacitações e atuar desempenhando as funções do programa no município, visto que Lagoa Santa é um município pequeno e consequentemente a mão de obra pública é escassa., outras_respostas_valor: 
2025-04-29 17:39:10 - Processando pergunta 9, resposta_valor: A seleção de um município para o Programa de Compliance Municipal (PCM) 2025 é motivada por diversos fatores, que incluem a busca por aprimorar a gestão pública, fortalecer a cultura de integridade e prevenir riscos de corrupção. A participação no PCM 2025 é um mecanismo para que os municípios possam desenvolver e aprimorar práticas de compliance, como gestão de riscos, ética, transparência e ouvidoria, além de promover a capacitação dos servidores municipais. Sendo as principais razões: Fortalecer a Gestão Pública, Prevenir Riscos de Corrupção, Promover a Ética, Aprimorar a Transparência e Ouvidoria, Capacitar os Servidores, Alinhamento com o Compliance Estadual e formar Parcerias Estratégicas.
2025-04-29 17:50:38 - Prefeitura ID: 72
2025-04-29 17:50:39 - Total de perguntas recuperadas: 9
2025-04-29 17:50:39 - Respostas recuperadas: {"1":"O chefe do Poder Executivo teve a iniciativa de inscrever o Munic\u00edpio de Lagoa Santa.\r\nA ideia foi bem recebida pelos servidores, visto que todos sabem da import\u00e2ncia de receber capacita\u00e7\u00f5es especializadas, acompanhamento t\u00e9cnico e apoio na implementa\u00e7\u00e3o de a\u00e7\u00f5es focadas em eixos important\u00edssimos para o desenvolvimento do munic\u00edpio, sendo elas, gest\u00e3o de riscos, \u00e9tica e transpar\u00eancia.","2":"Sim","14":"Esporte e Lazer|3|1|0|4","4":"N\u00e3o","5":"Sim","6":"1 hora semanal.","7":"Sim","8":"O principal desafio \u00e9 identificar servidores capacitados que tenham disponibilidade de participar das capacita\u00e7\u00f5es e atuar desempenhando as fun\u00e7\u00f5es do programa no munic\u00edpio, visto que Lagoa Santa \u00e9 um munic\u00edpio pequeno e consequentemente a m\u00e3o de obra p\u00fablica \u00e9 escassa.","9":"A sele\u00e7\u00e3o de um munic\u00edpio para o Programa de Compliance Municipal (PCM) 2025 \u00e9 motivada por diversos fatores, que incluem a busca por aprimorar a gest\u00e3o p\u00fablica, fortalecer a cultura de integridade e prevenir riscos de corrup\u00e7\u00e3o. A participa\u00e7\u00e3o no PCM 2025 \u00e9 um mecanismo para que os munic\u00edpios possam desenvolver e aprimorar pr\u00e1ticas de compliance, como gest\u00e3o de riscos, \u00e9tica, transpar\u00eancia e ouvidoria, al\u00e9m de promover a capacita\u00e7\u00e3o dos servidores municipais. Sendo as principais raz\u00f5es: Fortalecer a Gest\u00e3o P\u00fablica, Prevenir Riscos de Corrup\u00e7\u00e3o, Promover a \u00c9tica, Aprimorar a Transpar\u00eancia e Ouvidoria, Capacitar os Servidores, Alinhamento com o Compliance Estadual e formar Parcerias Estrat\u00e9gicas."}
2025-04-29 17:50:39 - Formulário enviado: {"resposta":{"1":"O chefe do Poder Executivo teve a iniciativa de inscrever o Munic\u00edpio de Lagoa Santa.\r\nA ideia foi bem recebida pelos servidores, visto que todos sabem da import\u00e2ncia de receber capacita\u00e7\u00f5es especializadas, acompanhamento t\u00e9cnico e apoio na implementa\u00e7\u00e3o de a\u00e7\u00f5es focadas em eixos important\u00edssimos para o desenvolvimento do munic\u00edpio, sendo elas, gest\u00e3o de riscos, \u00e9tica e transpar\u00eancia.","2":{"sim_nao":"Sim"},"4":{"sim_nao":"N\u00e3o","eixo":""},"5":"Sim","6":"1 hora semanal.","7":{"sim_nao":"Sim"},"8":"O principal desafio \u00e9 identificar servidores capacitados que tenham disponibilidade de participar das capacita\u00e7\u00f5es e atuar desempenhando as fun\u00e7\u00f5es do programa no munic\u00edpio, visto que Lagoa Santa \u00e9 um munic\u00edpio pequeno e consequentemente a m\u00e3o de obra p\u00fablica \u00e9 escassa.","9":"A sele\u00e7\u00e3o de um munic\u00edpio para o Programa de Compliance Municipal (PCM) 2025 \u00e9 motivada por diversos fatores, que incluem a busca por aprimorar a gest\u00e3o p\u00fablica, fortalecer a cultura de integridade e prevenir riscos de corrup\u00e7\u00e3o. A participa\u00e7\u00e3o no PCM 2025 \u00e9 um mecanismo para que os munic\u00edpios possam desenvolver e aprimorar pr\u00e1ticas de compliance, como gest\u00e3o de riscos, \u00e9tica, transpar\u00eancia e ouvidoria, al\u00e9m de promover a capacita\u00e7\u00e3o dos servidores municipais. Sendo as principais raz\u00f5es: Fortalecer a Gest\u00e3o P\u00fablica, Prevenir Riscos de Corrup\u00e7\u00e3o, Promover a \u00c9tica, Aprimorar a Transpar\u00eancia e Ouvidoria, Capacitar os Servidores, Alinhamento com o Compliance Estadual e formar Parcerias Estrat\u00e9gicas."},"justificativa":{"2":"","4":"","5":"","7":""},"secretaria":{"14":["Esporte e Lazer","Gabinete do prefeito","Administra\u00e7\u00e3o","Turismo, Ind\u00fastria, Com\u00e9rcio e Meio Ambiente","Transportes, Obras, A\u00e7\u00e3o Urbana e Agricultura","Planejamento e Finan\u00e7as","Fundeb","Sa\u00fade e Saneamento B\u00e1sico","Assist\u00eancia Social","Fundo Municipal de Educa\u00e7\u00e3o"]},"efetivos":{"14":["0","0","12","4","21","2","22","32","10","31"]},"comissionados":{"14":["3","2","5","2","5","2","0","3","1","2"]},"temporarios":{"14":["0","2","3","0","23","0","0","7","7","0"]},"salvar":""}
2025-04-29 17:50:39 - Atualizada resposta para pergunta 1: O chefe do Poder Executivo teve a iniciativa de inscrever o Município de Lagoa Santa.
A ideia foi bem recebida pelos servidores, visto que todos sabem da importância de receber capacitações especializadas, acompanhamento técnico e apoio na implementação de ações focadas em eixos importantíssimos para o desenvolvimento do município, sendo elas, gestão de riscos, ética e transparência.
2025-04-29 17:50:39 - Atualizada resposta para pergunta 2: Sim
2025-04-29 17:50:40 - Pergunta 14 (planilha) - Resposta gerada: Esporte e Lazer|0|3|0|3;Gabinete do prefeito|0|2|2|4;Administração|12|5|3|20;Turismo, Indústria, Comércio e Meio Ambiente|4|2|0|6;Transportes, Obras, Ação Urbana e Agricultura|21|5|23|49;Planejamento e Finanças|2|2|0|4;Fundeb|22|0|0|22;Saúde e Saneamento Básico|32|3|7|42;Assistência Social|10|1|7|18;Fundo Municipal de Educação|31|2|0|33
2025-04-29 17:50:40 - Atualizada resposta para pergunta 14: Esporte e Lazer|0|3|0|3;Gabinete do prefeito|0|2|2|4;Administração|12|5|3|20;Turismo, Indústria, Comércio e Meio Ambiente|4|2|0|6;Transportes, Obras, Ação Urbana e Agricultura|21|5|23|49;Planejamento e Finanças|2|2|0|4;Fundeb|22|0|0|22;Saúde e Saneamento Básico|32|3|7|42;Assistência Social|10|1|7|18;Fundo Municipal de Educação|31|2|0|33
2025-04-29 17:50:40 - Atualizada resposta para pergunta 4: Não
2025-04-29 17:50:40 - Atualizada resposta para pergunta 5: Sim
2025-04-29 17:50:40 - Atualizada resposta para pergunta 6: 1 hora semanal.
2025-04-29 17:50:41 - Atualizada resposta para pergunta 7: Sim
2025-04-29 17:50:41 - Atualizada resposta para pergunta 8: O principal desafio é identificar servidores capacitados que tenham disponibilidade de participar das capacitações e atuar desempenhando as funções do programa no município, visto que Lagoa Santa é um município pequeno e consequentemente a mão de obra pública é escassa.
2025-04-29 17:50:41 - Atualizada resposta para pergunta 9: A seleção de um município para o Programa de Compliance Municipal (PCM) 2025 é motivada por diversos fatores, que incluem a busca por aprimorar a gestão pública, fortalecer a cultura de integridade e prevenir riscos de corrupção. A participação no PCM 2025 é um mecanismo para que os municípios possam desenvolver e aprimorar práticas de compliance, como gestão de riscos, ética, transparência e ouvidoria, além de promover a capacitação dos servidores municipais. Sendo as principais razões: Fortalecer a Gestão Pública, Prevenir Riscos de Corrupção, Promover a Ética, Aprimorar a Transparência e Ouvidoria, Capacitar os Servidores, Alinhamento com o Compliance Estadual e formar Parcerias Estratégicas.
2025-04-29 17:50:41 - Salvamento concluído com sucesso
2025-04-29 17:50:41 - Prefeitura ID: 72
2025-04-29 17:50:42 - Total de perguntas recuperadas: 9
2025-04-29 17:50:42 - Respostas recuperadas: {"1":"O chefe do Poder Executivo teve a iniciativa de inscrever o Munic\u00edpio de Lagoa Santa.\r\nA ideia foi bem recebida pelos servidores, visto que todos sabem da import\u00e2ncia de receber capacita\u00e7\u00f5es especializadas, acompanhamento t\u00e9cnico e apoio na implementa\u00e7\u00e3o de a\u00e7\u00f5es focadas em eixos important\u00edssimos para o desenvolvimento do munic\u00edpio, sendo elas, gest\u00e3o de riscos, \u00e9tica e transpar\u00eancia.","2":"Sim","14":"Esporte e Lazer|0|3|0|3;Gabinete do prefeito|0|2|2|4;Administra\u00e7\u00e3o|12|5|3|20;Turismo, Ind\u00fastria, Com\u00e9rcio e Meio Ambiente|4|2|0|6;Transportes, Obras, A\u00e7\u00e3o Urbana e Agricultura|21|5|23|49;Planejamento e Finan\u00e7as|2|2|0|4;Fundeb|22|0|0|22;Sa\u00fade e Saneamento B\u00e1sico|32|3|7|42;Assist\u00eancia Social|10|1|7|18;Fundo Municipal de Educa\u00e7\u00e3o|31|2|0|33","4":"N\u00e3o","5":"Sim","6":"1 hora semanal.","7":"Sim","8":"O principal desafio \u00e9 identificar servidores capacitados que tenham disponibilidade de participar das capacita\u00e7\u00f5es e atuar desempenhando as fun\u00e7\u00f5es do programa no munic\u00edpio, visto que Lagoa Santa \u00e9 um munic\u00edpio pequeno e consequentemente a m\u00e3o de obra p\u00fablica \u00e9 escassa.","9":"A sele\u00e7\u00e3o de um munic\u00edpio para o Programa de Compliance Municipal (PCM) 2025 \u00e9 motivada por diversos fatores, que incluem a busca por aprimorar a gest\u00e3o p\u00fablica, fortalecer a cultura de integridade e prevenir riscos de corrup\u00e7\u00e3o. A participa\u00e7\u00e3o no PCM 2025 \u00e9 um mecanismo para que os munic\u00edpios possam desenvolver e aprimorar pr\u00e1ticas de compliance, como gest\u00e3o de riscos, \u00e9tica, transpar\u00eancia e ouvidoria, al\u00e9m de promover a capacita\u00e7\u00e3o dos servidores municipais. Sendo as principais raz\u00f5es: Fortalecer a Gest\u00e3o P\u00fablica, Prevenir Riscos de Corrup\u00e7\u00e3o, Promover a \u00c9tica, Aprimorar a Transpar\u00eancia e Ouvidoria, Capacitar os Servidores, Alinhamento com o Compliance Estadual e formar Parcerias Estrat\u00e9gicas."}
2025-04-29 17:50:42 - Processando pergunta 1, resposta_valor: O chefe do Poder Executivo teve a iniciativa de inscrever o Município de Lagoa Santa.
A ideia foi bem recebida pelos servidores, visto que todos sabem da importância de receber capacitações especializadas, acompanhamento técnico e apoio na implementação de ações focadas em eixos importantíssimos para o desenvolvimento do município, sendo elas, gestão de riscos, ética e transparência.
2025-04-29 17:50:42 - Processando pergunta 2, resposta_valor: Sim
2025-04-29 17:50:43 - Pergunta 2 - resposta_sim_nao: Sim, justificativa_valor: 
2025-04-29 17:50:43 - Processando pergunta 14, resposta_valor: Esporte e Lazer|0|3|0|3;Gabinete do prefeito|0|2|2|4;Administração|12|5|3|20;Turismo, Indústria, Comércio e Meio Ambiente|4|2|0|6;Transportes, Obras, Ação Urbana e Agricultura|21|5|23|49;Planejamento e Finanças|2|2|0|4;Fundeb|22|0|0|22;Saúde e Saneamento Básico|32|3|7|42;Assistência Social|10|1|7|18;Fundo Municipal de Educação|31|2|0|33
2025-04-29 17:50:43 - Pergunta 14 (planilha) - linhas brutas: ["Esporte e Lazer|0|3|0|3","Gabinete do prefeito|0|2|2|4","Administra\u00e7\u00e3o|12|5|3|20","Turismo, Ind\u00fastria, Com\u00e9rcio e Meio Ambiente|4|2|0|6","Transportes, Obras, A\u00e7\u00e3o Urbana e Agricultura|21|5|23|49","Planejamento e Finan\u00e7as|2|2|0|4","Fundeb|22|0|0|22","Sa\u00fade e Saneamento B\u00e1sico|32|3|7|42","Assist\u00eancia Social|10|1|7|18","Fundo Municipal de Educa\u00e7\u00e3o|31|2|0|33"]
2025-04-29 17:50:43 - Pergunta 14 (planilha) - dados da linha: ["Esporte e Lazer","0","3","0","3"]
2025-04-29 17:50:43 - Pergunta 14 (planilha) - dados da linha: ["Gabinete do prefeito","0","2","2","4"]
2025-04-29 17:50:44 - Pergunta 14 (planilha) - dados da linha: ["Administra\u00e7\u00e3o","12","5","3","20"]
2025-04-29 17:50:44 - Pergunta 14 (planilha) - dados da linha: ["Turismo, Ind\u00fastria, Com\u00e9rcio e Meio Ambiente","4","2","0","6"]
2025-04-29 17:50:44 - Pergunta 14 (planilha) - dados da linha: ["Transportes, Obras, A\u00e7\u00e3o Urbana e Agricultura","21","5","23","49"]
2025-04-29 17:50:44 - Pergunta 14 (planilha) - dados da linha: ["Planejamento e Finan\u00e7as","2","2","0","4"]
2025-04-29 17:50:44 - Pergunta 14 (planilha) - dados da linha: ["Fundeb","22","0","0","22"]
2025-04-29 17:50:45 - Pergunta 14 (planilha) - dados da linha: ["Sa\u00fade e Saneamento B\u00e1sico","32","3","7","42"]
2025-04-29 17:50:45 - Pergunta 14 (planilha) - dados da linha: ["Assist\u00eancia Social","10","1","7","18"]
2025-04-29 17:50:45 - Pergunta 14 (planilha) - dados da linha: ["Fundo Municipal de Educa\u00e7\u00e3o","31","2","0","33"]
2025-04-29 17:50:45 - Pergunta 14 (planilha) - planilha_data: [{"secretaria":"Esporte e Lazer","efetivos":"0","comissionados":"3","temporarios":"0","total_parcial":"3"},{"secretaria":"Gabinete do prefeito","efetivos":"0","comissionados":"2","temporarios":"2","total_parcial":"4"},{"secretaria":"Administra\u00e7\u00e3o","efetivos":"12","comissionados":"5","temporarios":"3","total_parcial":"20"},{"secretaria":"Turismo, Ind\u00fastria, Com\u00e9rcio e Meio Ambiente","efetivos":"4","comissionados":"2","temporarios":"0","total_parcial":"6"},{"secretaria":"Transportes, Obras, A\u00e7\u00e3o Urbana e Agricultura","efetivos":"21","comissionados":"5","temporarios":"23","total_parcial":"49"},{"secretaria":"Planejamento e Finan\u00e7as","efetivos":"2","comissionados":"2","temporarios":"0","total_parcial":"4"},{"secretaria":"Fundeb","efetivos":"22","comissionados":"0","temporarios":"0","total_parcial":"22"},{"secretaria":"Sa\u00fade e Saneamento B\u00e1sico","efetivos":"32","comissionados":"3","temporarios":"7","total_parcial":"42"},{"secretaria":"Assist\u00eancia Social","efetivos":"10","comissionados":"1","temporarios":"7","total_parcial":"18"},{"secretaria":"Fundo Municipal de Educa\u00e7\u00e3o","efetivos":"31","comissionados":"2","temporarios":"0","total_parcial":"33"}]
2025-04-29 17:50:45 - Processando pergunta 4, resposta_valor: Não
2025-04-29 17:50:46 - Pergunta 4 - resposta_sim_nao: Não, eixo_selecionado: , justificativa_valor: 
2025-04-29 17:50:46 - Processando pergunta 5, resposta_valor: Sim
2025-04-29 17:50:46 - Pergunta 5 - resposta_sim_nao: Sim, justificativa_valor: 
2025-04-29 17:50:46 - Processando pergunta 6, resposta_valor: 1 hora semanal.
2025-04-29 17:50:47 - Processando pergunta 7, resposta_valor: Sim
2025-04-29 17:50:47 - Pergunta 7 - resposta_sim_nao: Sim, justificativa_valor: 
2025-04-29 17:50:47 - Processando pergunta 8, resposta_valor: O principal desafio é identificar servidores capacitados que tenham disponibilidade de participar das capacitações e atuar desempenhando as funções do programa no município, visto que Lagoa Santa é um município pequeno e consequentemente a mão de obra pública é escassa.
2025-04-29 17:50:47 - Pergunta 8 - resposta_valor: O principal desafio é identificar servidores capacitados que tenham disponibilidade de participar das capacitações e atuar desempenhando as funções do programa no município, visto que Lagoa Santa é um município pequeno e consequentemente a mão de obra pública é escassa., outras_respostas_valor: 
2025-04-29 17:50:47 - Processando pergunta 9, resposta_valor: A seleção de um município para o Programa de Compliance Municipal (PCM) 2025 é motivada por diversos fatores, que incluem a busca por aprimorar a gestão pública, fortalecer a cultura de integridade e prevenir riscos de corrupção. A participação no PCM 2025 é um mecanismo para que os municípios possam desenvolver e aprimorar práticas de compliance, como gestão de riscos, ética, transparência e ouvidoria, além de promover a capacitação dos servidores municipais. Sendo as principais razões: Fortalecer a Gestão Pública, Prevenir Riscos de Corrupção, Promover a Ética, Aprimorar a Transparência e Ouvidoria, Capacitar os Servidores, Alinhamento com o Compliance Estadual e formar Parcerias Estratégicas.
2025-04-29 17:52:19 - Prefeitura ID: 72
2025-04-29 17:52:20 - Total de perguntas recuperadas: 9
2025-04-29 17:52:20 - Respostas recuperadas: {"1":"O chefe do Poder Executivo teve a iniciativa de inscrever o Munic\u00edpio de Lagoa Santa.\r\nA ideia foi bem recebida pelos servidores, visto que todos sabem da import\u00e2ncia de receber capacita\u00e7\u00f5es especializadas, acompanhamento t\u00e9cnico e apoio na implementa\u00e7\u00e3o de a\u00e7\u00f5es focadas em eixos important\u00edssimos para o desenvolvimento do munic\u00edpio, sendo elas, gest\u00e3o de riscos, \u00e9tica e transpar\u00eancia.","2":"Sim","14":"Esporte e Lazer|0|3|0|3;Gabinete do prefeito|0|2|2|4;Administra\u00e7\u00e3o|12|5|3|20;Turismo, Ind\u00fastria, Com\u00e9rcio e Meio Ambiente|4|2|0|6;Transportes, Obras, A\u00e7\u00e3o Urbana e Agricultura|21|5|23|49;Planejamento e Finan\u00e7as|2|2|0|4;Fundeb|22|0|0|22;Sa\u00fade e Saneamento B\u00e1sico|32|3|7|42;Assist\u00eancia Social|10|1|7|18;Fundo Municipal de Educa\u00e7\u00e3o|31|2|0|33","4":"N\u00e3o","5":"Sim","6":"1 hora semanal.","7":"Sim","8":"O principal desafio \u00e9 identificar servidores capacitados que tenham disponibilidade de participar das capacita\u00e7\u00f5es e atuar desempenhando as fun\u00e7\u00f5es do programa no munic\u00edpio, visto que Lagoa Santa \u00e9 um munic\u00edpio pequeno e consequentemente a m\u00e3o de obra p\u00fablica \u00e9 escassa.","9":"A sele\u00e7\u00e3o de um munic\u00edpio para o Programa de Compliance Municipal (PCM) 2025 \u00e9 motivada por diversos fatores, que incluem a busca por aprimorar a gest\u00e3o p\u00fablica, fortalecer a cultura de integridade e prevenir riscos de corrup\u00e7\u00e3o. A participa\u00e7\u00e3o no PCM 2025 \u00e9 um mecanismo para que os munic\u00edpios possam desenvolver e aprimorar pr\u00e1ticas de compliance, como gest\u00e3o de riscos, \u00e9tica, transpar\u00eancia e ouvidoria, al\u00e9m de promover a capacita\u00e7\u00e3o dos servidores municipais. Sendo as principais raz\u00f5es: Fortalecer a Gest\u00e3o P\u00fablica, Prevenir Riscos de Corrup\u00e7\u00e3o, Promover a \u00c9tica, Aprimorar a Transpar\u00eancia e Ouvidoria, Capacitar os Servidores, Alinhamento com o Compliance Estadual e formar Parcerias Estrat\u00e9gicas."}
2025-04-29 17:52:20 - Formulário enviado: {"resposta":{"1":"O chefe do Poder Executivo teve a iniciativa de inscrever o Munic\u00edpio de Lagoa Santa.\r\nA ideia foi bem recebida pelos servidores, visto que todos sabem da import\u00e2ncia de receber capacita\u00e7\u00f5es especializadas, acompanhamento t\u00e9cnico e apoio na implementa\u00e7\u00e3o de a\u00e7\u00f5es focadas em eixos important\u00edssimos para o desenvolvimento do munic\u00edpio, sendo elas, gest\u00e3o de riscos, \u00e9tica e transpar\u00eancia.","2":{"sim_nao":"Sim"},"4":{"sim_nao":"N\u00e3o","eixo":""},"5":"Sim","6":"1 hora semanal.","7":{"sim_nao":"Sim"},"8":"O principal desafio \u00e9 identificar servidores capacitados que tenham disponibilidade de participar das capacita\u00e7\u00f5es e atuar desempenhando as fun\u00e7\u00f5es do programa no munic\u00edpio, visto que Lagoa Santa \u00e9 um munic\u00edpio pequeno e consequentemente a m\u00e3o de obra p\u00fablica \u00e9 escassa.","9":"A sele\u00e7\u00e3o de um munic\u00edpio para o Programa de Compliance Municipal (PCM) 2025 \u00e9 motivada por diversos fatores, que incluem a busca por aprimorar a gest\u00e3o p\u00fablica, fortalecer a cultura de integridade e prevenir riscos de corrup\u00e7\u00e3o. A participa\u00e7\u00e3o no PCM 2025 \u00e9 um mecanismo para que os munic\u00edpios possam desenvolver e aprimorar pr\u00e1ticas de compliance, como gest\u00e3o de riscos, \u00e9tica, transpar\u00eancia e ouvidoria, al\u00e9m de promover a capacita\u00e7\u00e3o dos servidores municipais. Sendo as principais raz\u00f5es: Fortalecer a Gest\u00e3o P\u00fablica, Prevenir Riscos de Corrup\u00e7\u00e3o, Promover a \u00c9tica, Aprimorar a Transpar\u00eancia e Ouvidoria, Capacitar os Servidores, Alinhamento com o Compliance Estadual e formar Parcerias Estrat\u00e9gicas."},"justificativa":{"2":"","4":"","5":"","7":""},"secretaria":{"14":["Esporte e Lazer","Gabinete do prefeito","Administra\u00e7\u00e3o","Turismo, Ind\u00fastria, Com\u00e9rcio e Meio Ambiente","Transportes, Obras, A\u00e7\u00e3o Urbana e Agricultura","Planejamento e Finan\u00e7as","Fundeb","Sa\u00fade e Saneamento B\u00e1sico","Assist\u00eancia Social","Fundo Municipal de Educa\u00e7\u00e3o"]},"efetivos":{"14":["0","0","12","4","21","2","22","32","10","31"]},"comissionados":{"14":["3","2","5","2","5","2","0","3","1","2"]},"temporarios":{"14":["0","2","3","0","23","0","0","7","11","23"]},"salvar":""}
2025-04-29 17:52:20 - Atualizada resposta para pergunta 1: O chefe do Poder Executivo teve a iniciativa de inscrever o Município de Lagoa Santa.
A ideia foi bem recebida pelos servidores, visto que todos sabem da importância de receber capacitações especializadas, acompanhamento técnico e apoio na implementação de ações focadas em eixos importantíssimos para o desenvolvimento do município, sendo elas, gestão de riscos, ética e transparência.
2025-04-29 17:52:21 - Atualizada resposta para pergunta 2: Sim
2025-04-29 17:52:21 - Pergunta 14 (planilha) - Resposta gerada: Esporte e Lazer|0|3|0|3;Gabinete do prefeito|0|2|2|4;Administração|12|5|3|20;Turismo, Indústria, Comércio e Meio Ambiente|4|2|0|6;Transportes, Obras, Ação Urbana e Agricultura|21|5|23|49;Planejamento e Finanças|2|2|0|4;Fundeb|22|0|0|22;Saúde e Saneamento Básico|32|3|7|42;Assistência Social|10|1|11|22;Fundo Municipal de Educação|31|2|23|56
2025-04-29 17:52:21 - Atualizada resposta para pergunta 14: Esporte e Lazer|0|3|0|3;Gabinete do prefeito|0|2|2|4;Administração|12|5|3|20;Turismo, Indústria, Comércio e Meio Ambiente|4|2|0|6;Transportes, Obras, Ação Urbana e Agricultura|21|5|23|49;Planejamento e Finanças|2|2|0|4;Fundeb|22|0|0|22;Saúde e Saneamento Básico|32|3|7|42;Assistência Social|10|1|11|22;Fundo Municipal de Educação|31|2|23|56
2025-04-29 17:52:21 - Atualizada resposta para pergunta 4: Não
2025-04-29 17:52:21 - Atualizada resposta para pergunta 5: Sim
2025-04-29 17:52:22 - Atualizada resposta para pergunta 6: 1 hora semanal.
2025-04-29 17:52:22 - Atualizada resposta para pergunta 7: Sim
2025-04-29 17:52:22 - Atualizada resposta para pergunta 8: O principal desafio é identificar servidores capacitados que tenham disponibilidade de participar das capacitações e atuar desempenhando as funções do programa no município, visto que Lagoa Santa é um município pequeno e consequentemente a mão de obra pública é escassa.
2025-04-29 17:52:22 - Atualizada resposta para pergunta 9: A seleção de um município para o Programa de Compliance Municipal (PCM) 2025 é motivada por diversos fatores, que incluem a busca por aprimorar a gestão pública, fortalecer a cultura de integridade e prevenir riscos de corrupção. A participação no PCM 2025 é um mecanismo para que os municípios possam desenvolver e aprimorar práticas de compliance, como gestão de riscos, ética, transparência e ouvidoria, além de promover a capacitação dos servidores municipais. Sendo as principais razões: Fortalecer a Gestão Pública, Prevenir Riscos de Corrupção, Promover a Ética, Aprimorar a Transparência e Ouvidoria, Capacitar os Servidores, Alinhamento com o Compliance Estadual e formar Parcerias Estratégicas.
2025-04-29 17:52:23 - Salvamento concluído com sucesso
2025-04-29 17:52:23 - Prefeitura ID: 72
2025-04-29 17:52:23 - Total de perguntas recuperadas: 9
2025-04-29 17:52:23 - Respostas recuperadas: {"1":"O chefe do Poder Executivo teve a iniciativa de inscrever o Munic\u00edpio de Lagoa Santa.\r\nA ideia foi bem recebida pelos servidores, visto que todos sabem da import\u00e2ncia de receber capacita\u00e7\u00f5es especializadas, acompanhamento t\u00e9cnico e apoio na implementa\u00e7\u00e3o de a\u00e7\u00f5es focadas em eixos important\u00edssimos para o desenvolvimento do munic\u00edpio, sendo elas, gest\u00e3o de riscos, \u00e9tica e transpar\u00eancia.","2":"Sim","14":"Esporte e Lazer|0|3|0|3;Gabinete do prefeito|0|2|2|4;Administra\u00e7\u00e3o|12|5|3|20;Turismo, Ind\u00fastria, Com\u00e9rcio e Meio Ambiente|4|2|0|6;Transportes, Obras, A\u00e7\u00e3o Urbana e Agricultura|21|5|23|49;Planejamento e Finan\u00e7as|2|2|0|4;Fundeb|22|0|0|22;Sa\u00fade e Saneamento B\u00e1sico|32|3|7|42;Assist\u00eancia Social|10|1|11|22;Fundo Municipal de Educa\u00e7\u00e3o|31|2|23|56","4":"N\u00e3o","5":"Sim","6":"1 hora semanal.","7":"Sim","8":"O principal desafio \u00e9 identificar servidores capacitados que tenham disponibilidade de participar das capacita\u00e7\u00f5es e atuar desempenhando as fun\u00e7\u00f5es do programa no munic\u00edpio, visto que Lagoa Santa \u00e9 um munic\u00edpio pequeno e consequentemente a m\u00e3o de obra p\u00fablica \u00e9 escassa.","9":"A sele\u00e7\u00e3o de um munic\u00edpio para o Programa de Compliance Municipal (PCM) 2025 \u00e9 motivada por diversos fatores, que incluem a busca por aprimorar a gest\u00e3o p\u00fablica, fortalecer a cultura de integridade e prevenir riscos de corrup\u00e7\u00e3o. A participa\u00e7\u00e3o no PCM 2025 \u00e9 um mecanismo para que os munic\u00edpios possam desenvolver e aprimorar pr\u00e1ticas de compliance, como gest\u00e3o de riscos, \u00e9tica, transpar\u00eancia e ouvidoria, al\u00e9m de promover a capacita\u00e7\u00e3o dos servidores municipais. Sendo as principais raz\u00f5es: Fortalecer a Gest\u00e3o P\u00fablica, Prevenir Riscos de Corrup\u00e7\u00e3o, Promover a \u00c9tica, Aprimorar a Transpar\u00eancia e Ouvidoria, Capacitar os Servidores, Alinhamento com o Compliance Estadual e formar Parcerias Estrat\u00e9gicas."}
2025-04-29 17:52:23 - Processando pergunta 1, resposta_valor: O chefe do Poder Executivo teve a iniciativa de inscrever o Município de Lagoa Santa.
A ideia foi bem recebida pelos servidores, visto que todos sabem da importância de receber capacitações especializadas, acompanhamento técnico e apoio na implementação de ações focadas em eixos importantíssimos para o desenvolvimento do município, sendo elas, gestão de riscos, ética e transparência.
2025-04-29 17:52:24 - Processando pergunta 2, resposta_valor: Sim
2025-04-29 17:52:24 - Pergunta 2 - resposta_sim_nao: Sim, justificativa_valor: 
2025-04-29 17:52:24 - Processando pergunta 14, resposta_valor: Esporte e Lazer|0|3|0|3;Gabinete do prefeito|0|2|2|4;Administração|12|5|3|20;Turismo, Indústria, Comércio e Meio Ambiente|4|2|0|6;Transportes, Obras, Ação Urbana e Agricultura|21|5|23|49;Planejamento e Finanças|2|2|0|4;Fundeb|22|0|0|22;Saúde e Saneamento Básico|32|3|7|42;Assistência Social|10|1|11|22;Fundo Municipal de Educação|31|2|23|56
2025-04-29 17:52:24 - Pergunta 14 (planilha) - linhas brutas: ["Esporte e Lazer|0|3|0|3","Gabinete do prefeito|0|2|2|4","Administra\u00e7\u00e3o|12|5|3|20","Turismo, Ind\u00fastria, Com\u00e9rcio e Meio Ambiente|4|2|0|6","Transportes, Obras, A\u00e7\u00e3o Urbana e Agricultura|21|5|23|49","Planejamento e Finan\u00e7as|2|2|0|4","Fundeb|22|0|0|22","Sa\u00fade e Saneamento B\u00e1sico|32|3|7|42","Assist\u00eancia Social|10|1|11|22","Fundo Municipal de Educa\u00e7\u00e3o|31|2|23|56"]
2025-04-29 17:52:24 - Pergunta 14 (planilha) - dados da linha: ["Esporte e Lazer","0","3","0","3"]
2025-04-29 17:52:25 - Pergunta 14 (planilha) - dados da linha: ["Gabinete do prefeito","0","2","2","4"]
2025-04-29 17:52:25 - Pergunta 14 (planilha) - dados da linha: ["Administra\u00e7\u00e3o","12","5","3","20"]
2025-04-29 17:52:25 - Pergunta 14 (planilha) - dados da linha: ["Turismo, Ind\u00fastria, Com\u00e9rcio e Meio Ambiente","4","2","0","6"]
2025-04-29 17:52:25 - Pergunta 14 (planilha) - dados da linha: ["Transportes, Obras, A\u00e7\u00e3o Urbana e Agricultura","21","5","23","49"]
2025-04-29 17:52:26 - Pergunta 14 (planilha) - dados da linha: ["Planejamento e Finan\u00e7as","2","2","0","4"]
2025-04-29 17:52:26 - Pergunta 14 (planilha) - dados da linha: ["Fundeb","22","0","0","22"]
2025-04-29 17:52:26 - Pergunta 14 (planilha) - dados da linha: ["Sa\u00fade e Saneamento B\u00e1sico","32","3","7","42"]
2025-04-29 17:52:26 - Pergunta 14 (planilha) - dados da linha: ["Assist\u00eancia Social","10","1","11","22"]
2025-04-29 17:52:26 - Pergunta 14 (planilha) - dados da linha: ["Fundo Municipal de Educa\u00e7\u00e3o","31","2","23","56"]
2025-04-29 17:52:27 - Pergunta 14 (planilha) - planilha_data: [{"secretaria":"Esporte e Lazer","efetivos":"0","comissionados":"3","temporarios":"0","total_parcial":"3"},{"secretaria":"Gabinete do prefeito","efetivos":"0","comissionados":"2","temporarios":"2","total_parcial":"4"},{"secretaria":"Administra\u00e7\u00e3o","efetivos":"12","comissionados":"5","temporarios":"3","total_parcial":"20"},{"secretaria":"Turismo, Ind\u00fastria, Com\u00e9rcio e Meio Ambiente","efetivos":"4","comissionados":"2","temporarios":"0","total_parcial":"6"},{"secretaria":"Transportes, Obras, A\u00e7\u00e3o Urbana e Agricultura","efetivos":"21","comissionados":"5","temporarios":"23","total_parcial":"49"},{"secretaria":"Planejamento e Finan\u00e7as","efetivos":"2","comissionados":"2","temporarios":"0","total_parcial":"4"},{"secretaria":"Fundeb","efetivos":"22","comissionados":"0","temporarios":"0","total_parcial":"22"},{"secretaria":"Sa\u00fade e Saneamento B\u00e1sico","efetivos":"32","comissionados":"3","temporarios":"7","total_parcial":"42"},{"secretaria":"Assist\u00eancia Social","efetivos":"10","comissionados":"1","temporarios":"11","total_parcial":"22"},{"secretaria":"Fundo Municipal de Educa\u00e7\u00e3o","efetivos":"31","comissionados":"2","temporarios":"23","total_parcial":"56"}]
2025-04-29 17:52:27 - Processando pergunta 4, resposta_valor: Não
2025-04-29 17:52:27 - Pergunta 4 - resposta_sim_nao: Não, eixo_selecionado: , justificativa_valor: 
2025-04-29 17:52:27 - Processando pergunta 5, resposta_valor: Sim
2025-04-29 17:52:27 - Pergunta 5 - resposta_sim_nao: Sim, justificativa_valor: 
2025-04-29 17:52:28 - Processando pergunta 6, resposta_valor: 1 hora semanal.
2025-04-29 17:52:28 - Processando pergunta 7, resposta_valor: Sim
2025-04-29 17:52:28 - Pergunta 7 - resposta_sim_nao: Sim, justificativa_valor: 
2025-04-29 17:52:28 - Processando pergunta 8, resposta_valor: O principal desafio é identificar servidores capacitados que tenham disponibilidade de participar das capacitações e atuar desempenhando as funções do programa no município, visto que Lagoa Santa é um município pequeno e consequentemente a mão de obra pública é escassa.
2025-04-29 17:52:28 - Pergunta 8 - resposta_valor: O principal desafio é identificar servidores capacitados que tenham disponibilidade de participar das capacitações e atuar desempenhando as funções do programa no município, visto que Lagoa Santa é um município pequeno e consequentemente a mão de obra pública é escassa., outras_respostas_valor: 
2025-04-29 17:52:29 - Processando pergunta 9, resposta_valor: A seleção de um município para o Programa de Compliance Municipal (PCM) 2025 é motivada por diversos fatores, que incluem a busca por aprimorar a gestão pública, fortalecer a cultura de integridade e prevenir riscos de corrupção. A participação no PCM 2025 é um mecanismo para que os municípios possam desenvolver e aprimorar práticas de compliance, como gestão de riscos, ética, transparência e ouvidoria, além de promover a capacitação dos servidores municipais. Sendo as principais razões: Fortalecer a Gestão Pública, Prevenir Riscos de Corrupção, Promover a Ética, Aprimorar a Transparência e Ouvidoria, Capacitar os Servidores, Alinhamento com o Compliance Estadual e formar Parcerias Estratégicas.
2025-04-29 17:57:26 - Prefeitura ID: 71
2025-04-29 17:57:26 - Total de perguntas recuperadas: 9
2025-04-29 17:57:26 - Respostas recuperadas: {"1":"A iniciativa de inscrever o munic\u00edpio no Programa de Compliance P\u00fablico Municipal (PCM 2025) partiu do Controlador-Geral do Munic\u00edpio, o senhor Eduardo Dias Martins. Demonstrando vis\u00e3o estrat\u00e9gica e comprometimento com a integridade p\u00fablica, o Controlador-Geral apresentou a proposta ao Secret\u00e1rio de Gest\u00e3o e ao Prefeito, que prontamente acolheram a ideia.\r\nA proposta foi recebida de forma extremamente positiva pela Administra\u00e7\u00e3o Municipal e pelos servidores. Houve um reconhecimento imediato da import\u00e2ncia da ades\u00e3o ao programa, visto como uma oportunidade concreta para fortalecer a transpar\u00eancia, a \u00e9tica e a boa governan\u00e7a no \u00e2mbito municipal. A Administra\u00e7\u00e3o valorizou o compromisso com o aprimoramento cont\u00ednuo da gest\u00e3o p\u00fablica, enquanto os servidores se mostraram motivados diante da perspectiva de capacita\u00e7\u00e3o, crescimento institucional e constru\u00e7\u00e3o de uma cultura organizacional ainda mais alinhada aos princ\u00edpios da legalidade, impessoalidade, moralidade, publicidade e efici\u00eancia.","2":"Sim"}
2025-04-29 17:57:26 - Processando pergunta 1, resposta_valor: A iniciativa de inscrever o município no Programa de Compliance Público Municipal (PCM 2025) partiu do Controlador-Geral do Município, o senhor Eduardo Dias Martins. Demonstrando visão estratégica e comprometimento com a integridade pública, o Controlador-Geral apresentou a proposta ao Secretário de Gestão e ao Prefeito, que prontamente acolheram a ideia.
A proposta foi recebida de forma extremamente positiva pela Administração Municipal e pelos servidores. Houve um reconhecimento imediato da importância da adesão ao programa, visto como uma oportunidade concreta para fortalecer a transparência, a ética e a boa governança no âmbito municipal. A Administração valorizou o compromisso com o aprimoramento contínuo da gestão pública, enquanto os servidores se mostraram motivados diante da perspectiva de capacitação, crescimento institucional e construção de uma cultura organizacional ainda mais alinhada aos princípios da legalidade, impessoalidade, moralidade, publicidade e eficiência.
2025-04-29 17:57:27 - Processando pergunta 2, resposta_valor: Sim
2025-04-29 17:57:27 - Pergunta 2 - resposta_sim_nao: Sim, justificativa_valor: 
2025-04-29 17:57:27 - Processando pergunta 14, resposta_valor: 
2025-04-29 17:57:27 - Processando pergunta 4, resposta_valor: 
2025-04-29 17:57:27 - Processando pergunta 5, resposta_valor: 
2025-04-29 17:57:28 - Processando pergunta 6, resposta_valor: 
2025-04-29 17:57:28 - Processando pergunta 7, resposta_valor: 
2025-04-29 17:57:28 - Processando pergunta 8, resposta_valor: 
2025-04-29 17:57:28 - Processando pergunta 9, resposta_valor: 
2025-04-29 17:57:41 - Prefeitura ID: 71
2025-04-29 17:57:41 - Total de perguntas recuperadas: 9
2025-04-29 17:57:42 - Respostas recuperadas: {"1":"A iniciativa de inscrever o munic\u00edpio no Programa de Compliance P\u00fablico Municipal (PCM 2025) partiu do Controlador-Geral do Munic\u00edpio, o senhor Eduardo Dias Martins. Demonstrando vis\u00e3o estrat\u00e9gica e comprometimento com a integridade p\u00fablica, o Controlador-Geral apresentou a proposta ao Secret\u00e1rio de Gest\u00e3o e ao Prefeito, que prontamente acolheram a ideia.\r\nA proposta foi recebida de forma extremamente positiva pela Administra\u00e7\u00e3o Municipal e pelos servidores. Houve um reconhecimento imediato da import\u00e2ncia da ades\u00e3o ao programa, visto como uma oportunidade concreta para fortalecer a transpar\u00eancia, a \u00e9tica e a boa governan\u00e7a no \u00e2mbito municipal. A Administra\u00e7\u00e3o valorizou o compromisso com o aprimoramento cont\u00ednuo da gest\u00e3o p\u00fablica, enquanto os servidores se mostraram motivados diante da perspectiva de capacita\u00e7\u00e3o, crescimento institucional e constru\u00e7\u00e3o de uma cultura organizacional ainda mais alinhada aos princ\u00edpios da legalidade, impessoalidade, moralidade, publicidade e efici\u00eancia.","2":"Sim"}
2025-04-29 17:57:42 - Processando pergunta 1, resposta_valor: A iniciativa de inscrever o município no Programa de Compliance Público Municipal (PCM 2025) partiu do Controlador-Geral do Município, o senhor Eduardo Dias Martins. Demonstrando visão estratégica e comprometimento com a integridade pública, o Controlador-Geral apresentou a proposta ao Secretário de Gestão e ao Prefeito, que prontamente acolheram a ideia.
A proposta foi recebida de forma extremamente positiva pela Administração Municipal e pelos servidores. Houve um reconhecimento imediato da importância da adesão ao programa, visto como uma oportunidade concreta para fortalecer a transparência, a ética e a boa governança no âmbito municipal. A Administração valorizou o compromisso com o aprimoramento contínuo da gestão pública, enquanto os servidores se mostraram motivados diante da perspectiva de capacitação, crescimento institucional e construção de uma cultura organizacional ainda mais alinhada aos princípios da legalidade, impessoalidade, moralidade, publicidade e eficiência.
2025-04-29 17:57:42 - Processando pergunta 2, resposta_valor: Sim
2025-04-29 17:57:42 - Pergunta 2 - resposta_sim_nao: Sim, justificativa_valor: 
2025-04-29 17:57:42 - Processando pergunta 14, resposta_valor: 
2025-04-29 17:57:43 - Processando pergunta 4, resposta_valor: 
2025-04-29 17:57:43 - Processando pergunta 5, resposta_valor: 
2025-04-29 17:57:43 - Processando pergunta 6, resposta_valor: 
2025-04-29 17:57:43 - Processando pergunta 7, resposta_valor: 
2025-04-29 17:57:43 - Processando pergunta 8, resposta_valor: 
2025-04-29 17:57:44 - Processando pergunta 9, resposta_valor: 
2025-04-29 18:02:38 - Prefeitura ID: 71
2025-04-29 18:02:39 - Total de perguntas recuperadas: 9
2025-04-29 18:02:39 - Respostas recuperadas: {"1":"A iniciativa de inscrever o munic\u00edpio no Programa de Compliance P\u00fablico Municipal (PCM 2025) partiu do Controlador-Geral do Munic\u00edpio, o senhor Eduardo Dias Martins. Demonstrando vis\u00e3o estrat\u00e9gica e comprometimento com a integridade p\u00fablica, o Controlador-Geral apresentou a proposta ao Secret\u00e1rio de Gest\u00e3o e ao Prefeito, que prontamente acolheram a ideia.\r\nA proposta foi recebida de forma extremamente positiva pela Administra\u00e7\u00e3o Municipal e pelos servidores. Houve um reconhecimento imediato da import\u00e2ncia da ades\u00e3o ao programa, visto como uma oportunidade concreta para fortalecer a transpar\u00eancia, a \u00e9tica e a boa governan\u00e7a no \u00e2mbito municipal. A Administra\u00e7\u00e3o valorizou o compromisso com o aprimoramento cont\u00ednuo da gest\u00e3o p\u00fablica, enquanto os servidores se mostraram motivados diante da perspectiva de capacita\u00e7\u00e3o, crescimento institucional e constru\u00e7\u00e3o de uma cultura organizacional ainda mais alinhada aos princ\u00edpios da legalidade, impessoalidade, moralidade, publicidade e efici\u00eancia.","2":"Sim"}
2025-04-29 18:02:39 - Processando pergunta 1, resposta_valor: A iniciativa de inscrever o município no Programa de Compliance Público Municipal (PCM 2025) partiu do Controlador-Geral do Município, o senhor Eduardo Dias Martins. Demonstrando visão estratégica e comprometimento com a integridade pública, o Controlador-Geral apresentou a proposta ao Secretário de Gestão e ao Prefeito, que prontamente acolheram a ideia.
A proposta foi recebida de forma extremamente positiva pela Administração Municipal e pelos servidores. Houve um reconhecimento imediato da importância da adesão ao programa, visto como uma oportunidade concreta para fortalecer a transparência, a ética e a boa governança no âmbito municipal. A Administração valorizou o compromisso com o aprimoramento contínuo da gestão pública, enquanto os servidores se mostraram motivados diante da perspectiva de capacitação, crescimento institucional e construção de uma cultura organizacional ainda mais alinhada aos princípios da legalidade, impessoalidade, moralidade, publicidade e eficiência.
2025-04-29 18:02:39 - Processando pergunta 2, resposta_valor: Sim
2025-04-29 18:02:39 - Pergunta 2 - resposta_sim_nao: Sim, justificativa_valor: 
2025-04-29 18:02:40 - Processando pergunta 14, resposta_valor: 
2025-04-29 18:02:40 - Processando pergunta 4, resposta_valor: 
2025-04-29 18:02:40 - Processando pergunta 5, resposta_valor: 
2025-04-29 18:02:40 - Processando pergunta 6, resposta_valor: 
2025-04-29 18:02:40 - Processando pergunta 7, resposta_valor: 
2025-04-29 18:02:41 - Processando pergunta 8, resposta_valor: 
2025-04-29 18:02:41 - Processando pergunta 9, resposta_valor: 
2025-04-29 18:03:01 - Prefeitura ID: 71
2025-04-29 18:03:01 - Total de perguntas recuperadas: 9
2025-04-29 18:03:01 - Respostas recuperadas: {"1":"A iniciativa de inscrever o munic\u00edpio no Programa de Compliance P\u00fablico Municipal (PCM 2025) partiu do Controlador-Geral do Munic\u00edpio, o senhor Eduardo Dias Martins. Demonstrando vis\u00e3o estrat\u00e9gica e comprometimento com a integridade p\u00fablica, o Controlador-Geral apresentou a proposta ao Secret\u00e1rio de Gest\u00e3o e ao Prefeito, que prontamente acolheram a ideia.\r\nA proposta foi recebida de forma extremamente positiva pela Administra\u00e7\u00e3o Municipal e pelos servidores. Houve um reconhecimento imediato da import\u00e2ncia da ades\u00e3o ao programa, visto como uma oportunidade concreta para fortalecer a transpar\u00eancia, a \u00e9tica e a boa governan\u00e7a no \u00e2mbito municipal. A Administra\u00e7\u00e3o valorizou o compromisso com o aprimoramento cont\u00ednuo da gest\u00e3o p\u00fablica, enquanto os servidores se mostraram motivados diante da perspectiva de capacita\u00e7\u00e3o, crescimento institucional e constru\u00e7\u00e3o de uma cultura organizacional ainda mais alinhada aos princ\u00edpios da legalidade, impessoalidade, moralidade, publicidade e efici\u00eancia.","2":"Sim"}
2025-04-29 18:03:01 - Processando pergunta 1, resposta_valor: A iniciativa de inscrever o município no Programa de Compliance Público Municipal (PCM 2025) partiu do Controlador-Geral do Município, o senhor Eduardo Dias Martins. Demonstrando visão estratégica e comprometimento com a integridade pública, o Controlador-Geral apresentou a proposta ao Secretário de Gestão e ao Prefeito, que prontamente acolheram a ideia.
A proposta foi recebida de forma extremamente positiva pela Administração Municipal e pelos servidores. Houve um reconhecimento imediato da importância da adesão ao programa, visto como uma oportunidade concreta para fortalecer a transparência, a ética e a boa governança no âmbito municipal. A Administração valorizou o compromisso com o aprimoramento contínuo da gestão pública, enquanto os servidores se mostraram motivados diante da perspectiva de capacitação, crescimento institucional e construção de uma cultura organizacional ainda mais alinhada aos princípios da legalidade, impessoalidade, moralidade, publicidade e eficiência.
2025-04-29 18:03:02 - Processando pergunta 2, resposta_valor: Sim
2025-04-29 18:03:02 - Pergunta 2 - resposta_sim_nao: Sim, justificativa_valor: 
2025-04-29 18:03:02 - Processando pergunta 14, resposta_valor: 
2025-04-29 18:03:02 - Processando pergunta 4, resposta_valor: 
2025-04-29 18:03:02 - Processando pergunta 5, resposta_valor: 
2025-04-29 18:03:03 - Processando pergunta 6, resposta_valor: 
2025-04-29 18:03:03 - Processando pergunta 7, resposta_valor: 
2025-04-29 18:03:03 - Processando pergunta 8, resposta_valor: 
2025-04-29 18:03:03 - Processando pergunta 9, resposta_valor: 
2025-04-29 18:03:05 - Prefeitura ID: 71
2025-04-29 18:03:05 - Total de perguntas recuperadas: 9
2025-04-29 18:03:06 - Respostas recuperadas: {"1":"A iniciativa de inscrever o munic\u00edpio no Programa de Compliance P\u00fablico Municipal (PCM 2025) partiu do Controlador-Geral do Munic\u00edpio, o senhor Eduardo Dias Martins. Demonstrando vis\u00e3o estrat\u00e9gica e comprometimento com a integridade p\u00fablica, o Controlador-Geral apresentou a proposta ao Secret\u00e1rio de Gest\u00e3o e ao Prefeito, que prontamente acolheram a ideia.\r\nA proposta foi recebida de forma extremamente positiva pela Administra\u00e7\u00e3o Municipal e pelos servidores. Houve um reconhecimento imediato da import\u00e2ncia da ades\u00e3o ao programa, visto como uma oportunidade concreta para fortalecer a transpar\u00eancia, a \u00e9tica e a boa governan\u00e7a no \u00e2mbito municipal. A Administra\u00e7\u00e3o valorizou o compromisso com o aprimoramento cont\u00ednuo da gest\u00e3o p\u00fablica, enquanto os servidores se mostraram motivados diante da perspectiva de capacita\u00e7\u00e3o, crescimento institucional e constru\u00e7\u00e3o de uma cultura organizacional ainda mais alinhada aos princ\u00edpios da legalidade, impessoalidade, moralidade, publicidade e efici\u00eancia.","2":"Sim"}
2025-04-29 18:03:06 - Processando pergunta 1, resposta_valor: A iniciativa de inscrever o município no Programa de Compliance Público Municipal (PCM 2025) partiu do Controlador-Geral do Município, o senhor Eduardo Dias Martins. Demonstrando visão estratégica e comprometimento com a integridade pública, o Controlador-Geral apresentou a proposta ao Secretário de Gestão e ao Prefeito, que prontamente acolheram a ideia.
A proposta foi recebida de forma extremamente positiva pela Administração Municipal e pelos servidores. Houve um reconhecimento imediato da importância da adesão ao programa, visto como uma oportunidade concreta para fortalecer a transparência, a ética e a boa governança no âmbito municipal. A Administração valorizou o compromisso com o aprimoramento contínuo da gestão pública, enquanto os servidores se mostraram motivados diante da perspectiva de capacitação, crescimento institucional e construção de uma cultura organizacional ainda mais alinhada aos princípios da legalidade, impessoalidade, moralidade, publicidade e eficiência.
2025-04-29 18:03:06 - Processando pergunta 2, resposta_valor: Sim
2025-04-29 18:03:06 - Pergunta 2 - resposta_sim_nao: Sim, justificativa_valor: 
2025-04-29 18:03:06 - Processando pergunta 14, resposta_valor: 
2025-04-29 18:03:07 - Processando pergunta 4, resposta_valor: 
2025-04-29 18:03:07 - Processando pergunta 5, resposta_valor: 
2025-04-29 18:03:07 - Processando pergunta 6, resposta_valor: 
2025-04-29 18:03:07 - Processando pergunta 7, resposta_valor: 
2025-04-29 18:03:07 - Processando pergunta 8, resposta_valor: 
2025-04-29 18:03:08 - Processando pergunta 9, resposta_valor: 
2025-04-29 18:07:43 - Prefeitura ID: 71
2025-04-29 18:07:43 - Total de perguntas recuperadas: 9
2025-04-29 18:07:43 - Respostas recuperadas: {"1":"A iniciativa de inscrever o munic\u00edpio no Programa de Compliance P\u00fablico Municipal (PCM 2025) partiu do Controlador-Geral do Munic\u00edpio, o senhor Eduardo Dias Martins. Demonstrando vis\u00e3o estrat\u00e9gica e comprometimento com a integridade p\u00fablica, o Controlador-Geral apresentou a proposta ao Secret\u00e1rio de Gest\u00e3o e ao Prefeito, que prontamente acolheram a ideia.\r\nA proposta foi recebida de forma extremamente positiva pela Administra\u00e7\u00e3o Municipal e pelos servidores. Houve um reconhecimento imediato da import\u00e2ncia da ades\u00e3o ao programa, visto como uma oportunidade concreta para fortalecer a transpar\u00eancia, a \u00e9tica e a boa governan\u00e7a no \u00e2mbito municipal. A Administra\u00e7\u00e3o valorizou o compromisso com o aprimoramento cont\u00ednuo da gest\u00e3o p\u00fablica, enquanto os servidores se mostraram motivados diante da perspectiva de capacita\u00e7\u00e3o, crescimento institucional e constru\u00e7\u00e3o de uma cultura organizacional ainda mais alinhada aos princ\u00edpios da legalidade, impessoalidade, moralidade, publicidade e efici\u00eancia.","2":"Sim"}
2025-04-29 18:07:44 - Processando pergunta 1, resposta_valor: A iniciativa de inscrever o município no Programa de Compliance Público Municipal (PCM 2025) partiu do Controlador-Geral do Município, o senhor Eduardo Dias Martins. Demonstrando visão estratégica e comprometimento com a integridade pública, o Controlador-Geral apresentou a proposta ao Secretário de Gestão e ao Prefeito, que prontamente acolheram a ideia.
A proposta foi recebida de forma extremamente positiva pela Administração Municipal e pelos servidores. Houve um reconhecimento imediato da importância da adesão ao programa, visto como uma oportunidade concreta para fortalecer a transparência, a ética e a boa governança no âmbito municipal. A Administração valorizou o compromisso com o aprimoramento contínuo da gestão pública, enquanto os servidores se mostraram motivados diante da perspectiva de capacitação, crescimento institucional e construção de uma cultura organizacional ainda mais alinhada aos princípios da legalidade, impessoalidade, moralidade, publicidade e eficiência.
2025-04-29 18:07:44 - Processando pergunta 2, resposta_valor: Sim
2025-04-29 18:07:44 - Pergunta 2 - resposta_sim_nao: Sim, justificativa_valor: 
2025-04-29 18:07:44 - Processando pergunta 14, resposta_valor: 
2025-04-29 18:07:44 - Processando pergunta 4, resposta_valor: 
2025-04-29 18:07:45 - Processando pergunta 5, resposta_valor: 
2025-04-29 18:07:45 - Processando pergunta 6, resposta_valor: 
2025-04-29 18:07:45 - Processando pergunta 7, resposta_valor: 
2025-04-29 18:07:45 - Processando pergunta 8, resposta_valor: 
2025-04-29 18:07:45 - Processando pergunta 9, resposta_valor: 
2025-04-29 18:09:17 - Prefeitura ID: 71
2025-04-29 18:09:17 - Total de perguntas recuperadas: 9
2025-04-29 18:09:17 - Respostas recuperadas: {"1":"A iniciativa de inscrever o munic\u00edpio no Programa de Compliance P\u00fablico Municipal (PCM 2025) partiu do Controlador-Geral do Munic\u00edpio, o senhor Eduardo Dias Martins. Demonstrando vis\u00e3o estrat\u00e9gica e comprometimento com a integridade p\u00fablica, o Controlador-Geral apresentou a proposta ao Secret\u00e1rio de Gest\u00e3o e ao Prefeito, que prontamente acolheram a ideia.\r\nA proposta foi recebida de forma extremamente positiva pela Administra\u00e7\u00e3o Municipal e pelos servidores. Houve um reconhecimento imediato da import\u00e2ncia da ades\u00e3o ao programa, visto como uma oportunidade concreta para fortalecer a transpar\u00eancia, a \u00e9tica e a boa governan\u00e7a no \u00e2mbito municipal. A Administra\u00e7\u00e3o valorizou o compromisso com o aprimoramento cont\u00ednuo da gest\u00e3o p\u00fablica, enquanto os servidores se mostraram motivados diante da perspectiva de capacita\u00e7\u00e3o, crescimento institucional e constru\u00e7\u00e3o de uma cultura organizacional ainda mais alinhada aos princ\u00edpios da legalidade, impessoalidade, moralidade, publicidade e efici\u00eancia.","2":"Sim"}
2025-04-29 18:09:17 - Processando pergunta 1, resposta_valor: A iniciativa de inscrever o município no Programa de Compliance Público Municipal (PCM 2025) partiu do Controlador-Geral do Município, o senhor Eduardo Dias Martins. Demonstrando visão estratégica e comprometimento com a integridade pública, o Controlador-Geral apresentou a proposta ao Secretário de Gestão e ao Prefeito, que prontamente acolheram a ideia.
A proposta foi recebida de forma extremamente positiva pela Administração Municipal e pelos servidores. Houve um reconhecimento imediato da importância da adesão ao programa, visto como uma oportunidade concreta para fortalecer a transparência, a ética e a boa governança no âmbito municipal. A Administração valorizou o compromisso com o aprimoramento contínuo da gestão pública, enquanto os servidores se mostraram motivados diante da perspectiva de capacitação, crescimento institucional e construção de uma cultura organizacional ainda mais alinhada aos princípios da legalidade, impessoalidade, moralidade, publicidade e eficiência.
2025-04-29 18:09:18 - Processando pergunta 2, resposta_valor: Sim
2025-04-29 18:09:18 - Pergunta 2 - resposta_sim_nao: Sim, justificativa_valor: 
2025-04-29 18:09:18 - Processando pergunta 14, resposta_valor: 
2025-04-29 18:09:18 - Processando pergunta 4, resposta_valor: 
2025-04-29 18:09:18 - Processando pergunta 5, resposta_valor: 
2025-04-29 18:09:19 - Processando pergunta 6, resposta_valor: 
2025-04-29 18:09:19 - Processando pergunta 7, resposta_valor: 
2025-04-29 18:09:19 - Processando pergunta 8, resposta_valor: 
2025-04-29 18:09:19 - Processando pergunta 9, resposta_valor: 
2025-04-29 18:25:40 - Prefeitura ID: 71
2025-04-29 18:25:41 - Total de perguntas recuperadas: 9
2025-04-29 18:25:41 - Respostas recuperadas: {"1":"A iniciativa de inscrever o munic\u00edpio no Programa de Compliance P\u00fablico Municipal (PCM 2025) partiu do Controlador-Geral do Munic\u00edpio, o senhor Eduardo Dias Martins. Demonstrando vis\u00e3o estrat\u00e9gica e comprometimento com a integridade p\u00fablica, o Controlador-Geral apresentou a proposta ao Secret\u00e1rio de Gest\u00e3o e ao Prefeito, que prontamente acolheram a ideia.\r\nA proposta foi recebida de forma extremamente positiva pela Administra\u00e7\u00e3o Municipal e pelos servidores. Houve um reconhecimento imediato da import\u00e2ncia da ades\u00e3o ao programa, visto como uma oportunidade concreta para fortalecer a transpar\u00eancia, a \u00e9tica e a boa governan\u00e7a no \u00e2mbito municipal. A Administra\u00e7\u00e3o valorizou o compromisso com o aprimoramento cont\u00ednuo da gest\u00e3o p\u00fablica, enquanto os servidores se mostraram motivados diante da perspectiva de capacita\u00e7\u00e3o, crescimento institucional e constru\u00e7\u00e3o de uma cultura organizacional ainda mais alinhada aos princ\u00edpios da legalidade, impessoalidade, moralidade, publicidade e efici\u00eancia.","2":"Sim"}
2025-04-29 18:25:41 - Processando pergunta 1, resposta_valor: A iniciativa de inscrever o município no Programa de Compliance Público Municipal (PCM 2025) partiu do Controlador-Geral do Município, o senhor Eduardo Dias Martins. Demonstrando visão estratégica e comprometimento com a integridade pública, o Controlador-Geral apresentou a proposta ao Secretário de Gestão e ao Prefeito, que prontamente acolheram a ideia.
A proposta foi recebida de forma extremamente positiva pela Administração Municipal e pelos servidores. Houve um reconhecimento imediato da importância da adesão ao programa, visto como uma oportunidade concreta para fortalecer a transparência, a ética e a boa governança no âmbito municipal. A Administração valorizou o compromisso com o aprimoramento contínuo da gestão pública, enquanto os servidores se mostraram motivados diante da perspectiva de capacitação, crescimento institucional e construção de uma cultura organizacional ainda mais alinhada aos princípios da legalidade, impessoalidade, moralidade, publicidade e eficiência.
2025-04-29 18:25:41 - Processando pergunta 2, resposta_valor: Sim
2025-04-29 18:25:42 - Pergunta 2 - resposta_sim_nao: Sim, justificativa_valor: 
2025-04-29 18:25:42 - Processando pergunta 14, resposta_valor: 
2025-04-29 18:25:42 - Processando pergunta 4, resposta_valor: 
2025-04-29 18:25:42 - Processando pergunta 5, resposta_valor: 
2025-04-29 18:25:42 - Processando pergunta 6, resposta_valor: 
2025-04-29 18:25:43 - Processando pergunta 7, resposta_valor: 
2025-04-29 18:25:43 - Processando pergunta 8, resposta_valor: 
2025-04-29 18:25:43 - Processando pergunta 9, resposta_valor: 
2025-04-29 18:26:13 - Prefeitura ID: 71
2025-04-29 18:26:14 - Total de perguntas recuperadas: 9
2025-04-29 18:26:14 - Respostas recuperadas: {"1":"A iniciativa de inscrever o munic\u00edpio no Programa de Compliance P\u00fablico Municipal (PCM 2025) partiu do Controlador-Geral do Munic\u00edpio, o senhor Eduardo Dias Martins. Demonstrando vis\u00e3o estrat\u00e9gica e comprometimento com a integridade p\u00fablica, o Controlador-Geral apresentou a proposta ao Secret\u00e1rio de Gest\u00e3o e ao Prefeito, que prontamente acolheram a ideia.\r\nA proposta foi recebida de forma extremamente positiva pela Administra\u00e7\u00e3o Municipal e pelos servidores. Houve um reconhecimento imediato da import\u00e2ncia da ades\u00e3o ao programa, visto como uma oportunidade concreta para fortalecer a transpar\u00eancia, a \u00e9tica e a boa governan\u00e7a no \u00e2mbito municipal. A Administra\u00e7\u00e3o valorizou o compromisso com o aprimoramento cont\u00ednuo da gest\u00e3o p\u00fablica, enquanto os servidores se mostraram motivados diante da perspectiva de capacita\u00e7\u00e3o, crescimento institucional e constru\u00e7\u00e3o de uma cultura organizacional ainda mais alinhada aos princ\u00edpios da legalidade, impessoalidade, moralidade, publicidade e efici\u00eancia.","2":"Sim"}
2025-04-29 18:26:14 - Processando pergunta 1, resposta_valor: A iniciativa de inscrever o município no Programa de Compliance Público Municipal (PCM 2025) partiu do Controlador-Geral do Município, o senhor Eduardo Dias Martins. Demonstrando visão estratégica e comprometimento com a integridade pública, o Controlador-Geral apresentou a proposta ao Secretário de Gestão e ao Prefeito, que prontamente acolheram a ideia.
A proposta foi recebida de forma extremamente positiva pela Administração Municipal e pelos servidores. Houve um reconhecimento imediato da importância da adesão ao programa, visto como uma oportunidade concreta para fortalecer a transparência, a ética e a boa governança no âmbito municipal. A Administração valorizou o compromisso com o aprimoramento contínuo da gestão pública, enquanto os servidores se mostraram motivados diante da perspectiva de capacitação, crescimento institucional e construção de uma cultura organizacional ainda mais alinhada aos princípios da legalidade, impessoalidade, moralidade, publicidade e eficiência.
2025-04-29 18:26:14 - Processando pergunta 2, resposta_valor: Sim
2025-04-29 18:26:14 - Pergunta 2 - resposta_sim_nao: Sim, justificativa_valor: 
2025-04-29 18:26:15 - Processando pergunta 14, resposta_valor: 
2025-04-29 18:26:15 - Processando pergunta 4, resposta_valor: 
2025-04-29 18:26:15 - Processando pergunta 5, resposta_valor: 
2025-04-29 18:26:15 - Processando pergunta 6, resposta_valor: 
2025-04-29 18:26:15 - Processando pergunta 7, resposta_valor: 
2025-04-29 18:26:16 - Processando pergunta 8, resposta_valor: 
2025-04-29 18:26:16 - Processando pergunta 9, resposta_valor: 
2025-04-29 18:27:17 - Prefeitura ID: 71
2025-04-29 18:27:17 - Total de perguntas recuperadas: 9
2025-04-29 18:27:18 - Respostas recuperadas: {"1":"A iniciativa de inscrever o munic\u00edpio no Programa de Compliance P\u00fablico Municipal (PCM 2025) partiu do Controlador-Geral do Munic\u00edpio, o senhor Eduardo Dias Martins. Demonstrando vis\u00e3o estrat\u00e9gica e comprometimento com a integridade p\u00fablica, o Controlador-Geral apresentou a proposta ao Secret\u00e1rio de Gest\u00e3o e ao Prefeito, que prontamente acolheram a ideia.\r\nA proposta foi recebida de forma extremamente positiva pela Administra\u00e7\u00e3o Municipal e pelos servidores. Houve um reconhecimento imediato da import\u00e2ncia da ades\u00e3o ao programa, visto como uma oportunidade concreta para fortalecer a transpar\u00eancia, a \u00e9tica e a boa governan\u00e7a no \u00e2mbito municipal. A Administra\u00e7\u00e3o valorizou o compromisso com o aprimoramento cont\u00ednuo da gest\u00e3o p\u00fablica, enquanto os servidores se mostraram motivados diante da perspectiva de capacita\u00e7\u00e3o, crescimento institucional e constru\u00e7\u00e3o de uma cultura organizacional ainda mais alinhada aos princ\u00edpios da legalidade, impessoalidade, moralidade, publicidade e efici\u00eancia.","2":"Sim"}
2025-04-29 18:27:18 - Processando pergunta 1, resposta_valor: A iniciativa de inscrever o município no Programa de Compliance Público Municipal (PCM 2025) partiu do Controlador-Geral do Município, o senhor Eduardo Dias Martins. Demonstrando visão estratégica e comprometimento com a integridade pública, o Controlador-Geral apresentou a proposta ao Secretário de Gestão e ao Prefeito, que prontamente acolheram a ideia.
A proposta foi recebida de forma extremamente positiva pela Administração Municipal e pelos servidores. Houve um reconhecimento imediato da importância da adesão ao programa, visto como uma oportunidade concreta para fortalecer a transparência, a ética e a boa governança no âmbito municipal. A Administração valorizou o compromisso com o aprimoramento contínuo da gestão pública, enquanto os servidores se mostraram motivados diante da perspectiva de capacitação, crescimento institucional e construção de uma cultura organizacional ainda mais alinhada aos princípios da legalidade, impessoalidade, moralidade, publicidade e eficiência.
2025-04-29 18:27:18 - Processando pergunta 2, resposta_valor: Sim
2025-04-29 18:27:18 - Pergunta 2 - resposta_sim_nao: Sim, justificativa_valor: 
2025-04-29 18:27:19 - Processando pergunta 14, resposta_valor: 
2025-04-29 18:27:19 - Processando pergunta 4, resposta_valor: 
2025-04-29 18:27:19 - Processando pergunta 5, resposta_valor: 
2025-04-29 18:27:19 - Processando pergunta 6, resposta_valor: 
2025-04-29 18:27:19 - Processando pergunta 7, resposta_valor: 
2025-04-29 18:27:20 - Processando pergunta 8, resposta_valor: 
2025-04-29 18:27:20 - Processando pergunta 9, resposta_valor: 
2025-04-29 18:29:45 - Prefeitura ID: 71
2025-04-29 18:29:45 - Total de perguntas recuperadas: 9
2025-04-29 18:29:45 - Respostas recuperadas: {"1":"A iniciativa de inscrever o munic\u00edpio no Programa de Compliance P\u00fablico Municipal (PCM 2025) partiu do Controlador-Geral do Munic\u00edpio, o senhor Eduardo Dias Martins. Demonstrando vis\u00e3o estrat\u00e9gica e comprometimento com a integridade p\u00fablica, o Controlador-Geral apresentou a proposta ao Secret\u00e1rio de Gest\u00e3o e ao Prefeito, que prontamente acolheram a ideia.\r\nA proposta foi recebida de forma extremamente positiva pela Administra\u00e7\u00e3o Municipal e pelos servidores. Houve um reconhecimento imediato da import\u00e2ncia da ades\u00e3o ao programa, visto como uma oportunidade concreta para fortalecer a transpar\u00eancia, a \u00e9tica e a boa governan\u00e7a no \u00e2mbito municipal. A Administra\u00e7\u00e3o valorizou o compromisso com o aprimoramento cont\u00ednuo da gest\u00e3o p\u00fablica, enquanto os servidores se mostraram motivados diante da perspectiva de capacita\u00e7\u00e3o, crescimento institucional e constru\u00e7\u00e3o de uma cultura organizacional ainda mais alinhada aos princ\u00edpios da legalidade, impessoalidade, moralidade, publicidade e efici\u00eancia.","2":"Sim"}
2025-04-29 18:29:46 - Processando pergunta 1, resposta_valor: A iniciativa de inscrever o município no Programa de Compliance Público Municipal (PCM 2025) partiu do Controlador-Geral do Município, o senhor Eduardo Dias Martins. Demonstrando visão estratégica e comprometimento com a integridade pública, o Controlador-Geral apresentou a proposta ao Secretário de Gestão e ao Prefeito, que prontamente acolheram a ideia.
A proposta foi recebida de forma extremamente positiva pela Administração Municipal e pelos servidores. Houve um reconhecimento imediato da importância da adesão ao programa, visto como uma oportunidade concreta para fortalecer a transparência, a ética e a boa governança no âmbito municipal. A Administração valorizou o compromisso com o aprimoramento contínuo da gestão pública, enquanto os servidores se mostraram motivados diante da perspectiva de capacitação, crescimento institucional e construção de uma cultura organizacional ainda mais alinhada aos princípios da legalidade, impessoalidade, moralidade, publicidade e eficiência.
2025-04-29 18:29:46 - Processando pergunta 2, resposta_valor: Sim
2025-04-29 18:29:46 - Pergunta 2 - resposta_sim_nao: Sim, justificativa_valor: 
2025-04-29 18:29:46 - Processando pergunta 14, resposta_valor: 
2025-04-29 18:29:47 - Processando pergunta 4, resposta_valor: 
2025-04-29 18:29:47 - Processando pergunta 5, resposta_valor: 
2025-04-29 18:29:47 - Processando pergunta 6, resposta_valor: 
2025-04-29 18:29:47 - Processando pergunta 7, resposta_valor: 
2025-04-29 18:29:47 - Processando pergunta 8, resposta_valor: 
2025-04-29 18:29:48 - Processando pergunta 9, resposta_valor: 
2025-04-29 19:59:16 - Prefeitura ID: 71
2025-04-29 19:59:16 - Total de perguntas recuperadas: 9
2025-04-29 19:59:16 - Respostas recuperadas: {"1":"A iniciativa de inscrever o munic\u00edpio no Programa de Compliance P\u00fablico Municipal (PCM 2025) partiu do Controlador-Geral do Munic\u00edpio, o senhor Eduardo Dias Martins. Demonstrando vis\u00e3o estrat\u00e9gica e comprometimento com a integridade p\u00fablica, o Controlador-Geral apresentou a proposta ao Secret\u00e1rio de Gest\u00e3o e ao Prefeito, que prontamente acolheram a ideia.\r\nA proposta foi recebida de forma extremamente positiva pela Administra\u00e7\u00e3o Municipal e pelos servidores. Houve um reconhecimento imediato da import\u00e2ncia da ades\u00e3o ao programa, visto como uma oportunidade concreta para fortalecer a transpar\u00eancia, a \u00e9tica e a boa governan\u00e7a no \u00e2mbito municipal. A Administra\u00e7\u00e3o valorizou o compromisso com o aprimoramento cont\u00ednuo da gest\u00e3o p\u00fablica, enquanto os servidores se mostraram motivados diante da perspectiva de capacita\u00e7\u00e3o, crescimento institucional e constru\u00e7\u00e3o de uma cultura organizacional ainda mais alinhada aos princ\u00edpios da legalidade, impessoalidade, moralidade, publicidade e efici\u00eancia.","2":"Sim"}
2025-04-29 19:59:16 - Processando pergunta 1, resposta_valor: A iniciativa de inscrever o município no Programa de Compliance Público Municipal (PCM 2025) partiu do Controlador-Geral do Município, o senhor Eduardo Dias Martins. Demonstrando visão estratégica e comprometimento com a integridade pública, o Controlador-Geral apresentou a proposta ao Secretário de Gestão e ao Prefeito, que prontamente acolheram a ideia.
A proposta foi recebida de forma extremamente positiva pela Administração Municipal e pelos servidores. Houve um reconhecimento imediato da importância da adesão ao programa, visto como uma oportunidade concreta para fortalecer a transparência, a ética e a boa governança no âmbito municipal. A Administração valorizou o compromisso com o aprimoramento contínuo da gestão pública, enquanto os servidores se mostraram motivados diante da perspectiva de capacitação, crescimento institucional e construção de uma cultura organizacional ainda mais alinhada aos princípios da legalidade, impessoalidade, moralidade, publicidade e eficiência.
2025-04-29 19:59:17 - Processando pergunta 2, resposta_valor: Sim
2025-04-29 19:59:17 - Pergunta 2 - resposta_sim_nao: Sim, justificativa_valor: 
2025-04-29 19:59:17 - Processando pergunta 14, resposta_valor: 
2025-04-29 19:59:17 - Processando pergunta 4, resposta_valor: 
2025-04-29 19:59:17 - Processando pergunta 5, resposta_valor: 
2025-04-29 19:59:17 - Processando pergunta 6, resposta_valor: 
2025-04-29 19:59:17 - Processando pergunta 7, resposta_valor: 
2025-04-29 19:59:17 - Processando pergunta 8, resposta_valor: 
2025-04-29 19:59:17 - Processando pergunta 9, resposta_valor: 
2025-04-29 21:44:34 - Prefeitura ID: 31
2025-04-29 21:44:35 - Total de perguntas recuperadas: 9
2025-04-29 21:44:35 - Respostas recuperadas: {"1":"A iniciativa de inscrever o munic\u00edpio de Faina no Programa de Compliance Municipal (PCM) 2025 partiu de mim, Eduardo Kennedy Silva Rodrigues, no exerc\u00edcio de minhas atribui\u00e7\u00f5es como Controlador Interno do munic\u00edpio. Motivado pelos conhecimentos adquiridos em cursos de forma\u00e7\u00e3o em controle interno e compliance \u2014 \u00e1reas que destacam a import\u00e2ncia de mecanismos de integridade e transpar\u00eancia \u2014, identifiquei no PCM 2025 uma oportunidade estrat\u00e9gica para alinhar Faina a pr\u00e1ticas modernas de gest\u00e3o p\u00fablica, visando otimizar processos, reduzir riscos e fortalecer a credibilidade institucional.\r\n\r\nQuanto \u00e0 receptividade da administra\u00e7\u00e3o municipal, embora a inscri\u00e7\u00e3o no programa n\u00e3o tenha sido previamente discutida em detalhes com o prefeito em raz\u00e3o de tr\u00e2mites burocr\u00e1ticos e prazos curtos, a proposta encontra resson\u00e2ncia nos objetivos declarados da gest\u00e3o. Em reuni\u00f5es e di\u00e1logos informais, o prefeito e a equipe de governo reiteraram publicamente o compromisso com a efici\u00eancia administrativa e a moderniza\u00e7\u00e3o da m\u00e1quina p\u00fablica, fatores que convergem com os pilares do PCM. Isso permitiu que a ades\u00e3o fosse interpretada como um passo natural nessa dire\u00e7\u00e3o, ainda que o formato espec\u00edfico do programa n\u00e3o tivesse sido debatido previamente.","2":"N\u00e3o|N\u00e3o houve comunica\u00e7\u00e3o formal pr\u00e9via ao prefeito sobre a inscri\u00e7\u00e3o espec\u00edfica no PCM 2025, por\u00e9m a a\u00e7\u00e3o est\u00e1 respaldada na autonomia funcional que me foi delegada pelo chefe do Executivo para aderir a programas alinhados \u00e0 promo\u00e7\u00e3o da boa gest\u00e3o p\u00fablica. Essa prerrogativa, concedida em raz\u00e3o do meu cargo de Controlador Interno, reflete a confian\u00e7a da administra\u00e7\u00e3o em iniciativas que potencializem a efici\u00eancia e a transpar\u00eancia municipal, objetivos consistentes com as diretrizes do PCM. A ades\u00e3o preemptiva justifica-se pela urg\u00eancia em garantir a participa\u00e7\u00e3o do munic\u00edpio, sem preju\u00edzo de prestar esclarecimentos detalhados posteriormente, como parte do processo de implementa\u00e7\u00e3o do programa.","14":"FINANCAS|2|3|0|5;OBRAS|19|23|0|42","4":"Sim|Transpar\u00eancia\/Ouvidoria|Priorizamos o eixo Transpar\u00eancia\/Ouvidoria entendendo-o como estrat\u00e9gico para fortalecer a rela\u00e7\u00e3o com a popula\u00e7\u00e3o e garantir acesso amplo \u00e0s informa\u00e7\u00f5es p\u00fablicas. Essa escolha alinha-se \u00e0s diretrizes da gest\u00e3o, que j\u00e1 vinham ampliando iniciativas como portais de dados abertos e canais de participa\u00e7\u00e3o social, al\u00e9m de refor\u00e7ar a ouvidoria como ferramenta de di\u00e1logo e aprimoramento de servi\u00e7os. O foco nesse eixo reflete a vis\u00e3o de que a transpar\u00eancia \u00e9 base para a credibilidade institucional e um catalisador indireto dos demais eixos (\u00c9tica e Gest\u00e3o de Riscos), j\u00e1 que pr\u00e1ticas abertas reduzem assimetrias e incentivam o controle social. A decis\u00e3o tamb\u00e9m considera a demanda local por maior clareza nas a\u00e7\u00f5es governamentais, embora desafios operacionais, como capacita\u00e7\u00e3o de servidores e integra\u00e7\u00e3o de sistemas, ainda demandem aten\u00e7\u00e3o durante a implementa\u00e7\u00e3o.","5":"Sim","6":"At\u00e9 12 horas semanais","7":"Sim","8":"O principal desafio identificado para a participa\u00e7\u00e3o no PCM 2025 \u00e9 a disponibilidade de recursos humanos e infraestrutura, especialmente em um contexto de demandas urgentes herdadas de gest\u00f5es anteriores, que exigem prioriza\u00e7\u00e3o imediata de servi\u00e7os p\u00fablicos essenciais. A alta administra\u00e7\u00e3o, embora apoie iniciativas de moderniza\u00e7\u00e3o, concentra esfor\u00e7os na resolu\u00e7\u00e3o de problemas estruturais (como defici\u00eancias em setores cr\u00edticos e ajustes fiscais), o que limita a aloca\u00e7\u00e3o de servidores para atividades do programa. Al\u00e9m disso, a concilia\u00e7\u00e3o de hor\u00e1rios entre as rotinas laborais e as capacita\u00e7\u00f5es virtuais do PCM representa um obst\u00e1culo, visto que muitos servidores j\u00e1 est\u00e3o sobrecarregados com tarefas operacionais.","9":"O munic\u00edpio de Faina apresenta um perfil ideal para o PCM 2025 ao integrar pr\u00e9via ades\u00e3o \u00e0 transpar\u00eancia (com portais de dados e ouvidoria ativa) e esfor\u00e7os em gest\u00e3o de riscos (foco em licita\u00e7\u00f5es e contratos), aliados a servidores capacitados em compliance. A iniciativa, impulsionada pela Controladoria Interna com autonomia t\u00e9cnica, reflete o compromisso da administra\u00e7\u00e3o em modernizar a gest\u00e3o p\u00fablica, mesmo em cen\u00e1rio de desafios herdados. A sele\u00e7\u00e3o do munic\u00edpio permitiria ao programa potencializar pr\u00e1ticas j\u00e1 iniciadas, transformando-as em um modelo replic\u00e1vel de governan\u00e7a integrada, com impacto demonstrativo em localidades que combinam limita\u00e7\u00f5es estruturais e vontade pol\u00edtica para avan\u00e7ar em \u00e9tica, efici\u00eancia e controle social."}
2025-04-29 21:44:35 - Processando pergunta 1, resposta_valor: A iniciativa de inscrever o município de Faina no Programa de Compliance Municipal (PCM) 2025 partiu de mim, Eduardo Kennedy Silva Rodrigues, no exercício de minhas atribuições como Controlador Interno do município. Motivado pelos conhecimentos adquiridos em cursos de formação em controle interno e compliance — áreas que destacam a importância de mecanismos de integridade e transparência —, identifiquei no PCM 2025 uma oportunidade estratégica para alinhar Faina a práticas modernas de gestão pública, visando otimizar processos, reduzir riscos e fortalecer a credibilidade institucional.

Quanto à receptividade da administração municipal, embora a inscrição no programa não tenha sido previamente discutida em detalhes com o prefeito em razão de trâmites burocráticos e prazos curtos, a proposta encontra ressonância nos objetivos declarados da gestão. Em reuniões e diálogos informais, o prefeito e a equipe de governo reiteraram publicamente o compromisso com a eficiência administrativa e a modernização da máquina pública, fatores que convergem com os pilares do PCM. Isso permitiu que a adesão fosse interpretada como um passo natural nessa direção, ainda que o formato específico do programa não tivesse sido debatido previamente.
2025-04-29 21:44:35 - Processando pergunta 2, resposta_valor: Não|Não houve comunicação formal prévia ao prefeito sobre a inscrição específica no PCM 2025, porém a ação está respaldada na autonomia funcional que me foi delegada pelo chefe do Executivo para aderir a programas alinhados à promoção da boa gestão pública. Essa prerrogativa, concedida em razão do meu cargo de Controlador Interno, reflete a confiança da administração em iniciativas que potencializem a eficiência e a transparência municipal, objetivos consistentes com as diretrizes do PCM. A adesão preemptiva justifica-se pela urgência em garantir a participação do município, sem prejuízo de prestar esclarecimentos detalhados posteriormente, como parte do processo de implementação do programa.
2025-04-29 21:44:35 - Pergunta 2 - resposta_sim_nao: Não, justificativa_valor: Não houve comunicação formal prévia ao prefeito sobre a inscrição específica no PCM 2025, porém a ação está respaldada na autonomia funcional que me foi delegada pelo chefe do Executivo para aderir a programas alinhados à promoção da boa gestão pública. Essa prerrogativa, concedida em razão do meu cargo de Controlador Interno, reflete a confiança da administração em iniciativas que potencializem a eficiência e a transparência municipal, objetivos consistentes com as diretrizes do PCM. A adesão preemptiva justifica-se pela urgência em garantir a participação do município, sem prejuízo de prestar esclarecimentos detalhados posteriormente, como parte do processo de implementação do programa.
2025-04-29 21:44:36 - Processando pergunta 14, resposta_valor: FINANCAS|2|3|0|5;OBRAS|19|23|0|42
2025-04-29 21:44:36 - Pergunta 14 (planilha) - linhas brutas: ["FINANCAS|2|3|0|5","OBRAS|19|23|0|42"]
2025-04-29 21:44:36 - Pergunta 14 (planilha) - dados da linha: ["FINANCAS","2","3","0","5"]
2025-04-29 21:44:36 - Pergunta 14 (planilha) - dados da linha: ["OBRAS","19","23","0","42"]
2025-04-29 21:44:37 - Pergunta 14 (planilha) - planilha_data: [{"secretaria":"FINANCAS","efetivos":"2","comissionados":"3","temporarios":"0","total_parcial":"5"},{"secretaria":"OBRAS","efetivos":"19","comissionados":"23","temporarios":"0","total_parcial":"42"}]
2025-04-29 21:44:37 - Processando pergunta 4, resposta_valor: Sim|Transparência/Ouvidoria|Priorizamos o eixo Transparência/Ouvidoria entendendo-o como estratégico para fortalecer a relação com a população e garantir acesso amplo às informações públicas. Essa escolha alinha-se às diretrizes da gestão, que já vinham ampliando iniciativas como portais de dados abertos e canais de participação social, além de reforçar a ouvidoria como ferramenta de diálogo e aprimoramento de serviços. O foco nesse eixo reflete a visão de que a transparência é base para a credibilidade institucional e um catalisador indireto dos demais eixos (Ética e Gestão de Riscos), já que práticas abertas reduzem assimetrias e incentivam o controle social. A decisão também considera a demanda local por maior clareza nas ações governamentais, embora desafios operacionais, como capacitação de servidores e integração de sistemas, ainda demandem atenção durante a implementação.
2025-04-29 21:44:37 - Pergunta 4 - resposta_sim_nao: Sim, eixo_selecionado: Transparência/Ouvidoria, justificativa_valor: Priorizamos o eixo Transparência/Ouvidoria entendendo-o como estratégico para fortalecer a relação com a população e garantir acesso amplo às informações públicas. Essa escolha alinha-se às diretrizes da gestão, que já vinham ampliando iniciativas como portais de dados abertos e canais de participação social, além de reforçar a ouvidoria como ferramenta de diálogo e aprimoramento de serviços. O foco nesse eixo reflete a visão de que a transparência é base para a credibilidade institucional e um catalisador indireto dos demais eixos (Ética e Gestão de Riscos), já que práticas abertas reduzem assimetrias e incentivam o controle social. A decisão também considera a demanda local por maior clareza nas ações governamentais, embora desafios operacionais, como capacitação de servidores e integração de sistemas, ainda demandem atenção durante a implementação.
2025-04-29 21:44:37 - Processando pergunta 5, resposta_valor: Sim
2025-04-29 21:44:37 - Pergunta 5 - resposta_sim_nao: Sim, justificativa_valor: 
2025-04-29 21:44:38 - Processando pergunta 6, resposta_valor: Até 12 horas semanais
2025-04-29 21:44:38 - Processando pergunta 7, resposta_valor: Sim
2025-04-29 21:44:38 - Pergunta 7 - resposta_sim_nao: Sim, justificativa_valor: 
2025-04-29 21:44:38 - Processando pergunta 8, resposta_valor: O principal desafio identificado para a participação no PCM 2025 é a disponibilidade de recursos humanos e infraestrutura, especialmente em um contexto de demandas urgentes herdadas de gestões anteriores, que exigem priorização imediata de serviços públicos essenciais. A alta administração, embora apoie iniciativas de modernização, concentra esforços na resolução de problemas estruturais (como deficiências em setores críticos e ajustes fiscais), o que limita a alocação de servidores para atividades do programa. Além disso, a conciliação de horários entre as rotinas laborais e as capacitações virtuais do PCM representa um obstáculo, visto que muitos servidores já estão sobrecarregados com tarefas operacionais.
2025-04-29 21:44:38 - Pergunta 8 - resposta_valor: O principal desafio identificado para a participação no PCM 2025 é a disponibilidade de recursos humanos e infraestrutura, especialmente em um contexto de demandas urgentes herdadas de gestões anteriores, que exigem priorização imediata de serviços públicos essenciais. A alta administração, embora apoie iniciativas de modernização, concentra esforços na resolução de problemas estruturais (como deficiências em setores críticos e ajustes fiscais), o que limita a alocação de servidores para atividades do programa. Além disso, a conciliação de horários entre as rotinas laborais e as capacitações virtuais do PCM representa um obstáculo, visto que muitos servidores já estão sobrecarregados com tarefas operacionais., outras_respostas_valor: 
2025-04-29 21:44:39 - Processando pergunta 9, resposta_valor: O município de Faina apresenta um perfil ideal para o PCM 2025 ao integrar prévia adesão à transparência (com portais de dados e ouvidoria ativa) e esforços em gestão de riscos (foco em licitações e contratos), aliados a servidores capacitados em compliance. A iniciativa, impulsionada pela Controladoria Interna com autonomia técnica, reflete o compromisso da administração em modernizar a gestão pública, mesmo em cenário de desafios herdados. A seleção do município permitiria ao programa potencializar práticas já iniciadas, transformando-as em um modelo replicável de governança integrada, com impacto demonstrativo em localidades que combinam limitações estruturais e vontade política para avançar em ética, eficiência e controle social.
2025-04-30 00:13:11 - Prefeitura ID: 71
2025-04-30 00:13:11 - Total de perguntas recuperadas: 9
2025-04-30 00:13:11 - Respostas recuperadas: {"1":"A iniciativa de inscrever o munic\u00edpio no Programa de Compliance P\u00fablico Municipal (PCM 2025) partiu do Controlador-Geral do Munic\u00edpio, o senhor Eduardo Dias Martins. Demonstrando vis\u00e3o estrat\u00e9gica e comprometimento com a integridade p\u00fablica, o Controlador-Geral apresentou a proposta ao Secret\u00e1rio de Gest\u00e3o e ao Prefeito, que prontamente acolheram a ideia.\r\nA proposta foi recebida de forma extremamente positiva pela Administra\u00e7\u00e3o Municipal e pelos servidores. Houve um reconhecimento imediato da import\u00e2ncia da ades\u00e3o ao programa, visto como uma oportunidade concreta para fortalecer a transpar\u00eancia, a \u00e9tica e a boa governan\u00e7a no \u00e2mbito municipal. A Administra\u00e7\u00e3o valorizou o compromisso com o aprimoramento cont\u00ednuo da gest\u00e3o p\u00fablica, enquanto os servidores se mostraram motivados diante da perspectiva de capacita\u00e7\u00e3o, crescimento institucional e constru\u00e7\u00e3o de uma cultura organizacional ainda mais alinhada aos princ\u00edpios da legalidade, impessoalidade, moralidade, publicidade e efici\u00eancia.","2":"Sim"}
2025-04-30 00:13:11 - Processando pergunta 1, resposta_valor: A iniciativa de inscrever o município no Programa de Compliance Público Municipal (PCM 2025) partiu do Controlador-Geral do Município, o senhor Eduardo Dias Martins. Demonstrando visão estratégica e comprometimento com a integridade pública, o Controlador-Geral apresentou a proposta ao Secretário de Gestão e ao Prefeito, que prontamente acolheram a ideia.
A proposta foi recebida de forma extremamente positiva pela Administração Municipal e pelos servidores. Houve um reconhecimento imediato da importância da adesão ao programa, visto como uma oportunidade concreta para fortalecer a transparência, a ética e a boa governança no âmbito municipal. A Administração valorizou o compromisso com o aprimoramento contínuo da gestão pública, enquanto os servidores se mostraram motivados diante da perspectiva de capacitação, crescimento institucional e construção de uma cultura organizacional ainda mais alinhada aos princípios da legalidade, impessoalidade, moralidade, publicidade e eficiência.
2025-04-30 00:13:11 - Processando pergunta 2, resposta_valor: Sim
2025-04-30 00:13:11 - Pergunta 2 - resposta_sim_nao: Sim, justificativa_valor: 
2025-04-30 00:13:11 - Processando pergunta 14, resposta_valor: 
2025-04-30 00:13:11 - Processando pergunta 4, resposta_valor: 
2025-04-30 00:13:11 - Processando pergunta 5, resposta_valor: 
2025-04-30 00:13:11 - Processando pergunta 6, resposta_valor: 
2025-04-30 00:13:11 - Processando pergunta 7, resposta_valor: 
2025-04-30 00:13:11 - Processando pergunta 8, resposta_valor: 
2025-04-30 00:13:12 - Processando pergunta 9, resposta_valor: 
2025-04-30 00:19:10 - Prefeitura ID: 71
2025-04-30 00:19:10 - Total de perguntas recuperadas: 9
2025-04-30 00:19:10 - Respostas recuperadas: {"1":"A iniciativa de inscrever o munic\u00edpio no Programa de Compliance P\u00fablico Municipal (PCM 2025) partiu do Controlador-Geral do Munic\u00edpio, o senhor Eduardo Dias Martins. Demonstrando vis\u00e3o estrat\u00e9gica e comprometimento com a integridade p\u00fablica, o Controlador-Geral apresentou a proposta ao Secret\u00e1rio de Gest\u00e3o e ao Prefeito, que prontamente acolheram a ideia.\r\nA proposta foi recebida de forma extremamente positiva pela Administra\u00e7\u00e3o Municipal e pelos servidores. Houve um reconhecimento imediato da import\u00e2ncia da ades\u00e3o ao programa, visto como uma oportunidade concreta para fortalecer a transpar\u00eancia, a \u00e9tica e a boa governan\u00e7a no \u00e2mbito municipal. A Administra\u00e7\u00e3o valorizou o compromisso com o aprimoramento cont\u00ednuo da gest\u00e3o p\u00fablica, enquanto os servidores se mostraram motivados diante da perspectiva de capacita\u00e7\u00e3o, crescimento institucional e constru\u00e7\u00e3o de uma cultura organizacional ainda mais alinhada aos princ\u00edpios da legalidade, impessoalidade, moralidade, publicidade e efici\u00eancia.","2":"Sim"}
2025-04-30 00:19:11 - Processando pergunta 1, resposta_valor: A iniciativa de inscrever o município no Programa de Compliance Público Municipal (PCM 2025) partiu do Controlador-Geral do Município, o senhor Eduardo Dias Martins. Demonstrando visão estratégica e comprometimento com a integridade pública, o Controlador-Geral apresentou a proposta ao Secretário de Gestão e ao Prefeito, que prontamente acolheram a ideia.
A proposta foi recebida de forma extremamente positiva pela Administração Municipal e pelos servidores. Houve um reconhecimento imediato da importância da adesão ao programa, visto como uma oportunidade concreta para fortalecer a transparência, a ética e a boa governança no âmbito municipal. A Administração valorizou o compromisso com o aprimoramento contínuo da gestão pública, enquanto os servidores se mostraram motivados diante da perspectiva de capacitação, crescimento institucional e construção de uma cultura organizacional ainda mais alinhada aos princípios da legalidade, impessoalidade, moralidade, publicidade e eficiência.
2025-04-30 00:19:11 - Processando pergunta 2, resposta_valor: Sim
2025-04-30 00:19:11 - Pergunta 2 - resposta_sim_nao: Sim, justificativa_valor: 
2025-04-30 00:19:11 - Processando pergunta 14, resposta_valor: 
2025-04-30 00:19:11 - Processando pergunta 4, resposta_valor: 
2025-04-30 00:19:11 - Processando pergunta 5, resposta_valor: 
2025-04-30 00:19:11 - Processando pergunta 6, resposta_valor: 
2025-04-30 00:19:11 - Processando pergunta 7, resposta_valor: 
2025-04-30 00:19:11 - Processando pergunta 8, resposta_valor: 
2025-04-30 00:19:11 - Processando pergunta 9, resposta_valor: 
2025-04-30 08:44:28 - Prefeitura ID: 71
2025-04-30 08:44:28 - Total de perguntas recuperadas: 9
2025-04-30 08:44:29 - Respostas recuperadas: {"1":"A iniciativa de inscrever o munic\u00edpio no Programa de Compliance P\u00fablico Municipal (PCM 2025) partiu do Controlador-Geral do Munic\u00edpio, o senhor Eduardo Dias Martins. Demonstrando vis\u00e3o estrat\u00e9gica e comprometimento com a integridade p\u00fablica, o Controlador-Geral apresentou a proposta ao Secret\u00e1rio de Gest\u00e3o e ao Prefeito, que prontamente acolheram a ideia.\r\nA proposta foi recebida de forma extremamente positiva pela Administra\u00e7\u00e3o Municipal e pelos servidores. Houve um reconhecimento imediato da import\u00e2ncia da ades\u00e3o ao programa, visto como uma oportunidade concreta para fortalecer a transpar\u00eancia, a \u00e9tica e a boa governan\u00e7a no \u00e2mbito municipal. A Administra\u00e7\u00e3o valorizou o compromisso com o aprimoramento cont\u00ednuo da gest\u00e3o p\u00fablica, enquanto os servidores se mostraram motivados diante da perspectiva de capacita\u00e7\u00e3o, crescimento institucional e constru\u00e7\u00e3o de uma cultura organizacional ainda mais alinhada aos princ\u00edpios da legalidade, impessoalidade, moralidade, publicidade e efici\u00eancia.","2":"Sim"}
2025-04-30 08:44:29 - Processando pergunta 1, resposta_valor: A iniciativa de inscrever o município no Programa de Compliance Público Municipal (PCM 2025) partiu do Controlador-Geral do Município, o senhor Eduardo Dias Martins. Demonstrando visão estratégica e comprometimento com a integridade pública, o Controlador-Geral apresentou a proposta ao Secretário de Gestão e ao Prefeito, que prontamente acolheram a ideia.
A proposta foi recebida de forma extremamente positiva pela Administração Municipal e pelos servidores. Houve um reconhecimento imediato da importância da adesão ao programa, visto como uma oportunidade concreta para fortalecer a transparência, a ética e a boa governança no âmbito municipal. A Administração valorizou o compromisso com o aprimoramento contínuo da gestão pública, enquanto os servidores se mostraram motivados diante da perspectiva de capacitação, crescimento institucional e construção de uma cultura organizacional ainda mais alinhada aos princípios da legalidade, impessoalidade, moralidade, publicidade e eficiência.
2025-04-30 08:44:29 - Processando pergunta 2, resposta_valor: Sim
2025-04-30 08:44:29 - Pergunta 2 - resposta_sim_nao: Sim, justificativa_valor: 
2025-04-30 08:44:30 - Processando pergunta 14, resposta_valor: 
2025-04-30 08:44:30 - Processando pergunta 4, resposta_valor: 
2025-04-30 08:44:30 - Processando pergunta 5, resposta_valor: 
2025-04-30 08:44:30 - Processando pergunta 6, resposta_valor: 
2025-04-30 08:44:30 - Processando pergunta 7, resposta_valor: 
2025-04-30 08:44:31 - Processando pergunta 8, resposta_valor: 
2025-04-30 08:44:31 - Processando pergunta 9, resposta_valor: 
2025-04-30 08:44:42 - Prefeitura ID: 71
2025-04-30 08:44:43 - Total de perguntas recuperadas: 9
2025-04-30 08:44:43 - Respostas recuperadas: {"1":"A iniciativa de inscrever o munic\u00edpio no Programa de Compliance P\u00fablico Municipal (PCM 2025) partiu do Controlador-Geral do Munic\u00edpio, o senhor Eduardo Dias Martins. Demonstrando vis\u00e3o estrat\u00e9gica e comprometimento com a integridade p\u00fablica, o Controlador-Geral apresentou a proposta ao Secret\u00e1rio de Gest\u00e3o e ao Prefeito, que prontamente acolheram a ideia.\r\nA proposta foi recebida de forma extremamente positiva pela Administra\u00e7\u00e3o Municipal e pelos servidores. Houve um reconhecimento imediato da import\u00e2ncia da ades\u00e3o ao programa, visto como uma oportunidade concreta para fortalecer a transpar\u00eancia, a \u00e9tica e a boa governan\u00e7a no \u00e2mbito municipal. A Administra\u00e7\u00e3o valorizou o compromisso com o aprimoramento cont\u00ednuo da gest\u00e3o p\u00fablica, enquanto os servidores se mostraram motivados diante da perspectiva de capacita\u00e7\u00e3o, crescimento institucional e constru\u00e7\u00e3o de uma cultura organizacional ainda mais alinhada aos princ\u00edpios da legalidade, impessoalidade, moralidade, publicidade e efici\u00eancia.","2":"Sim"}
2025-04-30 08:44:43 - Processando pergunta 1, resposta_valor: A iniciativa de inscrever o município no Programa de Compliance Público Municipal (PCM 2025) partiu do Controlador-Geral do Município, o senhor Eduardo Dias Martins. Demonstrando visão estratégica e comprometimento com a integridade pública, o Controlador-Geral apresentou a proposta ao Secretário de Gestão e ao Prefeito, que prontamente acolheram a ideia.
A proposta foi recebida de forma extremamente positiva pela Administração Municipal e pelos servidores. Houve um reconhecimento imediato da importância da adesão ao programa, visto como uma oportunidade concreta para fortalecer a transparência, a ética e a boa governança no âmbito municipal. A Administração valorizou o compromisso com o aprimoramento contínuo da gestão pública, enquanto os servidores se mostraram motivados diante da perspectiva de capacitação, crescimento institucional e construção de uma cultura organizacional ainda mais alinhada aos princípios da legalidade, impessoalidade, moralidade, publicidade e eficiência.
2025-04-30 08:44:43 - Processando pergunta 2, resposta_valor: Sim
2025-04-30 08:44:43 - Pergunta 2 - resposta_sim_nao: Sim, justificativa_valor: 
2025-04-30 08:44:44 - Processando pergunta 14, resposta_valor: 
2025-04-30 08:44:44 - Processando pergunta 4, resposta_valor: 
2025-04-30 08:44:44 - Processando pergunta 5, resposta_valor: 
2025-04-30 08:44:44 - Processando pergunta 6, resposta_valor: 
2025-04-30 08:44:44 - Processando pergunta 7, resposta_valor: 
2025-04-30 08:44:45 - Processando pergunta 8, resposta_valor: 
2025-04-30 08:44:45 - Processando pergunta 9, resposta_valor: 
2025-04-30 10:29:01 - Prefeitura ID: 62
2025-04-30 10:29:02 - Total de perguntas recuperadas: 9
2025-04-30 10:29:02 - Respostas recuperadas: {"1":"Prefeita","2":"Sim"}
2025-04-30 10:29:02 - Processando pergunta 1, resposta_valor: Prefeita
2025-04-30 10:29:02 - Processando pergunta 2, resposta_valor: Sim
2025-04-30 10:29:03 - Pergunta 2 - resposta_sim_nao: Sim, justificativa_valor: 
2025-04-30 10:29:03 - Processando pergunta 14, resposta_valor: 
2025-04-30 10:29:03 - Processando pergunta 4, resposta_valor: 
2025-04-30 10:29:03 - Processando pergunta 5, resposta_valor: 
2025-04-30 10:29:03 - Processando pergunta 6, resposta_valor: 
2025-04-30 10:29:04 - Processando pergunta 7, resposta_valor: 
2025-04-30 10:29:04 - Processando pergunta 8, resposta_valor: 
2025-04-30 10:29:04 - Processando pergunta 9, resposta_valor: 
2025-04-30 10:43:25 - Prefeitura ID: 62
2025-04-30 10:43:25 - Total de perguntas recuperadas: 9
2025-04-30 10:43:25 - Respostas recuperadas: {"1":"Prefeita","2":"Sim"}
2025-04-30 10:43:25 - Formulário enviado: {"resposta":{"1":"Prefeita","2":{"sim_nao":"Sim"},"4":{"sim_nao":"N\u00e3o","eixo":""},"5":"Sim","6":"5 HORAS SEMANAIS","7":{"sim_nao":"Sim"},"8":"Interesse dos servidores nas capacita\u00e7\u00f5es virtuais","9":"Melhoria nas execu\u00e7\u00f5es das Pol\u00edticas P\u00fablicas"},"justificativa":{"2":"","4":"","5":"","7":""},"secretaria":{"14":["Prefeitura Municipal de Ipor\u00e1","Fundo Municipal de Assist\u00eancia Social","Fundo Municipal do Meio Ambiente","Fundo Municipal de Sa\u00fade","Fundo Municipal de Educa\u00e7\u00e3o FME","FUNDEB"]},"efetivos":{"14":["126","18","4","334","125","311"]},"comissionados":{"14":["69","45","2","48","10","0"]},"temporarios":{"14":["0","0","0","0","0","0"]},"salvar":""}
2025-04-30 10:43:26 - Atualizada resposta para pergunta 1: Prefeita
2025-04-30 10:43:26 - Atualizada resposta para pergunta 2: Sim
2025-04-30 10:43:26 - Pergunta 14 (planilha) - Resposta gerada: Prefeitura Municipal de Iporá|126|69|0|195;Fundo Municipal de Assistência Social|18|45|0|63;Fundo Municipal do Meio Ambiente|4|2|0|6;Fundo Municipal de Saúde|334|48|0|382;Fundo Municipal de Educação FME|125|10|0|135;FUNDEB|311|0|0|311
2025-04-30 10:43:26 - Inserida resposta para pergunta 14: Prefeitura Municipal de Iporá|126|69|0|195;Fundo Municipal de Assistência Social|18|45|0|63;Fundo Municipal do Meio Ambiente|4|2|0|6;Fundo Municipal de Saúde|334|48|0|382;Fundo Municipal de Educação FME|125|10|0|135;FUNDEB|311|0|0|311
2025-04-30 10:43:27 - Inserida resposta para pergunta 4: Não
2025-04-30 10:43:27 - Inserida resposta para pergunta 5: Sim
2025-04-30 10:43:27 - Inserida resposta para pergunta 6: 5 HORAS SEMANAIS
2025-04-30 10:43:27 - Inserida resposta para pergunta 7: Sim
2025-04-30 10:43:27 - Inserida resposta para pergunta 8: Interesse dos servidores nas capacitações virtuais
2025-04-30 10:43:28 - Inserida resposta para pergunta 9: Melhoria nas execuções das Políticas Públicas
2025-04-30 10:43:28 - Salvamento concluído com sucesso
2025-04-30 10:43:28 - Prefeitura ID: 62
2025-04-30 10:43:28 - Total de perguntas recuperadas: 9
2025-04-30 10:43:29 - Respostas recuperadas: {"1":"Prefeita","2":"Sim","14":"Prefeitura Municipal de Ipor\u00e1|126|69|0|195;Fundo Municipal de Assist\u00eancia Social|18|45|0|63;Fundo Municipal do Meio Ambiente|4|2|0|6;Fundo Municipal de Sa\u00fade|334|48|0|382;Fundo Municipal de Educa\u00e7\u00e3o FME|125|10|0|135;FUNDEB|311|0|0|311","4":"N\u00e3o","5":"Sim","6":"5 HORAS SEMANAIS","7":"Sim","8":"Interesse dos servidores nas capacita\u00e7\u00f5es virtuais","9":"Melhoria nas execu\u00e7\u00f5es das Pol\u00edticas P\u00fablicas"}
2025-04-30 10:43:29 - Processando pergunta 1, resposta_valor: Prefeita
2025-04-30 10:43:29 - Processando pergunta 2, resposta_valor: Sim
2025-04-30 10:43:29 - Pergunta 2 - resposta_sim_nao: Sim, justificativa_valor: 
2025-04-30 10:43:29 - Processando pergunta 14, resposta_valor: Prefeitura Municipal de Iporá|126|69|0|195;Fundo Municipal de Assistência Social|18|45|0|63;Fundo Municipal do Meio Ambiente|4|2|0|6;Fundo Municipal de Saúde|334|48|0|382;Fundo Municipal de Educação FME|125|10|0|135;FUNDEB|311|0|0|311
2025-04-30 10:43:30 - Pergunta 14 (planilha) - linhas brutas: ["Prefeitura Municipal de Ipor\u00e1|126|69|0|195","Fundo Municipal de Assist\u00eancia Social|18|45|0|63","Fundo Municipal do Meio Ambiente|4|2|0|6","Fundo Municipal de Sa\u00fade|334|48|0|382","Fundo Municipal de Educa\u00e7\u00e3o FME|125|10|0|135","FUNDEB|311|0|0|311"]
2025-04-30 10:43:30 - Pergunta 14 (planilha) - dados da linha: ["Prefeitura Municipal de Ipor\u00e1","126","69","0","195"]
2025-04-30 10:43:30 - Pergunta 14 (planilha) - dados da linha: ["Fundo Municipal de Assist\u00eancia Social","18","45","0","63"]
2025-04-30 10:43:30 - Pergunta 14 (planilha) - dados da linha: ["Fundo Municipal do Meio Ambiente","4","2","0","6"]
2025-04-30 10:43:30 - Pergunta 14 (planilha) - dados da linha: ["Fundo Municipal de Sa\u00fade","334","48","0","382"]
2025-04-30 10:43:31 - Pergunta 14 (planilha) - dados da linha: ["Fundo Municipal de Educa\u00e7\u00e3o FME","125","10","0","135"]
2025-04-30 10:43:31 - Pergunta 14 (planilha) - dados da linha: ["FUNDEB","311","0","0","311"]
2025-04-30 10:43:31 - Pergunta 14 (planilha) - planilha_data: [{"secretaria":"Prefeitura Municipal de Ipor\u00e1","efetivos":"126","comissionados":"69","temporarios":"0","total_parcial":"195"},{"secretaria":"Fundo Municipal de Assist\u00eancia Social","efetivos":"18","comissionados":"45","temporarios":"0","total_parcial":"63"},{"secretaria":"Fundo Municipal do Meio Ambiente","efetivos":"4","comissionados":"2","temporarios":"0","total_parcial":"6"},{"secretaria":"Fundo Municipal de Sa\u00fade","efetivos":"334","comissionados":"48","temporarios":"0","total_parcial":"382"},{"secretaria":"Fundo Municipal de Educa\u00e7\u00e3o FME","efetivos":"125","comissionados":"10","temporarios":"0","total_parcial":"135"},{"secretaria":"FUNDEB","efetivos":"311","comissionados":"0","temporarios":"0","total_parcial":"311"}]
2025-04-30 10:43:31 - Processando pergunta 4, resposta_valor: Não
2025-04-30 10:43:32 - Pergunta 4 - resposta_sim_nao: Não, eixo_selecionado: , justificativa_valor: 
2025-04-30 10:43:32 - Processando pergunta 5, resposta_valor: Sim
2025-04-30 10:43:32 - Pergunta 5 - resposta_sim_nao: Sim, justificativa_valor: 
2025-04-30 10:43:32 - Processando pergunta 6, resposta_valor: 5 HORAS SEMANAIS
2025-04-30 10:43:32 - Processando pergunta 7, resposta_valor: Sim
2025-04-30 10:43:33 - Pergunta 7 - resposta_sim_nao: Sim, justificativa_valor: 
2025-04-30 10:43:33 - Processando pergunta 8, resposta_valor: Interesse dos servidores nas capacitações virtuais
2025-04-30 10:43:33 - Pergunta 8 - resposta_valor: Interesse dos servidores nas capacitações virtuais, outras_respostas_valor: 
2025-04-30 10:43:33 - Processando pergunta 9, resposta_valor: Melhoria nas execuções das Políticas Públicas
2025-04-30 10:43:48 - Prefeitura ID: 62
2025-04-30 10:43:48 - Total de perguntas recuperadas: 9
2025-04-30 10:43:48 - Respostas recuperadas: {"1":"Prefeita","2":"Sim","14":"Prefeitura Municipal de Ipor\u00e1|126|69|0|195;Fundo Municipal de Assist\u00eancia Social|18|45|0|63;Fundo Municipal do Meio Ambiente|4|2|0|6;Fundo Municipal de Sa\u00fade|334|48|0|382;Fundo Municipal de Educa\u00e7\u00e3o FME|125|10|0|135;FUNDEB|311|0|0|311","4":"N\u00e3o","5":"Sim","6":"5 HORAS SEMANAIS","7":"Sim","8":"Interesse dos servidores nas capacita\u00e7\u00f5es virtuais","9":"Melhoria nas execu\u00e7\u00f5es das Pol\u00edticas P\u00fablicas"}
2025-04-30 10:43:48 - Formulário enviado: {"resposta":{"1":"Prefeita","2":{"sim_nao":"Sim"},"4":{"sim_nao":"N\u00e3o","eixo":""},"5":"Sim","6":"5 HORAS SEMANAIS","7":{"sim_nao":"Sim"},"8":"Interesse dos servidores nas capacita\u00e7\u00f5es virtuais","9":"Melhoria nas execu\u00e7\u00f5es das Pol\u00edticas P\u00fablicas"},"justificativa":{"2":"","4":"","5":"","7":""},"secretaria":{"14":["Prefeitura Municipal de Ipor\u00e1","Fundo Municipal de Assist\u00eancia Social","Fundo Municipal do Meio Ambiente","Fundo Municipal de Sa\u00fade","Fundo Municipal de Educa\u00e7\u00e3o FME","FUNDEB"]},"efetivos":{"14":["126","18","4","334","125","311"]},"comissionados":{"14":["69","45","2","48","10","0"]},"temporarios":{"14":["0","0","0","0","0","0"]},"salvar":""}
2025-04-30 10:43:48 - Atualizada resposta para pergunta 1: Prefeita
2025-04-30 10:43:49 - Atualizada resposta para pergunta 2: Sim
2025-04-30 10:43:49 - Pergunta 14 (planilha) - Resposta gerada: Prefeitura Municipal de Iporá|126|69|0|195;Fundo Municipal de Assistência Social|18|45|0|63;Fundo Municipal do Meio Ambiente|4|2|0|6;Fundo Municipal de Saúde|334|48|0|382;Fundo Municipal de Educação FME|125|10|0|135;FUNDEB|311|0|0|311
2025-04-30 10:43:49 - Atualizada resposta para pergunta 14: Prefeitura Municipal de Iporá|126|69|0|195;Fundo Municipal de Assistência Social|18|45|0|63;Fundo Municipal do Meio Ambiente|4|2|0|6;Fundo Municipal de Saúde|334|48|0|382;Fundo Municipal de Educação FME|125|10|0|135;FUNDEB|311|0|0|311
2025-04-30 10:43:49 - Atualizada resposta para pergunta 4: Não
2025-04-30 10:43:50 - Atualizada resposta para pergunta 5: Sim
2025-04-30 10:43:50 - Atualizada resposta para pergunta 6: 5 HORAS SEMANAIS
2025-04-30 10:43:50 - Atualizada resposta para pergunta 7: Sim
2025-04-30 10:43:50 - Atualizada resposta para pergunta 8: Interesse dos servidores nas capacitações virtuais
2025-04-30 10:43:50 - Atualizada resposta para pergunta 9: Melhoria nas execuções das Políticas Públicas
2025-04-30 10:43:51 - Salvamento concluído com sucesso
2025-04-30 10:43:51 - Prefeitura ID: 62
2025-04-30 10:43:51 - Total de perguntas recuperadas: 9
2025-04-30 10:43:51 - Respostas recuperadas: {"1":"Prefeita","2":"Sim","14":"Prefeitura Municipal de Ipor\u00e1|126|69|0|195;Fundo Municipal de Assist\u00eancia Social|18|45|0|63;Fundo Municipal do Meio Ambiente|4|2|0|6;Fundo Municipal de Sa\u00fade|334|48|0|382;Fundo Municipal de Educa\u00e7\u00e3o FME|125|10|0|135;FUNDEB|311|0|0|311","4":"N\u00e3o","5":"Sim","6":"5 HORAS SEMANAIS","7":"Sim","8":"Interesse dos servidores nas capacita\u00e7\u00f5es virtuais","9":"Melhoria nas execu\u00e7\u00f5es das Pol\u00edticas P\u00fablicas"}
2025-04-30 10:43:52 - Processando pergunta 1, resposta_valor: Prefeita
2025-04-30 10:43:52 - Processando pergunta 2, resposta_valor: Sim
2025-04-30 10:43:52 - Pergunta 2 - resposta_sim_nao: Sim, justificativa_valor: 
2025-04-30 10:43:52 - Processando pergunta 14, resposta_valor: Prefeitura Municipal de Iporá|126|69|0|195;Fundo Municipal de Assistência Social|18|45|0|63;Fundo Municipal do Meio Ambiente|4|2|0|6;Fundo Municipal de Saúde|334|48|0|382;Fundo Municipal de Educação FME|125|10|0|135;FUNDEB|311|0|0|311
2025-04-30 10:43:52 - Pergunta 14 (planilha) - linhas brutas: ["Prefeitura Municipal de Ipor\u00e1|126|69|0|195","Fundo Municipal de Assist\u00eancia Social|18|45|0|63","Fundo Municipal do Meio Ambiente|4|2|0|6","Fundo Municipal de Sa\u00fade|334|48|0|382","Fundo Municipal de Educa\u00e7\u00e3o FME|125|10|0|135","FUNDEB|311|0|0|311"]
2025-04-30 10:43:53 - Pergunta 14 (planilha) - dados da linha: ["Prefeitura Municipal de Ipor\u00e1","126","69","0","195"]
2025-04-30 10:43:53 - Pergunta 14 (planilha) - dados da linha: ["Fundo Municipal de Assist\u00eancia Social","18","45","0","63"]
2025-04-30 10:43:53 - Pergunta 14 (planilha) - dados da linha: ["Fundo Municipal do Meio Ambiente","4","2","0","6"]
2025-04-30 10:43:53 - Pergunta 14 (planilha) - dados da linha: ["Fundo Municipal de Sa\u00fade","334","48","0","382"]
2025-04-30 10:43:53 - Pergunta 14 (planilha) - dados da linha: ["Fundo Municipal de Educa\u00e7\u00e3o FME","125","10","0","135"]
2025-04-30 10:43:54 - Pergunta 14 (planilha) - dados da linha: ["FUNDEB","311","0","0","311"]
2025-04-30 10:43:54 - Pergunta 14 (planilha) - planilha_data: [{"secretaria":"Prefeitura Municipal de Ipor\u00e1","efetivos":"126","comissionados":"69","temporarios":"0","total_parcial":"195"},{"secretaria":"Fundo Municipal de Assist\u00eancia Social","efetivos":"18","comissionados":"45","temporarios":"0","total_parcial":"63"},{"secretaria":"Fundo Municipal do Meio Ambiente","efetivos":"4","comissionados":"2","temporarios":"0","total_parcial":"6"},{"secretaria":"Fundo Municipal de Sa\u00fade","efetivos":"334","comissionados":"48","temporarios":"0","total_parcial":"382"},{"secretaria":"Fundo Municipal de Educa\u00e7\u00e3o FME","efetivos":"125","comissionados":"10","temporarios":"0","total_parcial":"135"},{"secretaria":"FUNDEB","efetivos":"311","comissionados":"0","temporarios":"0","total_parcial":"311"}]
2025-04-30 10:43:54 - Processando pergunta 4, resposta_valor: Não
2025-04-30 10:43:54 - Pergunta 4 - resposta_sim_nao: Não, eixo_selecionado: , justificativa_valor: 
2025-04-30 10:43:54 - Processando pergunta 5, resposta_valor: Sim
2025-04-30 10:43:55 - Pergunta 5 - resposta_sim_nao: Sim, justificativa_valor: 
2025-04-30 10:43:55 - Processando pergunta 6, resposta_valor: 5 HORAS SEMANAIS
2025-04-30 10:43:55 - Processando pergunta 7, resposta_valor: Sim
2025-04-30 10:43:55 - Pergunta 7 - resposta_sim_nao: Sim, justificativa_valor: 
2025-04-30 10:43:55 - Processando pergunta 8, resposta_valor: Interesse dos servidores nas capacitações virtuais
2025-04-30 10:43:56 - Pergunta 8 - resposta_valor: Interesse dos servidores nas capacitações virtuais, outras_respostas_valor: 
2025-04-30 10:43:56 - Processando pergunta 9, resposta_valor: Melhoria nas execuções das Políticas Públicas
2025-04-30 10:44:20 - Prefeitura ID: 62
2025-04-30 10:44:20 - Total de perguntas recuperadas: 9
2025-04-30 10:44:21 - Respostas recuperadas: {"1":"Prefeita","2":"Sim","14":"Prefeitura Municipal de Ipor\u00e1|126|69|0|195;Fundo Municipal de Assist\u00eancia Social|18|45|0|63;Fundo Municipal do Meio Ambiente|4|2|0|6;Fundo Municipal de Sa\u00fade|334|48|0|382;Fundo Municipal de Educa\u00e7\u00e3o FME|125|10|0|135;FUNDEB|311|0|0|311","4":"N\u00e3o","5":"Sim","6":"5 HORAS SEMANAIS","7":"Sim","8":"Interesse dos servidores nas capacita\u00e7\u00f5es virtuais","9":"Melhoria nas execu\u00e7\u00f5es das Pol\u00edticas P\u00fablicas"}
2025-04-30 10:44:21 - Processando pergunta 1, resposta_valor: Prefeita
2025-04-30 10:44:21 - Processando pergunta 2, resposta_valor: Sim
2025-04-30 10:44:21 - Pergunta 2 - resposta_sim_nao: Sim, justificativa_valor: 
2025-04-30 10:44:21 - Processando pergunta 14, resposta_valor: Prefeitura Municipal de Iporá|126|69|0|195;Fundo Municipal de Assistência Social|18|45|0|63;Fundo Municipal do Meio Ambiente|4|2|0|6;Fundo Municipal de Saúde|334|48|0|382;Fundo Municipal de Educação FME|125|10|0|135;FUNDEB|311|0|0|311
2025-04-30 10:44:22 - Pergunta 14 (planilha) - linhas brutas: ["Prefeitura Municipal de Ipor\u00e1|126|69|0|195","Fundo Municipal de Assist\u00eancia Social|18|45|0|63","Fundo Municipal do Meio Ambiente|4|2|0|6","Fundo Municipal de Sa\u00fade|334|48|0|382","Fundo Municipal de Educa\u00e7\u00e3o FME|125|10|0|135","FUNDEB|311|0|0|311"]
2025-04-30 10:44:22 - Pergunta 14 (planilha) - dados da linha: ["Prefeitura Municipal de Ipor\u00e1","126","69","0","195"]
2025-04-30 10:44:22 - Pergunta 14 (planilha) - dados da linha: ["Fundo Municipal de Assist\u00eancia Social","18","45","0","63"]
2025-04-30 10:44:22 - Pergunta 14 (planilha) - dados da linha: ["Fundo Municipal do Meio Ambiente","4","2","0","6"]
2025-04-30 10:44:22 - Pergunta 14 (planilha) - dados da linha: ["Fundo Municipal de Sa\u00fade","334","48","0","382"]
2025-04-30 10:44:23 - Pergunta 14 (planilha) - dados da linha: ["Fundo Municipal de Educa\u00e7\u00e3o FME","125","10","0","135"]
2025-04-30 10:44:23 - Pergunta 14 (planilha) - dados da linha: ["FUNDEB","311","0","0","311"]
2025-04-30 10:44:23 - Pergunta 14 (planilha) - planilha_data: [{"secretaria":"Prefeitura Municipal de Ipor\u00e1","efetivos":"126","comissionados":"69","temporarios":"0","total_parcial":"195"},{"secretaria":"Fundo Municipal de Assist\u00eancia Social","efetivos":"18","comissionados":"45","temporarios":"0","total_parcial":"63"},{"secretaria":"Fundo Municipal do Meio Ambiente","efetivos":"4","comissionados":"2","temporarios":"0","total_parcial":"6"},{"secretaria":"Fundo Municipal de Sa\u00fade","efetivos":"334","comissionados":"48","temporarios":"0","total_parcial":"382"},{"secretaria":"Fundo Municipal de Educa\u00e7\u00e3o FME","efetivos":"125","comissionados":"10","temporarios":"0","total_parcial":"135"},{"secretaria":"FUNDEB","efetivos":"311","comissionados":"0","temporarios":"0","total_parcial":"311"}]
2025-04-30 10:44:23 - Processando pergunta 4, resposta_valor: Não
2025-04-30 10:44:24 - Pergunta 4 - resposta_sim_nao: Não, eixo_selecionado: , justificativa_valor: 
2025-04-30 10:44:24 - Processando pergunta 5, resposta_valor: Sim
2025-04-30 10:44:24 - Pergunta 5 - resposta_sim_nao: Sim, justificativa_valor: 
2025-04-30 10:44:24 - Processando pergunta 6, resposta_valor: 5 HORAS SEMANAIS
2025-04-30 10:44:24 - Processando pergunta 7, resposta_valor: Sim
2025-04-30 10:44:25 - Pergunta 7 - resposta_sim_nao: Sim, justificativa_valor: 
2025-04-30 10:44:25 - Processando pergunta 8, resposta_valor: Interesse dos servidores nas capacitações virtuais
2025-04-30 10:44:25 - Pergunta 8 - resposta_valor: Interesse dos servidores nas capacitações virtuais, outras_respostas_valor: 
2025-04-30 10:44:25 - Processando pergunta 9, resposta_valor: Melhoria nas execuções das Políticas Públicas
2025-04-30 10:44:31 - Prefeitura ID: 62
2025-04-30 10:44:32 - Total de perguntas recuperadas: 9
2025-04-30 10:44:32 - Respostas recuperadas: {"1":"Prefeita","2":"Sim","14":"Prefeitura Municipal de Ipor\u00e1|126|69|0|195;Fundo Municipal de Assist\u00eancia Social|18|45|0|63;Fundo Municipal do Meio Ambiente|4|2|0|6;Fundo Municipal de Sa\u00fade|334|48|0|382;Fundo Municipal de Educa\u00e7\u00e3o FME|125|10|0|135;FUNDEB|311|0|0|311","4":"N\u00e3o","5":"Sim","6":"5 HORAS SEMANAIS","7":"Sim","8":"Interesse dos servidores nas capacita\u00e7\u00f5es virtuais","9":"Melhoria nas execu\u00e7\u00f5es das Pol\u00edticas P\u00fablicas"}
2025-04-30 10:44:32 - Formulário enviado: {"resposta":{"1":"Prefeita","2":{"sim_nao":"Sim"},"4":{"sim_nao":"N\u00e3o","eixo":""},"5":"Sim","6":"5 HORAS SEMANAIS","7":{"sim_nao":"Sim"},"8":"Interesse dos servidores nas capacita\u00e7\u00f5es virtuais","9":"Melhoria nas execu\u00e7\u00f5es das Pol\u00edticas P\u00fablicas"},"justificativa":{"2":"","4":"","5":"","7":""},"secretaria":{"14":["Prefeitura Municipal de Ipor\u00e1","Fundo Municipal de Assist\u00eancia Social","Fundo Municipal do Meio Ambiente","Fundo Municipal de Sa\u00fade","Fundo Municipal de Educa\u00e7\u00e3o FME","FUNDEB"]},"efetivos":{"14":["126","18","4","334","125","311"]},"comissionados":{"14":["69","45","2","48","10","0"]},"temporarios":{"14":["0","0","0","0","0","0"]},"salvar":""}
2025-04-30 10:44:32 - Atualizada resposta para pergunta 1: Prefeita
2025-04-30 10:44:32 - Atualizada resposta para pergunta 2: Sim
2025-04-30 10:44:33 - Pergunta 14 (planilha) - Resposta gerada: Prefeitura Municipal de Iporá|126|69|0|195;Fundo Municipal de Assistência Social|18|45|0|63;Fundo Municipal do Meio Ambiente|4|2|0|6;Fundo Municipal de Saúde|334|48|0|382;Fundo Municipal de Educação FME|125|10|0|135;FUNDEB|311|0|0|311
2025-04-30 10:44:33 - Atualizada resposta para pergunta 14: Prefeitura Municipal de Iporá|126|69|0|195;Fundo Municipal de Assistência Social|18|45|0|63;Fundo Municipal do Meio Ambiente|4|2|0|6;Fundo Municipal de Saúde|334|48|0|382;Fundo Municipal de Educação FME|125|10|0|135;FUNDEB|311|0|0|311
2025-04-30 10:44:33 - Atualizada resposta para pergunta 4: Não
2025-04-30 10:44:33 - Atualizada resposta para pergunta 5: Sim
2025-04-30 10:44:33 - Atualizada resposta para pergunta 6: 5 HORAS SEMANAIS
2025-04-30 10:44:34 - Atualizada resposta para pergunta 7: Sim
2025-04-30 10:44:34 - Atualizada resposta para pergunta 8: Interesse dos servidores nas capacitações virtuais
2025-04-30 10:44:34 - Atualizada resposta para pergunta 9: Melhoria nas execuções das Políticas Públicas
2025-04-30 10:44:34 - Salvamento concluído com sucesso
2025-04-30 10:44:35 - Prefeitura ID: 62
2025-04-30 10:44:35 - Total de perguntas recuperadas: 9
2025-04-30 10:44:35 - Respostas recuperadas: {"1":"Prefeita","2":"Sim","14":"Prefeitura Municipal de Ipor\u00e1|126|69|0|195;Fundo Municipal de Assist\u00eancia Social|18|45|0|63;Fundo Municipal do Meio Ambiente|4|2|0|6;Fundo Municipal de Sa\u00fade|334|48|0|382;Fundo Municipal de Educa\u00e7\u00e3o FME|125|10|0|135;FUNDEB|311|0|0|311","4":"N\u00e3o","5":"Sim","6":"5 HORAS SEMANAIS","7":"Sim","8":"Interesse dos servidores nas capacita\u00e7\u00f5es virtuais","9":"Melhoria nas execu\u00e7\u00f5es das Pol\u00edticas P\u00fablicas"}
2025-04-30 10:44:35 - Processando pergunta 1, resposta_valor: Prefeita
2025-04-30 10:44:35 - Processando pergunta 2, resposta_valor: Sim
2025-04-30 10:44:36 - Pergunta 2 - resposta_sim_nao: Sim, justificativa_valor: 
2025-04-30 10:44:36 - Processando pergunta 14, resposta_valor: Prefeitura Municipal de Iporá|126|69|0|195;Fundo Municipal de Assistência Social|18|45|0|63;Fundo Municipal do Meio Ambiente|4|2|0|6;Fundo Municipal de Saúde|334|48|0|382;Fundo Municipal de Educação FME|125|10|0|135;FUNDEB|311|0|0|311
2025-04-30 10:44:36 - Pergunta 14 (planilha) - linhas brutas: ["Prefeitura Municipal de Ipor\u00e1|126|69|0|195","Fundo Municipal de Assist\u00eancia Social|18|45|0|63","Fundo Municipal do Meio Ambiente|4|2|0|6","Fundo Municipal de Sa\u00fade|334|48|0|382","Fundo Municipal de Educa\u00e7\u00e3o FME|125|10|0|135","FUNDEB|311|0|0|311"]
2025-04-30 10:44:36 - Pergunta 14 (planilha) - dados da linha: ["Prefeitura Municipal de Ipor\u00e1","126","69","0","195"]
2025-04-30 10:44:36 - Pergunta 14 (planilha) - dados da linha: ["Fundo Municipal de Assist\u00eancia Social","18","45","0","63"]
2025-04-30 10:44:37 - Pergunta 14 (planilha) - dados da linha: ["Fundo Municipal do Meio Ambiente","4","2","0","6"]
2025-04-30 10:44:37 - Pergunta 14 (planilha) - dados da linha: ["Fundo Municipal de Sa\u00fade","334","48","0","382"]
2025-04-30 10:44:37 - Pergunta 14 (planilha) - dados da linha: ["Fundo Municipal de Educa\u00e7\u00e3o FME","125","10","0","135"]
2025-04-30 10:44:37 - Pergunta 14 (planilha) - dados da linha: ["FUNDEB","311","0","0","311"]
2025-04-30 10:44:38 - Pergunta 14 (planilha) - planilha_data: [{"secretaria":"Prefeitura Municipal de Ipor\u00e1","efetivos":"126","comissionados":"69","temporarios":"0","total_parcial":"195"},{"secretaria":"Fundo Municipal de Assist\u00eancia Social","efetivos":"18","comissionados":"45","temporarios":"0","total_parcial":"63"},{"secretaria":"Fundo Municipal do Meio Ambiente","efetivos":"4","comissionados":"2","temporarios":"0","total_parcial":"6"},{"secretaria":"Fundo Municipal de Sa\u00fade","efetivos":"334","comissionados":"48","temporarios":"0","total_parcial":"382"},{"secretaria":"Fundo Municipal de Educa\u00e7\u00e3o FME","efetivos":"125","comissionados":"10","temporarios":"0","total_parcial":"135"},{"secretaria":"FUNDEB","efetivos":"311","comissionados":"0","temporarios":"0","total_parcial":"311"}]
2025-04-30 10:44:38 - Processando pergunta 4, resposta_valor: Não
2025-04-30 10:44:38 - Pergunta 4 - resposta_sim_nao: Não, eixo_selecionado: , justificativa_valor: 
2025-04-30 10:44:38 - Processando pergunta 5, resposta_valor: Sim
2025-04-30 10:44:38 - Pergunta 5 - resposta_sim_nao: Sim, justificativa_valor: 
2025-04-30 10:44:39 - Processando pergunta 6, resposta_valor: 5 HORAS SEMANAIS
2025-04-30 10:44:39 - Processando pergunta 7, resposta_valor: Sim
2025-04-30 10:44:39 - Pergunta 7 - resposta_sim_nao: Sim, justificativa_valor: 
2025-04-30 10:44:39 - Processando pergunta 8, resposta_valor: Interesse dos servidores nas capacitações virtuais
2025-04-30 10:44:39 - Pergunta 8 - resposta_valor: Interesse dos servidores nas capacitações virtuais, outras_respostas_valor: 
2025-04-30 10:44:40 - Processando pergunta 9, resposta_valor: Melhoria nas execuções das Políticas Públicas
2025-04-30 10:45:37 - Prefeitura ID: 62
2025-04-30 10:45:37 - Total de perguntas recuperadas: 9
2025-04-30 10:45:37 - Respostas recuperadas: {"1":"Prefeita","2":"Sim","14":"Prefeitura Municipal de Ipor\u00e1|126|69|0|195;Fundo Municipal de Assist\u00eancia Social|18|45|0|63;Fundo Municipal do Meio Ambiente|4|2|0|6;Fundo Municipal de Sa\u00fade|334|48|0|382;Fundo Municipal de Educa\u00e7\u00e3o FME|125|10|0|135;FUNDEB|311|0|0|311","4":"N\u00e3o","5":"Sim","6":"5 HORAS SEMANAIS","7":"Sim","8":"Interesse dos servidores nas capacita\u00e7\u00f5es virtuais","9":"Melhoria nas execu\u00e7\u00f5es das Pol\u00edticas P\u00fablicas"}
2025-04-30 10:45:38 - Processando pergunta 1, resposta_valor: Prefeita
2025-04-30 10:45:38 - Processando pergunta 2, resposta_valor: Sim
2025-04-30 10:45:38 - Pergunta 2 - resposta_sim_nao: Sim, justificativa_valor: 
2025-04-30 10:45:38 - Processando pergunta 14, resposta_valor: Prefeitura Municipal de Iporá|126|69|0|195;Fundo Municipal de Assistência Social|18|45|0|63;Fundo Municipal do Meio Ambiente|4|2|0|6;Fundo Municipal de Saúde|334|48|0|382;Fundo Municipal de Educação FME|125|10|0|135;FUNDEB|311|0|0|311
2025-04-30 10:45:38 - Pergunta 14 (planilha) - linhas brutas: ["Prefeitura Municipal de Ipor\u00e1|126|69|0|195","Fundo Municipal de Assist\u00eancia Social|18|45|0|63","Fundo Municipal do Meio Ambiente|4|2|0|6","Fundo Municipal de Sa\u00fade|334|48|0|382","Fundo Municipal de Educa\u00e7\u00e3o FME|125|10|0|135","FUNDEB|311|0|0|311"]
2025-04-30 10:45:39 - Pergunta 14 (planilha) - dados da linha: ["Prefeitura Municipal de Ipor\u00e1","126","69","0","195"]
2025-04-30 10:45:39 - Pergunta 14 (planilha) - dados da linha: ["Fundo Municipal de Assist\u00eancia Social","18","45","0","63"]
2025-04-30 10:45:39 - Pergunta 14 (planilha) - dados da linha: ["Fundo Municipal do Meio Ambiente","4","2","0","6"]
2025-04-30 10:45:39 - Pergunta 14 (planilha) - dados da linha: ["Fundo Municipal de Sa\u00fade","334","48","0","382"]
2025-04-30 10:45:39 - Pergunta 14 (planilha) - dados da linha: ["Fundo Municipal de Educa\u00e7\u00e3o FME","125","10","0","135"]
2025-04-30 10:45:40 - Pergunta 14 (planilha) - dados da linha: ["FUNDEB","311","0","0","311"]
2025-04-30 10:45:40 - Pergunta 14 (planilha) - planilha_data: [{"secretaria":"Prefeitura Municipal de Ipor\u00e1","efetivos":"126","comissionados":"69","temporarios":"0","total_parcial":"195"},{"secretaria":"Fundo Municipal de Assist\u00eancia Social","efetivos":"18","comissionados":"45","temporarios":"0","total_parcial":"63"},{"secretaria":"Fundo Municipal do Meio Ambiente","efetivos":"4","comissionados":"2","temporarios":"0","total_parcial":"6"},{"secretaria":"Fundo Municipal de Sa\u00fade","efetivos":"334","comissionados":"48","temporarios":"0","total_parcial":"382"},{"secretaria":"Fundo Municipal de Educa\u00e7\u00e3o FME","efetivos":"125","comissionados":"10","temporarios":"0","total_parcial":"135"},{"secretaria":"FUNDEB","efetivos":"311","comissionados":"0","temporarios":"0","total_parcial":"311"}]
2025-04-30 10:45:40 - Processando pergunta 4, resposta_valor: Não
2025-04-30 10:45:40 - Pergunta 4 - resposta_sim_nao: Não, eixo_selecionado: , justificativa_valor: 
2025-04-30 10:45:41 - Processando pergunta 5, resposta_valor: Sim
2025-04-30 10:45:41 - Pergunta 5 - resposta_sim_nao: Sim, justificativa_valor: 
2025-04-30 10:45:41 - Processando pergunta 6, resposta_valor: 5 HORAS SEMANAIS
2025-04-30 10:45:41 - Processando pergunta 7, resposta_valor: Sim
2025-04-30 10:45:41 - Pergunta 7 - resposta_sim_nao: Sim, justificativa_valor: 
2025-04-30 10:45:42 - Processando pergunta 8, resposta_valor: Interesse dos servidores nas capacitações virtuais
2025-04-30 10:45:42 - Pergunta 8 - resposta_valor: Interesse dos servidores nas capacitações virtuais, outras_respostas_valor: 
2025-04-30 10:45:42 - Processando pergunta 9, resposta_valor: Melhoria nas execuções das Políticas Públicas
2025-04-30 10:45:52 - Prefeitura ID: 62
2025-04-30 10:45:52 - Total de perguntas recuperadas: 9
2025-04-30 10:45:53 - Respostas recuperadas: {"1":"Prefeita","2":"Sim","14":"Prefeitura Municipal de Ipor\u00e1|126|69|0|195;Fundo Municipal de Assist\u00eancia Social|18|45|0|63;Fundo Municipal do Meio Ambiente|4|2|0|6;Fundo Municipal de Sa\u00fade|334|48|0|382;Fundo Municipal de Educa\u00e7\u00e3o FME|125|10|0|135;FUNDEB|311|0|0|311","4":"N\u00e3o","5":"Sim","6":"5 HORAS SEMANAIS","7":"Sim","8":"Interesse dos servidores nas capacita\u00e7\u00f5es virtuais","9":"Melhoria nas execu\u00e7\u00f5es das Pol\u00edticas P\u00fablicas"}
2025-04-30 10:45:53 - Formulário enviado: {"resposta":{"1":"Prefeita","2":{"sim_nao":"Sim"},"4":{"sim_nao":"N\u00e3o","eixo":""},"5":"Sim","6":"5 HORAS SEMANAIS","7":{"sim_nao":"Sim"},"8":"Interesse dos servidores nas capacita\u00e7\u00f5es virtuais","9":"Melhoria nas execu\u00e7\u00f5es das Pol\u00edticas P\u00fablicas"},"justificativa":{"2":"","4":"","5":"","7":""},"secretaria":{"14":["Prefeitura Municipal de Ipor\u00e1","Fundo Municipal de Assist\u00eancia Social","Fundo Municipal do Meio Ambiente","Fundo Municipal de Sa\u00fade","Fundo Municipal de Educa\u00e7\u00e3o FME","FUNDEB"]},"efetivos":{"14":["126","18","4","334","125","311"]},"comissionados":{"14":["69","45","2","48","10","0"]},"temporarios":{"14":["0","0","0","0","0","0"]},"salvar":""}
2025-04-30 10:45:53 - Atualizada resposta para pergunta 1: Prefeita
2025-04-30 10:45:53 - Atualizada resposta para pergunta 2: Sim
2025-04-30 10:45:54 - Pergunta 14 (planilha) - Resposta gerada: Prefeitura Municipal de Iporá|126|69|0|195;Fundo Municipal de Assistência Social|18|45|0|63;Fundo Municipal do Meio Ambiente|4|2|0|6;Fundo Municipal de Saúde|334|48|0|382;Fundo Municipal de Educação FME|125|10|0|135;FUNDEB|311|0|0|311
2025-04-30 10:45:54 - Atualizada resposta para pergunta 14: Prefeitura Municipal de Iporá|126|69|0|195;Fundo Municipal de Assistência Social|18|45|0|63;Fundo Municipal do Meio Ambiente|4|2|0|6;Fundo Municipal de Saúde|334|48|0|382;Fundo Municipal de Educação FME|125|10|0|135;FUNDEB|311|0|0|311
2025-04-30 10:45:54 - Atualizada resposta para pergunta 4: Não
2025-04-30 10:45:54 - Atualizada resposta para pergunta 5: Sim
2025-04-30 10:45:54 - Atualizada resposta para pergunta 6: 5 HORAS SEMANAIS
2025-04-30 10:45:55 - Atualizada resposta para pergunta 7: Sim
2025-04-30 10:45:55 - Atualizada resposta para pergunta 8: Interesse dos servidores nas capacitações virtuais
2025-04-30 10:45:55 - Atualizada resposta para pergunta 9: Melhoria nas execuções das Políticas Públicas
2025-04-30 10:45:55 - Salvamento concluído com sucesso
2025-04-30 10:45:55 - Prefeitura ID: 62
2025-04-30 10:45:56 - Total de perguntas recuperadas: 9
2025-04-30 10:45:56 - Respostas recuperadas: {"1":"Prefeita","2":"Sim","14":"Prefeitura Municipal de Ipor\u00e1|126|69|0|195;Fundo Municipal de Assist\u00eancia Social|18|45|0|63;Fundo Municipal do Meio Ambiente|4|2|0|6;Fundo Municipal de Sa\u00fade|334|48|0|382;Fundo Municipal de Educa\u00e7\u00e3o FME|125|10|0|135;FUNDEB|311|0|0|311","4":"N\u00e3o","5":"Sim","6":"5 HORAS SEMANAIS","7":"Sim","8":"Interesse dos servidores nas capacita\u00e7\u00f5es virtuais","9":"Melhoria nas execu\u00e7\u00f5es das Pol\u00edticas P\u00fablicas"}
2025-04-30 10:45:56 - Processando pergunta 1, resposta_valor: Prefeita
2025-04-30 10:45:56 - Processando pergunta 2, resposta_valor: Sim
2025-04-30 10:45:57 - Pergunta 2 - resposta_sim_nao: Sim, justificativa_valor: 
2025-04-30 10:45:57 - Processando pergunta 14, resposta_valor: Prefeitura Municipal de Iporá|126|69|0|195;Fundo Municipal de Assistência Social|18|45|0|63;Fundo Municipal do Meio Ambiente|4|2|0|6;Fundo Municipal de Saúde|334|48|0|382;Fundo Municipal de Educação FME|125|10|0|135;FUNDEB|311|0|0|311
2025-04-30 10:45:57 - Pergunta 14 (planilha) - linhas brutas: ["Prefeitura Municipal de Ipor\u00e1|126|69|0|195","Fundo Municipal de Assist\u00eancia Social|18|45|0|63","Fundo Municipal do Meio Ambiente|4|2|0|6","Fundo Municipal de Sa\u00fade|334|48|0|382","Fundo Municipal de Educa\u00e7\u00e3o FME|125|10|0|135","FUNDEB|311|0|0|311"]
2025-04-30 10:45:57 - Pergunta 14 (planilha) - dados da linha: ["Prefeitura Municipal de Ipor\u00e1","126","69","0","195"]
2025-04-30 10:45:57 - Pergunta 14 (planilha) - dados da linha: ["Fundo Municipal de Assist\u00eancia Social","18","45","0","63"]
2025-04-30 10:45:58 - Pergunta 14 (planilha) - dados da linha: ["Fundo Municipal do Meio Ambiente","4","2","0","6"]
2025-04-30 10:45:58 - Pergunta 14 (planilha) - dados da linha: ["Fundo Municipal de Sa\u00fade","334","48","0","382"]
2025-04-30 10:45:58 - Pergunta 14 (planilha) - dados da linha: ["Fundo Municipal de Educa\u00e7\u00e3o FME","125","10","0","135"]
2025-04-30 10:45:58 - Pergunta 14 (planilha) - dados da linha: ["FUNDEB","311","0","0","311"]
2025-04-30 10:45:58 - Pergunta 14 (planilha) - planilha_data: [{"secretaria":"Prefeitura Municipal de Ipor\u00e1","efetivos":"126","comissionados":"69","temporarios":"0","total_parcial":"195"},{"secretaria":"Fundo Municipal de Assist\u00eancia Social","efetivos":"18","comissionados":"45","temporarios":"0","total_parcial":"63"},{"secretaria":"Fundo Municipal do Meio Ambiente","efetivos":"4","comissionados":"2","temporarios":"0","total_parcial":"6"},{"secretaria":"Fundo Municipal de Sa\u00fade","efetivos":"334","comissionados":"48","temporarios":"0","total_parcial":"382"},{"secretaria":"Fundo Municipal de Educa\u00e7\u00e3o FME","efetivos":"125","comissionados":"10","temporarios":"0","total_parcial":"135"},{"secretaria":"FUNDEB","efetivos":"311","comissionados":"0","temporarios":"0","total_parcial":"311"}]
2025-04-30 10:45:59 - Processando pergunta 4, resposta_valor: Não
2025-04-30 10:45:59 - Pergunta 4 - resposta_sim_nao: Não, eixo_selecionado: , justificativa_valor: 
2025-04-30 10:45:59 - Processando pergunta 5, resposta_valor: Sim
2025-04-30 10:45:59 - Pergunta 5 - resposta_sim_nao: Sim, justificativa_valor: 
2025-04-30 10:45:59 - Processando pergunta 6, resposta_valor: 5 HORAS SEMANAIS
2025-04-30 10:46:00 - Processando pergunta 7, resposta_valor: Sim
2025-04-30 10:46:00 - Pergunta 7 - resposta_sim_nao: Sim, justificativa_valor: 
2025-04-30 10:46:00 - Processando pergunta 8, resposta_valor: Interesse dos servidores nas capacitações virtuais
2025-04-30 10:46:00 - Pergunta 8 - resposta_valor: Interesse dos servidores nas capacitações virtuais, outras_respostas_valor: 
2025-04-30 10:46:00 - Processando pergunta 9, resposta_valor: Melhoria nas execuções das Políticas Públicas
2025-04-30 10:47:41 - Prefeitura ID: 62
2025-04-30 10:47:41 - Total de perguntas recuperadas: 9
2025-04-30 10:47:41 - Respostas recuperadas: {"1":"Prefeita","2":"Sim","14":"Prefeitura Municipal de Ipor\u00e1|126|69|0|195;Fundo Municipal de Assist\u00eancia Social|18|45|0|63;Fundo Municipal do Meio Ambiente|4|2|0|6;Fundo Municipal de Sa\u00fade|334|48|0|382;Fundo Municipal de Educa\u00e7\u00e3o FME|125|10|0|135;FUNDEB|311|0|0|311","4":"N\u00e3o","5":"Sim","6":"5 HORAS SEMANAIS","7":"Sim","8":"Interesse dos servidores nas capacita\u00e7\u00f5es virtuais","9":"Melhoria nas execu\u00e7\u00f5es das Pol\u00edticas P\u00fablicas"}
2025-04-30 10:47:42 - Processando pergunta 1, resposta_valor: Prefeita
2025-04-30 10:47:42 - Processando pergunta 2, resposta_valor: Sim
2025-04-30 10:47:42 - Pergunta 2 - resposta_sim_nao: Sim, justificativa_valor: 
2025-04-30 10:47:42 - Processando pergunta 14, resposta_valor: Prefeitura Municipal de Iporá|126|69|0|195;Fundo Municipal de Assistência Social|18|45|0|63;Fundo Municipal do Meio Ambiente|4|2|0|6;Fundo Municipal de Saúde|334|48|0|382;Fundo Municipal de Educação FME|125|10|0|135;FUNDEB|311|0|0|311
2025-04-30 10:47:43 - Pergunta 14 (planilha) - linhas brutas: ["Prefeitura Municipal de Ipor\u00e1|126|69|0|195","Fundo Municipal de Assist\u00eancia Social|18|45|0|63","Fundo Municipal do Meio Ambiente|4|2|0|6","Fundo Municipal de Sa\u00fade|334|48|0|382","Fundo Municipal de Educa\u00e7\u00e3o FME|125|10|0|135","FUNDEB|311|0|0|311"]
2025-04-30 10:47:43 - Pergunta 14 (planilha) - dados da linha: ["Prefeitura Municipal de Ipor\u00e1","126","69","0","195"]
2025-04-30 10:47:43 - Pergunta 14 (planilha) - dados da linha: ["Fundo Municipal de Assist\u00eancia Social","18","45","0","63"]
2025-04-30 10:47:43 - Pergunta 14 (planilha) - dados da linha: ["Fundo Municipal do Meio Ambiente","4","2","0","6"]
2025-04-30 10:47:43 - Pergunta 14 (planilha) - dados da linha: ["Fundo Municipal de Sa\u00fade","334","48","0","382"]
2025-04-30 10:47:44 - Pergunta 14 (planilha) - dados da linha: ["Fundo Municipal de Educa\u00e7\u00e3o FME","125","10","0","135"]
2025-04-30 10:47:44 - Pergunta 14 (planilha) - dados da linha: ["FUNDEB","311","0","0","311"]
2025-04-30 10:47:44 - Pergunta 14 (planilha) - planilha_data: [{"secretaria":"Prefeitura Municipal de Ipor\u00e1","efetivos":"126","comissionados":"69","temporarios":"0","total_parcial":"195"},{"secretaria":"Fundo Municipal de Assist\u00eancia Social","efetivos":"18","comissionados":"45","temporarios":"0","total_parcial":"63"},{"secretaria":"Fundo Municipal do Meio Ambiente","efetivos":"4","comissionados":"2","temporarios":"0","total_parcial":"6"},{"secretaria":"Fundo Municipal de Sa\u00fade","efetivos":"334","comissionados":"48","temporarios":"0","total_parcial":"382"},{"secretaria":"Fundo Municipal de Educa\u00e7\u00e3o FME","efetivos":"125","comissionados":"10","temporarios":"0","total_parcial":"135"},{"secretaria":"FUNDEB","efetivos":"311","comissionados":"0","temporarios":"0","total_parcial":"311"}]
2025-04-30 10:47:44 - Processando pergunta 4, resposta_valor: Não
2025-04-30 10:47:44 - Pergunta 4 - resposta_sim_nao: Não, eixo_selecionado: , justificativa_valor: 
2025-04-30 10:47:45 - Processando pergunta 5, resposta_valor: Sim
2025-04-30 10:47:45 - Pergunta 5 - resposta_sim_nao: Sim, justificativa_valor: 
2025-04-30 10:47:45 - Processando pergunta 6, resposta_valor: 5 HORAS SEMANAIS
2025-04-30 10:47:45 - Processando pergunta 7, resposta_valor: Sim
2025-04-30 10:47:45 - Pergunta 7 - resposta_sim_nao: Sim, justificativa_valor: 
2025-04-30 10:47:46 - Processando pergunta 8, resposta_valor: Interesse dos servidores nas capacitações virtuais
2025-04-30 10:47:46 - Pergunta 8 - resposta_valor: Interesse dos servidores nas capacitações virtuais, outras_respostas_valor: 
2025-04-30 10:47:46 - Processando pergunta 9, resposta_valor: Melhoria nas execuções das Políticas Públicas
2025-04-30 10:47:51 - Prefeitura ID: 62
2025-04-30 10:47:51 - Total de perguntas recuperadas: 9
2025-04-30 10:47:52 - Respostas recuperadas: {"1":"Prefeita","2":"Sim","14":"Prefeitura Municipal de Ipor\u00e1|126|69|0|195;Fundo Municipal de Assist\u00eancia Social|18|45|0|63;Fundo Municipal do Meio Ambiente|4|2|0|6;Fundo Municipal de Sa\u00fade|334|48|0|382;Fundo Municipal de Educa\u00e7\u00e3o FME|125|10|0|135;FUNDEB|311|0|0|311","4":"N\u00e3o","5":"Sim","6":"5 HORAS SEMANAIS","7":"Sim","8":"Interesse dos servidores nas capacita\u00e7\u00f5es virtuais","9":"Melhoria nas execu\u00e7\u00f5es das Pol\u00edticas P\u00fablicas"}
2025-04-30 10:47:52 - Formulário enviado: {"resposta":{"1":"Prefeita","2":{"sim_nao":"Sim"},"4":{"sim_nao":"N\u00e3o","eixo":""},"5":"Sim","6":"5 HORAS SEMANAIS","7":{"sim_nao":"Sim"},"8":"Interesse dos servidores nas capacita\u00e7\u00f5es virtuais","9":"Melhoria nas execu\u00e7\u00f5es das Pol\u00edticas P\u00fablicas"},"justificativa":{"2":"","4":"","5":"","7":""},"secretaria":{"14":["Prefeitura Municipal de Ipor\u00e1","Fundo Municipal de Assist\u00eancia Social","Fundo Municipal do Meio Ambiente","Fundo Municipal de Sa\u00fade","Fundo Municipal de Educa\u00e7\u00e3o FME","FUNDEB"]},"efetivos":{"14":["126","18","4","334","125","311"]},"comissionados":{"14":["69","45","2","48","10","0"]},"temporarios":{"14":["0","0","0","0","0","0"]},"salvar":""}
2025-04-30 10:47:52 - Atualizada resposta para pergunta 1: Prefeita
2025-04-30 10:47:52 - Atualizada resposta para pergunta 2: Sim
2025-04-30 10:47:52 - Pergunta 14 (planilha) - Resposta gerada: Prefeitura Municipal de Iporá|126|69|0|195;Fundo Municipal de Assistência Social|18|45|0|63;Fundo Municipal do Meio Ambiente|4|2|0|6;Fundo Municipal de Saúde|334|48|0|382;Fundo Municipal de Educação FME|125|10|0|135;FUNDEB|311|0|0|311
2025-04-30 10:47:53 - Atualizada resposta para pergunta 14: Prefeitura Municipal de Iporá|126|69|0|195;Fundo Municipal de Assistência Social|18|45|0|63;Fundo Municipal do Meio Ambiente|4|2|0|6;Fundo Municipal de Saúde|334|48|0|382;Fundo Municipal de Educação FME|125|10|0|135;FUNDEB|311|0|0|311
2025-04-30 10:47:53 - Atualizada resposta para pergunta 4: Não
2025-04-30 10:47:53 - Atualizada resposta para pergunta 5: Sim
2025-04-30 10:47:53 - Atualizada resposta para pergunta 6: 5 HORAS SEMANAIS
2025-04-30 10:47:53 - Atualizada resposta para pergunta 7: Sim
2025-04-30 10:47:54 - Atualizada resposta para pergunta 8: Interesse dos servidores nas capacitações virtuais
2025-04-30 10:47:54 - Atualizada resposta para pergunta 9: Melhoria nas execuções das Políticas Públicas
2025-04-30 10:47:54 - Salvamento concluído com sucesso
2025-04-30 10:47:54 - Prefeitura ID: 62
2025-04-30 10:47:55 - Total de perguntas recuperadas: 9
2025-04-30 10:47:55 - Respostas recuperadas: {"1":"Prefeita","2":"Sim","14":"Prefeitura Municipal de Ipor\u00e1|126|69|0|195;Fundo Municipal de Assist\u00eancia Social|18|45|0|63;Fundo Municipal do Meio Ambiente|4|2|0|6;Fundo Municipal de Sa\u00fade|334|48|0|382;Fundo Municipal de Educa\u00e7\u00e3o FME|125|10|0|135;FUNDEB|311|0|0|311","4":"N\u00e3o","5":"Sim","6":"5 HORAS SEMANAIS","7":"Sim","8":"Interesse dos servidores nas capacita\u00e7\u00f5es virtuais","9":"Melhoria nas execu\u00e7\u00f5es das Pol\u00edticas P\u00fablicas"}
2025-04-30 10:47:55 - Processando pergunta 1, resposta_valor: Prefeita
2025-04-30 10:47:55 - Processando pergunta 2, resposta_valor: Sim
2025-04-30 10:47:55 - Pergunta 2 - resposta_sim_nao: Sim, justificativa_valor: 
2025-04-30 10:47:56 - Processando pergunta 14, resposta_valor: Prefeitura Municipal de Iporá|126|69|0|195;Fundo Municipal de Assistência Social|18|45|0|63;Fundo Municipal do Meio Ambiente|4|2|0|6;Fundo Municipal de Saúde|334|48|0|382;Fundo Municipal de Educação FME|125|10|0|135;FUNDEB|311|0|0|311
2025-04-30 10:47:56 - Pergunta 14 (planilha) - linhas brutas: ["Prefeitura Municipal de Ipor\u00e1|126|69|0|195","Fundo Municipal de Assist\u00eancia Social|18|45|0|63","Fundo Municipal do Meio Ambiente|4|2|0|6","Fundo Municipal de Sa\u00fade|334|48|0|382","Fundo Municipal de Educa\u00e7\u00e3o FME|125|10|0|135","FUNDEB|311|0|0|311"]
2025-04-30 10:47:56 - Pergunta 14 (planilha) - dados da linha: ["Prefeitura Municipal de Ipor\u00e1","126","69","0","195"]
2025-04-30 10:47:56 - Pergunta 14 (planilha) - dados da linha: ["Fundo Municipal de Assist\u00eancia Social","18","45","0","63"]
2025-04-30 10:47:56 - Pergunta 14 (planilha) - dados da linha: ["Fundo Municipal do Meio Ambiente","4","2","0","6"]
2025-04-30 10:47:57 - Pergunta 14 (planilha) - dados da linha: ["Fundo Municipal de Sa\u00fade","334","48","0","382"]
2025-04-30 10:47:57 - Pergunta 14 (planilha) - dados da linha: ["Fundo Municipal de Educa\u00e7\u00e3o FME","125","10","0","135"]
2025-04-30 10:47:57 - Pergunta 14 (planilha) - dados da linha: ["FUNDEB","311","0","0","311"]
2025-04-30 10:47:57 - Pergunta 14 (planilha) - planilha_data: [{"secretaria":"Prefeitura Municipal de Ipor\u00e1","efetivos":"126","comissionados":"69","temporarios":"0","total_parcial":"195"},{"secretaria":"Fundo Municipal de Assist\u00eancia Social","efetivos":"18","comissionados":"45","temporarios":"0","total_parcial":"63"},{"secretaria":"Fundo Municipal do Meio Ambiente","efetivos":"4","comissionados":"2","temporarios":"0","total_parcial":"6"},{"secretaria":"Fundo Municipal de Sa\u00fade","efetivos":"334","comissionados":"48","temporarios":"0","total_parcial":"382"},{"secretaria":"Fundo Municipal de Educa\u00e7\u00e3o FME","efetivos":"125","comissionados":"10","temporarios":"0","total_parcial":"135"},{"secretaria":"FUNDEB","efetivos":"311","comissionados":"0","temporarios":"0","total_parcial":"311"}]
2025-04-30 10:47:58 - Processando pergunta 4, resposta_valor: Não
2025-04-30 10:47:58 - Pergunta 4 - resposta_sim_nao: Não, eixo_selecionado: , justificativa_valor: 
2025-04-30 10:47:58 - Processando pergunta 5, resposta_valor: Sim
2025-04-30 10:47:58 - Pergunta 5 - resposta_sim_nao: Sim, justificativa_valor: 
2025-04-30 10:47:59 - Processando pergunta 6, resposta_valor: 5 HORAS SEMANAIS
2025-04-30 10:47:59 - Processando pergunta 7, resposta_valor: Sim
2025-04-30 10:47:59 - Pergunta 7 - resposta_sim_nao: Sim, justificativa_valor: 
2025-04-30 10:47:59 - Processando pergunta 8, resposta_valor: Interesse dos servidores nas capacitações virtuais
2025-04-30 10:47:59 - Pergunta 8 - resposta_valor: Interesse dos servidores nas capacitações virtuais, outras_respostas_valor: 
2025-04-30 10:48:00 - Processando pergunta 9, resposta_valor: Melhoria nas execuções das Políticas Públicas
2025-04-30 15:05:23 - Prefeitura ID: 43
2025-04-30 15:05:23 - Total de perguntas recuperadas: 9
2025-04-30 15:05:23 - Respostas recuperadas: {"1":"INICIATIVA TOMADA ENTRE MIM, SECRETARIA COM O APOIO DA PREFEITA.","2":"Sim","14":"EXECUTIVO|141|43|17|201;FMAS|20|8|0|28;FME|60|3|52|115;FMMA|7|1|0|8;FMS|75|3|0|78;FMTUR|2|6|0|8;FUNDEB|50|0|5|55","4":"Sim|Gest\u00e3o de Riscos|Identificar os riscos relevantes para a organiza\u00e7\u00e3o, incluindo riscos internos e externos no ato do processo administrativo para contrata\u00e7\u00e3o.","5":"Sim","6":"At\u00e9 2 horas.","7":"Sim","8":"Comprometimento dos servidores, visto que a administra\u00e7\u00e3o j\u00e1 mantem uma alta demanda de trabalhos administrativos e operacionais.","9":"Com o concurso p\u00fablico no ano de 2024, h\u00e1 novos servidores efetivos, e alguns virem de \u00f3rg\u00e3os privados, outros algum tempo fora do mercado de trabalho, no qual \u00e9 importante a capacita\u00e7\u00e3o, abrangendo os conhecimentos dos riscos, obriga\u00e7\u00f5es de cada setor."}
2025-04-30 15:05:24 - Processando pergunta 1, resposta_valor: INICIATIVA TOMADA ENTRE MIM, SECRETARIA COM O APOIO DA PREFEITA.
2025-04-30 15:05:24 - Processando pergunta 2, resposta_valor: Sim
2025-04-30 15:05:24 - Pergunta 2 - resposta_sim_nao: Sim, justificativa_valor: 
2025-04-30 15:05:24 - Processando pergunta 14, resposta_valor: EXECUTIVO|141|43|17|201;FMAS|20|8|0|28;FME|60|3|52|115;FMMA|7|1|0|8;FMS|75|3|0|78;FMTUR|2|6|0|8;FUNDEB|50|0|5|55
2025-04-30 15:05:24 - Pergunta 14 (planilha) - linhas brutas: ["EXECUTIVO|141|43|17|201","FMAS|20|8|0|28","FME|60|3|52|115","FMMA|7|1|0|8","FMS|75|3|0|78","FMTUR|2|6|0|8","FUNDEB|50|0|5|55"]
2025-04-30 15:05:24 - Pergunta 14 (planilha) - dados da linha: ["EXECUTIVO","141","43","17","201"]
2025-04-30 15:05:24 - Pergunta 14 (planilha) - dados da linha: ["FMAS","20","8","0","28"]
2025-04-30 15:05:24 - Pergunta 14 (planilha) - dados da linha: ["FME","60","3","52","115"]
2025-04-30 15:05:24 - Pergunta 14 (planilha) - dados da linha: ["FMMA","7","1","0","8"]
2025-04-30 15:05:24 - Pergunta 14 (planilha) - dados da linha: ["FMS","75","3","0","78"]
2025-04-30 15:05:24 - Pergunta 14 (planilha) - dados da linha: ["FMTUR","2","6","0","8"]
2025-04-30 15:05:24 - Pergunta 14 (planilha) - dados da linha: ["FUNDEB","50","0","5","55"]
2025-04-30 15:05:24 - Pergunta 14 (planilha) - planilha_data: [{"secretaria":"EXECUTIVO","efetivos":"141","comissionados":"43","temporarios":"17","total_parcial":"201"},{"secretaria":"FMAS","efetivos":"20","comissionados":"8","temporarios":"0","total_parcial":"28"},{"secretaria":"FME","efetivos":"60","comissionados":"3","temporarios":"52","total_parcial":"115"},{"secretaria":"FMMA","efetivos":"7","comissionados":"1","temporarios":"0","total_parcial":"8"},{"secretaria":"FMS","efetivos":"75","comissionados":"3","temporarios":"0","total_parcial":"78"},{"secretaria":"FMTUR","efetivos":"2","comissionados":"6","temporarios":"0","total_parcial":"8"},{"secretaria":"FUNDEB","efetivos":"50","comissionados":"0","temporarios":"5","total_parcial":"55"}]
2025-04-30 15:05:24 - Processando pergunta 4, resposta_valor: Sim|Gestão de Riscos|Identificar os riscos relevantes para a organização, incluindo riscos internos e externos no ato do processo administrativo para contratação.
2025-04-30 15:05:25 - Pergunta 4 - resposta_sim_nao: Sim, eixo_selecionado: Gestão de Riscos, justificativa_valor: Identificar os riscos relevantes para a organização, incluindo riscos internos e externos no ato do processo administrativo para contratação.
2025-04-30 15:05:25 - Processando pergunta 5, resposta_valor: Sim
2025-04-30 15:05:25 - Pergunta 5 - resposta_sim_nao: Sim, justificativa_valor: 
2025-04-30 15:05:25 - Processando pergunta 6, resposta_valor: Até 2 horas.
2025-04-30 15:05:25 - Processando pergunta 7, resposta_valor: Sim
2025-04-30 15:05:25 - Pergunta 7 - resposta_sim_nao: Sim, justificativa_valor: 
2025-04-30 15:05:25 - Processando pergunta 8, resposta_valor: Comprometimento dos servidores, visto que a administração já mantem uma alta demanda de trabalhos administrativos e operacionais.
2025-04-30 15:05:25 - Pergunta 8 - resposta_valor: Comprometimento dos servidores, visto que a administração já mantem uma alta demanda de trabalhos administrativos e operacionais., outras_respostas_valor: 
2025-04-30 15:05:25 - Processando pergunta 9, resposta_valor: Com o concurso público no ano de 2024, há novos servidores efetivos, e alguns virem de órgãos privados, outros algum tempo fora do mercado de trabalho, no qual é importante a capacitação, abrangendo os conhecimentos dos riscos, obrigações de cada setor.
2025-04-30 15:23:04 - Sessão inválida ou usuário administrador. Redirecionando para logout.
2025-04-30 15:33:09 - Prefeitura ID: 51
2025-04-30 15:33:09 - Total de perguntas recuperadas: 9
2025-04-30 15:33:09 - Respostas recuperadas: {"1":"O Prefeito.\r\nAtrav\u00e9s de e-mail","2":"Sim","14":"SECRETARIA DE GOVERNO|9|22|0|31;GABINETE DO PREFEITO|0|10|0|10;PROCURADORIA GERAL|1|11|0|12;CONTROLADORIA GERAL|2|3|0|5;SE DE ECONOMIA|9|25|0|34;SEC DE GEST\u00c3O DE PESSOAS|4|1|0|5;SEC DE EDUCA\u00c7\u00c3O|707|116|281|1104;SEC DE SAUDE|153|35|32|220;SEC DE PROMO\u00c7\u00c3O SOClAL|8|31|23|62;SEC MUN DE TRANSPORTE|4|6|0|10;SEC DE ESPORTE LAZER E JUVENTUDE|0|7|0|7;SEC DE DEFESA DA MULHER|1|5|0|6;SEC DE MOBILIDADE E TRANSITO|4|1|0|5;SEC DE DESENVOLVIMENTO URBANO|73|29|0|102;SEC DE DESENVOLVIMENTO ECONOMICO|1|7|1|9;SEC DE MEIO AMBIENTE|5|3|12|20;SEC MUNICIPAL DE HABITA\u00c7AO|0|2|0|2;SEC DE SEGURANCA PUBLICA|35|3|0|38","4":"N\u00e3o","5":"Sim","6":"20 (vinte) horas semanais","7":"Sim","8":"A falta de salas climatizadas e de equipamentos com c\u00e2meras de v\u00eddeo pode dificultar ou inviabilizar a participa\u00e7\u00e3o em reuni\u00f5es e capacita\u00e7\u00f5es, tanto virtuais quanto presenciais, comprometendo a qualidade das atividades realizadas no \u00e2mbito do Programa.\r\nEsses desafios impactam diretamente a ades\u00e3o, o engajamento e a efetividade das a\u00e7\u00f5es propostas pelo Programa Compliance Municipal 2025, sendo, portanto, pontos cr\u00edticos que precisam ser superados para garantir o sucesso da participa\u00e7\u00e3o do munic\u00edpio.","9":"O munic\u00edpio re\u00fane condi\u00e7\u00f5es para participar do Programa Compliance Municipal 2025 para adotar pr\u00e1ticas de Gest\u00e3o de Riscos, promover a cultura de \u00c9tica e Integridade, fortalecer a Transpar\u00eancia e a Ouvidoria, investir na capacita\u00e7\u00e3o dos servidores e buscar continuamente a melhoria da gest\u00e3o p\u00fablica."}
2025-04-30 15:33:09 - Processando pergunta 1, resposta_valor: O Prefeito.
Através de e-mail
2025-04-30 15:33:09 - Processando pergunta 2, resposta_valor: Sim
2025-04-30 15:33:09 - Pergunta 2 - resposta_sim_nao: Sim, justificativa_valor: 
2025-04-30 15:33:09 - Processando pergunta 14, resposta_valor: SECRETARIA DE GOVERNO|9|22|0|31;GABINETE DO PREFEITO|0|10|0|10;PROCURADORIA GERAL|1|11|0|12;CONTROLADORIA GERAL|2|3|0|5;SE DE ECONOMIA|9|25|0|34;SEC DE GESTÃO DE PESSOAS|4|1|0|5;SEC DE EDUCAÇÃO|707|116|281|1104;SEC DE SAUDE|153|35|32|220;SEC DE PROMOÇÃO SOClAL|8|31|23|62;SEC MUN DE TRANSPORTE|4|6|0|10;SEC DE ESPORTE LAZER E JUVENTUDE|0|7|0|7;SEC DE DEFESA DA MULHER|1|5|0|6;SEC DE MOBILIDADE E TRANSITO|4|1|0|5;SEC DE DESENVOLVIMENTO URBANO|73|29|0|102;SEC DE DESENVOLVIMENTO ECONOMICO|1|7|1|9;SEC DE MEIO AMBIENTE|5|3|12|20;SEC MUNICIPAL DE HABITAÇAO|0|2|0|2;SEC DE SEGURANCA PUBLICA|35|3|0|38
2025-04-30 15:33:09 - Pergunta 14 (planilha) - linhas brutas: ["SECRETARIA DE GOVERNO|9|22|0|31","GABINETE DO PREFEITO|0|10|0|10","PROCURADORIA GERAL|1|11|0|12","CONTROLADORIA GERAL|2|3|0|5","SE DE ECONOMIA|9|25|0|34","SEC DE GEST\u00c3O DE PESSOAS|4|1|0|5","SEC DE EDUCA\u00c7\u00c3O|707|116|281|1104","SEC DE SAUDE|153|35|32|220","SEC DE PROMO\u00c7\u00c3O SOClAL|8|31|23|62","SEC MUN DE TRANSPORTE|4|6|0|10","SEC DE ESPORTE LAZER E JUVENTUDE|0|7|0|7","SEC DE DEFESA DA MULHER|1|5|0|6","SEC DE MOBILIDADE E TRANSITO|4|1|0|5","SEC DE DESENVOLVIMENTO URBANO|73|29|0|102","SEC DE DESENVOLVIMENTO ECONOMICO|1|7|1|9","SEC DE MEIO AMBIENTE|5|3|12|20","SEC MUNICIPAL DE HABITA\u00c7AO|0|2|0|2","SEC DE SEGURANCA PUBLICA|35|3|0|38"]
2025-04-30 15:33:09 - Pergunta 14 (planilha) - dados da linha: ["SECRETARIA DE GOVERNO","9","22","0","31"]
2025-04-30 15:33:09 - Pergunta 14 (planilha) - dados da linha: ["GABINETE DO PREFEITO","0","10","0","10"]
2025-04-30 15:33:09 - Pergunta 14 (planilha) - dados da linha: ["PROCURADORIA GERAL","1","11","0","12"]
2025-04-30 15:33:09 - Pergunta 14 (planilha) - dados da linha: ["CONTROLADORIA GERAL","2","3","0","5"]
2025-04-30 15:33:09 - Pergunta 14 (planilha) - dados da linha: ["SE DE ECONOMIA","9","25","0","34"]
2025-04-30 15:33:10 - Pergunta 14 (planilha) - dados da linha: ["SEC DE GEST\u00c3O DE PESSOAS","4","1","0","5"]
2025-04-30 15:33:10 - Pergunta 14 (planilha) - dados da linha: ["SEC DE EDUCA\u00c7\u00c3O","707","116","281","1104"]
2025-04-30 15:33:10 - Pergunta 14 (planilha) - dados da linha: ["SEC DE SAUDE","153","35","32","220"]
2025-04-30 15:33:10 - Pergunta 14 (planilha) - dados da linha: ["SEC DE PROMO\u00c7\u00c3O SOClAL","8","31","23","62"]
2025-04-30 15:33:10 - Pergunta 14 (planilha) - dados da linha: ["SEC MUN DE TRANSPORTE","4","6","0","10"]
2025-04-30 15:33:10 - Pergunta 14 (planilha) - dados da linha: ["SEC DE ESPORTE LAZER E JUVENTUDE","0","7","0","7"]
2025-04-30 15:33:10 - Pergunta 14 (planilha) - dados da linha: ["SEC DE DEFESA DA MULHER","1","5","0","6"]
2025-04-30 15:33:10 - Pergunta 14 (planilha) - dados da linha: ["SEC DE MOBILIDADE E TRANSITO","4","1","0","5"]
2025-04-30 15:33:10 - Pergunta 14 (planilha) - dados da linha: ["SEC DE DESENVOLVIMENTO URBANO","73","29","0","102"]
2025-04-30 15:33:10 - Pergunta 14 (planilha) - dados da linha: ["SEC DE DESENVOLVIMENTO ECONOMICO","1","7","1","9"]
2025-04-30 15:33:10 - Pergunta 14 (planilha) - dados da linha: ["SEC DE MEIO AMBIENTE","5","3","12","20"]
2025-04-30 15:33:10 - Pergunta 14 (planilha) - dados da linha: ["SEC MUNICIPAL DE HABITA\u00c7AO","0","2","0","2"]
2025-04-30 15:33:10 - Pergunta 14 (planilha) - dados da linha: ["SEC DE SEGURANCA PUBLICA","35","3","0","38"]
2025-04-30 15:33:10 - Pergunta 14 (planilha) - planilha_data: [{"secretaria":"SECRETARIA DE GOVERNO","efetivos":"9","comissionados":"22","temporarios":"0","total_parcial":"31"},{"secretaria":"GABINETE DO PREFEITO","efetivos":"0","comissionados":"10","temporarios":"0","total_parcial":"10"},{"secretaria":"PROCURADORIA GERAL","efetivos":"1","comissionados":"11","temporarios":"0","total_parcial":"12"},{"secretaria":"CONTROLADORIA GERAL","efetivos":"2","comissionados":"3","temporarios":"0","total_parcial":"5"},{"secretaria":"SE DE ECONOMIA","efetivos":"9","comissionados":"25","temporarios":"0","total_parcial":"34"},{"secretaria":"SEC DE GEST\u00c3O DE PESSOAS","efetivos":"4","comissionados":"1","temporarios":"0","total_parcial":"5"},{"secretaria":"SEC DE EDUCA\u00c7\u00c3O","efetivos":"707","comissionados":"116","temporarios":"281","total_parcial":"1104"},{"secretaria":"SEC DE SAUDE","efetivos":"153","comissionados":"35","temporarios":"32","total_parcial":"220"},{"secretaria":"SEC DE PROMO\u00c7\u00c3O SOClAL","efetivos":"8","comissionados":"31","temporarios":"23","total_parcial":"62"},{"secretaria":"SEC MUN DE TRANSPORTE","efetivos":"4","comissionados":"6","temporarios":"0","total_parcial":"10"},{"secretaria":"SEC DE ESPORTE LAZER E JUVENTUDE","efetivos":"0","comissionados":"7","temporarios":"0","total_parcial":"7"},{"secretaria":"SEC DE DEFESA DA MULHER","efetivos":"1","comissionados":"5","temporarios":"0","total_parcial":"6"},{"secretaria":"SEC DE MOBILIDADE E TRANSITO","efetivos":"4","comissionados":"1","temporarios":"0","total_parcial":"5"},{"secretaria":"SEC DE DESENVOLVIMENTO URBANO","efetivos":"73","comissionados":"29","temporarios":"0","total_parcial":"102"},{"secretaria":"SEC DE DESENVOLVIMENTO ECONOMICO","efetivos":"1","comissionados":"7","temporarios":"1","total_parcial":"9"},{"secretaria":"SEC DE MEIO AMBIENTE","efetivos":"5","comissionados":"3","temporarios":"12","total_parcial":"20"},{"secretaria":"SEC MUNICIPAL DE HABITA\u00c7AO","efetivos":"0","comissionados":"2","temporarios":"0","total_parcial":"2"},{"secretaria":"SEC DE SEGURANCA PUBLICA","efetivos":"35","comissionados":"3","temporarios":"0","total_parcial":"38"}]
2025-04-30 15:33:10 - Processando pergunta 4, resposta_valor: Não
2025-04-30 15:33:11 - Pergunta 4 - resposta_sim_nao: Não, eixo_selecionado: , justificativa_valor: 
2025-04-30 15:33:11 - Processando pergunta 5, resposta_valor: Sim
2025-04-30 15:33:11 - Pergunta 5 - resposta_sim_nao: Sim, justificativa_valor: 
2025-04-30 15:33:11 - Processando pergunta 6, resposta_valor: 20 (vinte) horas semanais
2025-04-30 15:33:11 - Processando pergunta 7, resposta_valor: Sim
2025-04-30 15:33:11 - Pergunta 7 - resposta_sim_nao: Sim, justificativa_valor: 
2025-04-30 15:33:11 - Processando pergunta 8, resposta_valor: A falta de salas climatizadas e de equipamentos com câmeras de vídeo pode dificultar ou inviabilizar a participação em reuniões e capacitações, tanto virtuais quanto presenciais, comprometendo a qualidade das atividades realizadas no âmbito do Programa.
Esses desafios impactam diretamente a adesão, o engajamento e a efetividade das ações propostas pelo Programa Compliance Municipal 2025, sendo, portanto, pontos críticos que precisam ser superados para garantir o sucesso da participação do município.
2025-04-30 15:33:11 - Pergunta 8 - resposta_valor: A falta de salas climatizadas e de equipamentos com câmeras de vídeo pode dificultar ou inviabilizar a participação em reuniões e capacitações, tanto virtuais quanto presenciais, comprometendo a qualidade das atividades realizadas no âmbito do Programa.
Esses desafios impactam diretamente a adesão, o engajamento e a efetividade das ações propostas pelo Programa Compliance Municipal 2025, sendo, portanto, pontos críticos que precisam ser superados para garantir o sucesso da participação do município., outras_respostas_valor: 
2025-04-30 15:33:11 - Processando pergunta 9, resposta_valor: O município reúne condições para participar do Programa Compliance Municipal 2025 para adotar práticas de Gestão de Riscos, promover a cultura de Ética e Integridade, fortalecer a Transparência e a Ouvidoria, investir na capacitação dos servidores e buscar continuamente a melhoria da gestão pública.
2025-04-30 15:40:24 - Prefeitura ID: 71
2025-04-30 15:40:24 - Total de perguntas recuperadas: 9
2025-04-30 15:40:24 - Respostas recuperadas: {"1":"A iniciativa de inscrever o munic\u00edpio no Programa de Compliance P\u00fablico Municipal (PCM 2025) partiu do Controlador-Geral do Munic\u00edpio, o senhor Eduardo Dias Martins. Demonstrando vis\u00e3o estrat\u00e9gica e comprometimento com a integridade p\u00fablica, o Controlador-Geral apresentou a proposta ao Secret\u00e1rio de Gest\u00e3o e ao Prefeito, que prontamente acolheram a ideia.\r\nA proposta foi recebida de forma extremamente positiva pela Administra\u00e7\u00e3o Municipal e pelos servidores. Houve um reconhecimento imediato da import\u00e2ncia da ades\u00e3o ao programa, visto como uma oportunidade concreta para fortalecer a transpar\u00eancia, a \u00e9tica e a boa governan\u00e7a no \u00e2mbito municipal. A Administra\u00e7\u00e3o valorizou o compromisso com o aprimoramento cont\u00ednuo da gest\u00e3o p\u00fablica, enquanto os servidores se mostraram motivados diante da perspectiva de capacita\u00e7\u00e3o, crescimento institucional e constru\u00e7\u00e3o de uma cultura organizacional ainda mais alinhada aos princ\u00edpios da legalidade, impessoalidade, moralidade, publicidade e efici\u00eancia.","2":"Sim"}
2025-04-30 15:40:25 - Processando pergunta 1, resposta_valor: A iniciativa de inscrever o município no Programa de Compliance Público Municipal (PCM 2025) partiu do Controlador-Geral do Município, o senhor Eduardo Dias Martins. Demonstrando visão estratégica e comprometimento com a integridade pública, o Controlador-Geral apresentou a proposta ao Secretário de Gestão e ao Prefeito, que prontamente acolheram a ideia.
A proposta foi recebida de forma extremamente positiva pela Administração Municipal e pelos servidores. Houve um reconhecimento imediato da importância da adesão ao programa, visto como uma oportunidade concreta para fortalecer a transparência, a ética e a boa governança no âmbito municipal. A Administração valorizou o compromisso com o aprimoramento contínuo da gestão pública, enquanto os servidores se mostraram motivados diante da perspectiva de capacitação, crescimento institucional e construção de uma cultura organizacional ainda mais alinhada aos princípios da legalidade, impessoalidade, moralidade, publicidade e eficiência.
2025-04-30 15:40:25 - Processando pergunta 2, resposta_valor: Sim
2025-04-30 15:40:25 - Pergunta 2 - resposta_sim_nao: Sim, justificativa_valor: 
2025-04-30 15:40:25 - Processando pergunta 14, resposta_valor: 
2025-04-30 15:40:25 - Processando pergunta 4, resposta_valor: 
2025-04-30 15:40:26 - Processando pergunta 5, resposta_valor: 
2025-04-30 15:40:26 - Processando pergunta 6, resposta_valor: 
2025-04-30 15:40:26 - Processando pergunta 7, resposta_valor: 
2025-04-30 15:40:26 - Processando pergunta 8, resposta_valor: 
2025-04-30 15:40:26 - Processando pergunta 9, resposta_valor: 
2025-04-30 15:42:15 - Prefeitura ID: 71
2025-04-30 15:42:16 - Total de perguntas recuperadas: 9
2025-04-30 15:42:16 - Respostas recuperadas: {"1":"A iniciativa de inscrever o munic\u00edpio no Programa de Compliance P\u00fablico Municipal (PCM 2025) partiu do Controlador-Geral do Munic\u00edpio, o senhor Eduardo Dias Martins. Demonstrando vis\u00e3o estrat\u00e9gica e comprometimento com a integridade p\u00fablica, o Controlador-Geral apresentou a proposta ao Secret\u00e1rio de Gest\u00e3o e ao Prefeito, que prontamente acolheram a ideia.\r\nA proposta foi recebida de forma extremamente positiva pela Administra\u00e7\u00e3o Municipal e pelos servidores. Houve um reconhecimento imediato da import\u00e2ncia da ades\u00e3o ao programa, visto como uma oportunidade concreta para fortalecer a transpar\u00eancia, a \u00e9tica e a boa governan\u00e7a no \u00e2mbito municipal. A Administra\u00e7\u00e3o valorizou o compromisso com o aprimoramento cont\u00ednuo da gest\u00e3o p\u00fablica, enquanto os servidores se mostraram motivados diante da perspectiva de capacita\u00e7\u00e3o, crescimento institucional e constru\u00e7\u00e3o de uma cultura organizacional ainda mais alinhada aos princ\u00edpios da legalidade, impessoalidade, moralidade, publicidade e efici\u00eancia.","2":"Sim"}
2025-04-30 15:42:16 - Formulário enviado: {"resposta":{"1":"A iniciativa de inscrever o munic\u00edpio no Programa de Compliance P\u00fablico Municipal (PCM 2025) partiu do Controlador-Geral do Munic\u00edpio, o senhor Eduardo Dias Martins. Demonstrando vis\u00e3o estrat\u00e9gica e comprometimento com a integridade p\u00fablica, o Controlador-Geral apresentou a proposta ao Secret\u00e1rio de Gest\u00e3o e ao Prefeito, que prontamente acolheram a ideia.\r\nA proposta foi recebida de forma extremamente positiva pela Administra\u00e7\u00e3o Municipal e pelos servidores. Houve um reconhecimento imediato da import\u00e2ncia da ades\u00e3o ao programa, visto como uma oportunidade concreta para fortalecer a transpar\u00eancia, a \u00e9tica e a boa governan\u00e7a no \u00e2mbito municipal. A Administra\u00e7\u00e3o valorizou o compromisso com o aprimoramento cont\u00ednuo da gest\u00e3o p\u00fablica, enquanto os servidores se mostraram motivados diante da perspectiva de capacita\u00e7\u00e3o, crescimento institucional e constru\u00e7\u00e3o de uma cultura organizacional ainda mais alinhada aos princ\u00edpios da legalidade, impessoalidade, moralidade, publicidade e efici\u00eancia.","2":{"sim_nao":"Sim"},"4":{"sim_nao":"Sim","eixo":"Gest\u00e3o de Riscos"},"5":"Sim","6":"At\u00e9 04 horas semanais","7":{"sim_nao":"Sim"},"8":"Os principais desafios identificados para a participa\u00e7\u00e3o do munic\u00edpio no PCM 2025 foram o est\u00edmulo ao interesse dos servidores tanto na participa\u00e7\u00e3o nas atividades quanto nas capacita\u00e7\u00f5es virtuais, al\u00e9m da disponibilidade para conciliar os hor\u00e1rios das atividades laborais com as demandas do programa.\r\nConstatou-se que muitos servidores ainda n\u00e3o possuem o h\u00e1bito de buscar o aperfei\u00e7oamento cont\u00ednuo por meio de cursos e forma\u00e7\u00f5es complementares, o que torna necess\u00e1rio desenvolver uma cultura interna que valorize a capacita\u00e7\u00e3o como ferramenta de aprimoramento profissional e de fortalecimento da gest\u00e3o p\u00fablica.\r\nOutro desafio relevante decorre do contexto de in\u00edcio de mandato, per\u00edodo no qual as secretarias e equipes est\u00e3o intensamente envolvidas em atividades administrativas essenciais. Tal realidade impacta a disponibilidade dos servidores para se dedicarem integralmente \u00e0s exig\u00eancias do programa, especialmente para a participa\u00e7\u00e3o nas mentorias e na realiza\u00e7\u00e3o dos cursos.\r\nAinda assim, a Administra\u00e7\u00e3o Municipal est\u00e1 empenhada em superar essas dificuldades, promovendo a\u00e7\u00f5es de incentivo, mobiliza\u00e7\u00e3o e conscientiza\u00e7\u00e3o interna, reafirmando o compromisso com a implanta\u00e7\u00e3o exitosa do Programa de Compliance Municipal e a promo\u00e7\u00e3o de uma gest\u00e3o cada vez mais \u00edntegra, eficiente e transparente.","9":"A principal raz\u00e3o para que o munic\u00edpio seja selecionado para participar do PCM 2025 \u00e9 a firme disposi\u00e7\u00e3o da Administra\u00e7\u00e3o Municipal em fortalecer pr\u00e1ticas de boa governan\u00e7a. H\u00e1 um comprometimento em incentivar comportamentos \u00e9ticos entre os servidores, promover uma cultura organizacional voltada ao planejamento e \u00e0 preven\u00e7\u00e3o de riscos, investir na capacita\u00e7\u00e3o cont\u00ednua do quadro funcional e ampliar a participa\u00e7\u00e3o social na gest\u00e3o p\u00fablica, por meio do aprimoramento da transpar\u00eancia e do fortalecimento da atua\u00e7\u00e3o da ouvidoria."},"justificativa":{"2":"","4":"A escolha por esse eixo decorre do entendimento de que uma gest\u00e3o eficaz dos riscos \u00e9 fundamental para a melhoria cont\u00ednua dos servi\u00e7os p\u00fablicos, permitindo \u00e0 administra\u00e7\u00e3o antever situa\u00e7\u00f5es adversas, planejar com mais seguran\u00e7a e tomar decis\u00f5es baseadas em evid\u00eancias. Al\u00e9m disso, investir na estrutura\u00e7\u00e3o de uma cultura voltada \u00e0 preven\u00e7\u00e3o de falhas e ao fortalecimento dos controles internos representa um passo decisivo na promo\u00e7\u00e3o da integridade, da responsabilidade na utiliza\u00e7\u00e3o dos recursos p\u00fablicos e da efici\u00eancia administrativa.\r\nAo priorizar esse eixo, o munic\u00edpio demonstra seu compromisso com uma governan\u00e7a moderna, estrat\u00e9gica e orientada para resultados, colocando a confian\u00e7a da sociedade e o interesse p\u00fablico como pilares da sua atua\u00e7\u00e3o.","5":"","7":""},"secretaria":{"14":["SECRETARIA DE COMUNICA\u00c7\u00c3O","CONSELHO TUTELAR","CONTROLADORIA-GERAL","SECRETARIA DE CULTURA E TURISMO","SECRETARIA DE DESENVOLVIMENTO SOCIAL","SECRETARIA DE EDUCA\u00c7\u00c3O","SECRETARIA DE ESPORTE","SECRETARIA DE FAZENDA","GABINETE DO PREFEITO","SECRETARIA DE GEST\u00c3O","SECRETARIA DE MEIO AMBIENTE","SECRETARIA DE OBRAS E SERVICOS P\u00daBLICOS","SECRETARIA DE PLANEJAMENTO E CADASTRO URBANO","PROCURADORIA-GERAL","SECRETARIA DE SA\u00daDE","SECRETARIA DE SERVI\u00c7OS URBANOS"]},"efetivos":{"14":["0","3","2","3","7","783","16","16","0","29","8","132","10","3","232","38"]},"comissionados":{"14":["2","5","0","1","37","39","5","1","2","106","2","16","3","1","40","16"]},"temporarios":{"14":["0","0","0","0","0","2","0","0","0","0","0","0","0","0","90","0"]},"salvar":""}
2025-04-30 15:42:16 - Atualizada resposta para pergunta 1: A iniciativa de inscrever o município no Programa de Compliance Público Municipal (PCM 2025) partiu do Controlador-Geral do Município, o senhor Eduardo Dias Martins. Demonstrando visão estratégica e comprometimento com a integridade pública, o Controlador-Geral apresentou a proposta ao Secretário de Gestão e ao Prefeito, que prontamente acolheram a ideia.
A proposta foi recebida de forma extremamente positiva pela Administração Municipal e pelos servidores. Houve um reconhecimento imediato da importância da adesão ao programa, visto como uma oportunidade concreta para fortalecer a transparência, a ética e a boa governança no âmbito municipal. A Administração valorizou o compromisso com o aprimoramento contínuo da gestão pública, enquanto os servidores se mostraram motivados diante da perspectiva de capacitação, crescimento institucional e construção de uma cultura organizacional ainda mais alinhada aos princípios da legalidade, impessoalidade, moralidade, publicidade e eficiência.
2025-04-30 15:42:16 - Atualizada resposta para pergunta 2: Sim
2025-04-30 15:42:17 - Pergunta 14 (planilha) - Resposta gerada: SECRETARIA DE COMUNICAÇÃO|0|2|0|2;CONSELHO TUTELAR|3|5|0|8;CONTROLADORIA-GERAL|2|0|0|2;SECRETARIA DE CULTURA E TURISMO|3|1|0|4;SECRETARIA DE DESENVOLVIMENTO SOCIAL|7|37|0|44;SECRETARIA DE EDUCAÇÃO|783|39|2|824;SECRETARIA DE ESPORTE|16|5|0|21;SECRETARIA DE FAZENDA|16|1|0|17;GABINETE DO PREFEITO|0|2|0|2;SECRETARIA DE GESTÃO|29|106|0|135;SECRETARIA DE MEIO AMBIENTE|8|2|0|10;SECRETARIA DE OBRAS E SERVICOS PÚBLICOS|132|16|0|148;SECRETARIA DE PLANEJAMENTO E CADASTRO URBANO|10|3|0|13;PROCURADORIA-GERAL|3|1|0|4;SECRETARIA DE SAÚDE|232|40|90|362;SECRETARIA DE SERVIÇOS URBANOS|38|16|0|54
2025-04-30 15:42:17 - Inserida resposta para pergunta 14: SECRETARIA DE COMUNICAÇÃO|0|2|0|2;CONSELHO TUTELAR|3|5|0|8;CONTROLADORIA-GERAL|2|0|0|2;SECRETARIA DE CULTURA E TURISMO|3|1|0|4;SECRETARIA DE DESENVOLVIMENTO SOCIAL|7|37|0|44;SECRETARIA DE EDUCAÇÃO|783|39|2|824;SECRETARIA DE ESPORTE|16|5|0|21;SECRETARIA DE FAZENDA|16|1|0|17;GABINETE DO PREFEITO|0|2|0|2;SECRETARIA DE GESTÃO|29|106|0|135;SECRETARIA DE MEIO AMBIENTE|8|2|0|10;SECRETARIA DE OBRAS E SERVICOS PÚBLICOS|132|16|0|148;SECRETARIA DE PLANEJAMENTO E CADASTRO URBANO|10|3|0|13;PROCURADORIA-GERAL|3|1|0|4;SECRETARIA DE SAÚDE|232|40|90|362;SECRETARIA DE SERVIÇOS URBANOS|38|16|0|54
2025-04-30 15:42:17 - Inserida resposta para pergunta 4: Sim|Gestão de Riscos|A escolha por esse eixo decorre do entendimento de que uma gestão eficaz dos riscos é fundamental para a melhoria contínua dos serviços públicos, permitindo à administração antever situações adversas, planejar com mais segurança e tomar decisões baseadas em evidências. Além disso, investir na estruturação de uma cultura voltada à prevenção de falhas e ao fortalecimento dos controles internos representa um passo decisivo na promoção da integridade, da responsabilidade na utilização dos recursos públicos e da eficiência administrativa.
Ao priorizar esse eixo, o município demonstra seu compromisso com uma governança moderna, estratégica e orientada para resultados, colocando a confiança da sociedade e o interesse público como pilares da sua atuação.
2025-04-30 15:42:17 - Inserida resposta para pergunta 5: Sim
2025-04-30 15:42:18 - Inserida resposta para pergunta 6: Até 04 horas semanais
2025-04-30 15:42:18 - Inserida resposta para pergunta 7: Sim
2025-04-30 15:42:18 - Inserida resposta para pergunta 8: Os principais desafios identificados para a participação do município no PCM 2025 foram o estímulo ao interesse dos servidores tanto na participação nas atividades quanto nas capacitações virtuais, além da disponibilidade para conciliar os horários das atividades laborais com as demandas do programa.
Constatou-se que muitos servidores ainda não possuem o hábito de buscar o aperfeiçoamento contínuo por meio de cursos e formações complementares, o que torna necessário desenvolver uma cultura interna que valorize a capacitação como ferramenta de aprimoramento profissional e de fortalecimento da gestão pública.
Outro desafio relevante decorre do contexto de início de mandato, período no qual as secretarias e equipes estão intensamente envolvidas em atividades administrativas essenciais. Tal realidade impacta a disponibilidade dos servidores para se dedicarem integralmente às exigências do programa, especialmente para a participação nas mentorias e na realização dos cursos.
Ainda assim, a Administração Municipal está empenhada em superar essas dificuldades, promovendo ações de incentivo, mobilização e conscientização interna, reafirmando o compromisso com a implantação exitosa do Programa de Compliance Municipal e a promoção de uma gestão cada vez mais íntegra, eficiente e transparente.
2025-04-30 15:42:18 - Inserida resposta para pergunta 9: A principal razão para que o município seja selecionado para participar do PCM 2025 é a firme disposição da Administração Municipal em fortalecer práticas de boa governança. Há um comprometimento em incentivar comportamentos éticos entre os servidores, promover uma cultura organizacional voltada ao planejamento e à prevenção de riscos, investir na capacitação contínua do quadro funcional e ampliar a participação social na gestão pública, por meio do aprimoramento da transparência e do fortalecimento da atuação da ouvidoria.
2025-04-30 15:42:18 - Salvamento concluído com sucesso
2025-04-30 15:42:19 - Prefeitura ID: 71
2025-04-30 15:42:19 - Total de perguntas recuperadas: 9
2025-04-30 15:42:19 - Respostas recuperadas: {"1":"A iniciativa de inscrever o munic\u00edpio no Programa de Compliance P\u00fablico Municipal (PCM 2025) partiu do Controlador-Geral do Munic\u00edpio, o senhor Eduardo Dias Martins. Demonstrando vis\u00e3o estrat\u00e9gica e comprometimento com a integridade p\u00fablica, o Controlador-Geral apresentou a proposta ao Secret\u00e1rio de Gest\u00e3o e ao Prefeito, que prontamente acolheram a ideia.\r\nA proposta foi recebida de forma extremamente positiva pela Administra\u00e7\u00e3o Municipal e pelos servidores. Houve um reconhecimento imediato da import\u00e2ncia da ades\u00e3o ao programa, visto como uma oportunidade concreta para fortalecer a transpar\u00eancia, a \u00e9tica e a boa governan\u00e7a no \u00e2mbito municipal. A Administra\u00e7\u00e3o valorizou o compromisso com o aprimoramento cont\u00ednuo da gest\u00e3o p\u00fablica, enquanto os servidores se mostraram motivados diante da perspectiva de capacita\u00e7\u00e3o, crescimento institucional e constru\u00e7\u00e3o de uma cultura organizacional ainda mais alinhada aos princ\u00edpios da legalidade, impessoalidade, moralidade, publicidade e efici\u00eancia.","2":"Sim","14":"SECRETARIA DE COMUNICA\u00c7\u00c3O|0|2|0|2;CONSELHO TUTELAR|3|5|0|8;CONTROLADORIA-GERAL|2|0|0|2;SECRETARIA DE CULTURA E TURISMO|3|1|0|4;SECRETARIA DE DESENVOLVIMENTO SOCIAL|7|37|0|44;SECRETARIA DE EDUCA\u00c7\u00c3O|783|39|2|824;SECRETARIA DE ESPORTE|16|5|0|21;SECRETARIA DE FAZENDA|16|1|0|17;GABINETE DO PREFEITO|0|2|0|2;SECRETARIA DE GEST\u00c3O|29|106|0|135;SECRETARIA DE MEIO AMBIENTE|8|2|0|10;SECRETARIA DE OBRAS E SERVICOS P\u00daBLICOS|132|16|0|148;SECRETARIA DE PLANEJAMENTO E CADASTRO URBANO|10|3|0|13;PROCURADORIA-GERAL|3|1|0|4;SECRETARIA DE SA\u00daDE|232|40|90|362;SECRETARIA DE SERVI\u00c7OS URBANOS|38|16|0|54","4":"Sim|Gest\u00e3o de Riscos|A escolha por esse eixo decorre do entendimento de que uma gest\u00e3o eficaz dos riscos \u00e9 fundamental para a melhoria cont\u00ednua dos servi\u00e7os p\u00fablicos, permitindo \u00e0 administra\u00e7\u00e3o antever situa\u00e7\u00f5es adversas, planejar com mais seguran\u00e7a e tomar decis\u00f5es baseadas em evid\u00eancias. Al\u00e9m disso, investir na estrutura\u00e7\u00e3o de uma cultura voltada \u00e0 preven\u00e7\u00e3o de falhas e ao fortalecimento dos controles internos representa um passo decisivo na promo\u00e7\u00e3o da integridade, da responsabilidade na utiliza\u00e7\u00e3o dos recursos p\u00fablicos e da efici\u00eancia administrativa.\r\nAo priorizar esse eixo, o munic\u00edpio demonstra seu compromisso com uma governan\u00e7a moderna, estrat\u00e9gica e orientada para resultados, colocando a confian\u00e7a da sociedade e o interesse p\u00fablico como pilares da sua atua\u00e7\u00e3o.","5":"Sim","6":"At\u00e9 04 horas semanais","7":"Sim","8":"Os principais desafios identificados para a participa\u00e7\u00e3o do munic\u00edpio no PCM 2025 foram o est\u00edmulo ao interesse dos servidores tanto na participa\u00e7\u00e3o nas atividades quanto nas capacita\u00e7\u00f5es virtuais, al\u00e9m da disponibilidade para conciliar os hor\u00e1rios das atividades laborais com as demandas do programa.\r\nConstatou-se que muitos servidores ainda n\u00e3o possuem o h\u00e1bito de buscar o aperfei\u00e7oamento cont\u00ednuo por meio de cursos e forma\u00e7\u00f5es complementares, o que torna necess\u00e1rio desenvolver uma cultura interna que valorize a capacita\u00e7\u00e3o como ferramenta de aprimoramento profissional e de fortalecimento da gest\u00e3o p\u00fablica.\r\nOutro desafio relevante decorre do contexto de in\u00edcio de mandato, per\u00edodo no qual as secretarias e equipes est\u00e3o intensamente envolvidas em atividades administrativas essenciais. Tal realidade impacta a disponibilidade dos servidores para se dedicarem integralmente \u00e0s exig\u00eancias do programa, especialmente para a participa\u00e7\u00e3o nas mentorias e na realiza\u00e7\u00e3o dos cursos.\r\nAinda assim, a Administra\u00e7\u00e3o Municipal est\u00e1 empenhada em superar essas dificuldades, promovendo a\u00e7\u00f5es de incentivo, mobiliza\u00e7\u00e3o e conscientiza\u00e7\u00e3o interna, reafirmando o compromisso com a implanta\u00e7\u00e3o exitosa do Programa de Compliance Municipal e a promo\u00e7\u00e3o de uma gest\u00e3o cada vez mais \u00edntegra, eficiente e transparente.","9":"A principal raz\u00e3o para que o munic\u00edpio seja selecionado para participar do PCM 2025 \u00e9 a firme disposi\u00e7\u00e3o da Administra\u00e7\u00e3o Municipal em fortalecer pr\u00e1ticas de boa governan\u00e7a. H\u00e1 um comprometimento em incentivar comportamentos \u00e9ticos entre os servidores, promover uma cultura organizacional voltada ao planejamento e \u00e0 preven\u00e7\u00e3o de riscos, investir na capacita\u00e7\u00e3o cont\u00ednua do quadro funcional e ampliar a participa\u00e7\u00e3o social na gest\u00e3o p\u00fablica, por meio do aprimoramento da transpar\u00eancia e do fortalecimento da atua\u00e7\u00e3o da ouvidoria."}
2025-04-30 15:42:19 - Processando pergunta 1, resposta_valor: A iniciativa de inscrever o município no Programa de Compliance Público Municipal (PCM 2025) partiu do Controlador-Geral do Município, o senhor Eduardo Dias Martins. Demonstrando visão estratégica e comprometimento com a integridade pública, o Controlador-Geral apresentou a proposta ao Secretário de Gestão e ao Prefeito, que prontamente acolheram a ideia.
A proposta foi recebida de forma extremamente positiva pela Administração Municipal e pelos servidores. Houve um reconhecimento imediato da importância da adesão ao programa, visto como uma oportunidade concreta para fortalecer a transparência, a ética e a boa governança no âmbito municipal. A Administração valorizou o compromisso com o aprimoramento contínuo da gestão pública, enquanto os servidores se mostraram motivados diante da perspectiva de capacitação, crescimento institucional e construção de uma cultura organizacional ainda mais alinhada aos princípios da legalidade, impessoalidade, moralidade, publicidade e eficiência.
2025-04-30 15:42:20 - Processando pergunta 2, resposta_valor: Sim
2025-04-30 15:42:20 - Pergunta 2 - resposta_sim_nao: Sim, justificativa_valor: 
2025-04-30 15:42:20 - Processando pergunta 14, resposta_valor: SECRETARIA DE COMUNICAÇÃO|0|2|0|2;CONSELHO TUTELAR|3|5|0|8;CONTROLADORIA-GERAL|2|0|0|2;SECRETARIA DE CULTURA E TURISMO|3|1|0|4;SECRETARIA DE DESENVOLVIMENTO SOCIAL|7|37|0|44;SECRETARIA DE EDUCAÇÃO|783|39|2|824;SECRETARIA DE ESPORTE|16|5|0|21;SECRETARIA DE FAZENDA|16|1|0|17;GABINETE DO PREFEITO|0|2|0|2;SECRETARIA DE GESTÃO|29|106|0|135;SECRETARIA DE MEIO AMBIENTE|8|2|0|10;SECRETARIA DE OBRAS E SERVICOS PÚBLICOS|132|16|0|148;SECRETARIA DE PLANEJAMENTO E CADASTRO URBANO|10|3|0|13;PROCURADORIA-GERAL|3|1|0|4;SECRETARIA DE SAÚDE|232|40|90|362;SECRETARIA DE SERVIÇOS URBANOS|38|16|0|54
2025-04-30 15:42:20 - Pergunta 14 (planilha) - linhas brutas: ["SECRETARIA DE COMUNICA\u00c7\u00c3O|0|2|0|2","CONSELHO TUTELAR|3|5|0|8","CONTROLADORIA-GERAL|2|0|0|2","SECRETARIA DE CULTURA E TURISMO|3|1|0|4","SECRETARIA DE DESENVOLVIMENTO SOCIAL|7|37|0|44","SECRETARIA DE EDUCA\u00c7\u00c3O|783|39|2|824","SECRETARIA DE ESPORTE|16|5|0|21","SECRETARIA DE FAZENDA|16|1|0|17","GABINETE DO PREFEITO|0|2|0|2","SECRETARIA DE GEST\u00c3O|29|106|0|135","SECRETARIA DE MEIO AMBIENTE|8|2|0|10","SECRETARIA DE OBRAS E SERVICOS P\u00daBLICOS|132|16|0|148","SECRETARIA DE PLANEJAMENTO E CADASTRO URBANO|10|3|0|13","PROCURADORIA-GERAL|3|1|0|4","SECRETARIA DE SA\u00daDE|232|40|90|362","SECRETARIA DE SERVI\u00c7OS URBANOS|38|16|0|54"]
2025-04-30 15:42:20 - Pergunta 14 (planilha) - dados da linha: ["SECRETARIA DE COMUNICA\u00c7\u00c3O","0","2","0","2"]
2025-04-30 15:42:21 - Pergunta 14 (planilha) - dados da linha: ["CONSELHO TUTELAR","3","5","0","8"]
2025-04-30 15:42:21 - Pergunta 14 (planilha) - dados da linha: ["CONTROLADORIA-GERAL","2","0","0","2"]
2025-04-30 15:42:21 - Pergunta 14 (planilha) - dados da linha: ["SECRETARIA DE CULTURA E TURISMO","3","1","0","4"]
2025-04-30 15:42:21 - Pergunta 14 (planilha) - dados da linha: ["SECRETARIA DE DESENVOLVIMENTO SOCIAL","7","37","0","44"]
2025-04-30 15:42:21 - Pergunta 14 (planilha) - dados da linha: ["SECRETARIA DE EDUCA\u00c7\u00c3O","783","39","2","824"]
2025-04-30 15:42:22 - Pergunta 14 (planilha) - dados da linha: ["SECRETARIA DE ESPORTE","16","5","0","21"]
2025-04-30 15:42:22 - Pergunta 14 (planilha) - dados da linha: ["SECRETARIA DE FAZENDA","16","1","0","17"]
2025-04-30 15:42:22 - Pergunta 14 (planilha) - dados da linha: ["GABINETE DO PREFEITO","0","2","0","2"]
2025-04-30 15:42:22 - Pergunta 14 (planilha) - dados da linha: ["SECRETARIA DE GEST\u00c3O","29","106","0","135"]
2025-04-30 15:42:22 - Pergunta 14 (planilha) - dados da linha: ["SECRETARIA DE MEIO AMBIENTE","8","2","0","10"]
2025-04-30 15:42:23 - Pergunta 14 (planilha) - dados da linha: ["SECRETARIA DE OBRAS E SERVICOS P\u00daBLICOS","132","16","0","148"]
2025-04-30 15:42:23 - Pergunta 14 (planilha) - dados da linha: ["SECRETARIA DE PLANEJAMENTO E CADASTRO URBANO","10","3","0","13"]
2025-04-30 15:42:23 - Pergunta 14 (planilha) - dados da linha: ["PROCURADORIA-GERAL","3","1","0","4"]
2025-04-30 15:42:23 - Pergunta 14 (planilha) - dados da linha: ["SECRETARIA DE SA\u00daDE","232","40","90","362"]
2025-04-30 15:42:24 - Pergunta 14 (planilha) - dados da linha: ["SECRETARIA DE SERVI\u00c7OS URBANOS","38","16","0","54"]
2025-04-30 15:42:24 - Pergunta 14 (planilha) - planilha_data: [{"secretaria":"SECRETARIA DE COMUNICA\u00c7\u00c3O","efetivos":"0","comissionados":"2","temporarios":"0","total_parcial":"2"},{"secretaria":"CONSELHO TUTELAR","efetivos":"3","comissionados":"5","temporarios":"0","total_parcial":"8"},{"secretaria":"CONTROLADORIA-GERAL","efetivos":"2","comissionados":"0","temporarios":"0","total_parcial":"2"},{"secretaria":"SECRETARIA DE CULTURA E TURISMO","efetivos":"3","comissionados":"1","temporarios":"0","total_parcial":"4"},{"secretaria":"SECRETARIA DE DESENVOLVIMENTO SOCIAL","efetivos":"7","comissionados":"37","temporarios":"0","total_parcial":"44"},{"secretaria":"SECRETARIA DE EDUCA\u00c7\u00c3O","efetivos":"783","comissionados":"39","temporarios":"2","total_parcial":"824"},{"secretaria":"SECRETARIA DE ESPORTE","efetivos":"16","comissionados":"5","temporarios":"0","total_parcial":"21"},{"secretaria":"SECRETARIA DE FAZENDA","efetivos":"16","comissionados":"1","temporarios":"0","total_parcial":"17"},{"secretaria":"GABINETE DO PREFEITO","efetivos":"0","comissionados":"2","temporarios":"0","total_parcial":"2"},{"secretaria":"SECRETARIA DE GEST\u00c3O","efetivos":"29","comissionados":"106","temporarios":"0","total_parcial":"135"},{"secretaria":"SECRETARIA DE MEIO AMBIENTE","efetivos":"8","comissionados":"2","temporarios":"0","total_parcial":"10"},{"secretaria":"SECRETARIA DE OBRAS E SERVICOS P\u00daBLICOS","efetivos":"132","comissionados":"16","temporarios":"0","total_parcial":"148"},{"secretaria":"SECRETARIA DE PLANEJAMENTO E CADASTRO URBANO","efetivos":"10","comissionados":"3","temporarios":"0","total_parcial":"13"},{"secretaria":"PROCURADORIA-GERAL","efetivos":"3","comissionados":"1","temporarios":"0","total_parcial":"4"},{"secretaria":"SECRETARIA DE SA\u00daDE","efetivos":"232","comissionados":"40","temporarios":"90","total_parcial":"362"},{"secretaria":"SECRETARIA DE SERVI\u00c7OS URBANOS","efetivos":"38","comissionados":"16","temporarios":"0","total_parcial":"54"}]
2025-04-30 15:42:24 - Processando pergunta 4, resposta_valor: Sim|Gestão de Riscos|A escolha por esse eixo decorre do entendimento de que uma gestão eficaz dos riscos é fundamental para a melhoria contínua dos serviços públicos, permitindo à administração antever situações adversas, planejar com mais segurança e tomar decisões baseadas em evidências. Além disso, investir na estruturação de uma cultura voltada à prevenção de falhas e ao fortalecimento dos controles internos representa um passo decisivo na promoção da integridade, da responsabilidade na utilização dos recursos públicos e da eficiência administrativa.
Ao priorizar esse eixo, o município demonstra seu compromisso com uma governança moderna, estratégica e orientada para resultados, colocando a confiança da sociedade e o interesse público como pilares da sua atuação.
2025-04-30 15:42:24 - Pergunta 4 - resposta_sim_nao: Sim, eixo_selecionado: Gestão de Riscos, justificativa_valor: A escolha por esse eixo decorre do entendimento de que uma gestão eficaz dos riscos é fundamental para a melhoria contínua dos serviços públicos, permitindo à administração antever situações adversas, planejar com mais segurança e tomar decisões baseadas em evidências. Além disso, investir na estruturação de uma cultura voltada à prevenção de falhas e ao fortalecimento dos controles internos representa um passo decisivo na promoção da integridade, da responsabilidade na utilização dos recursos públicos e da eficiência administrativa.
Ao priorizar esse eixo, o município demonstra seu compromisso com uma governança moderna, estratégica e orientada para resultados, colocando a confiança da sociedade e o interesse público como pilares da sua atuação.
2025-04-30 15:42:24 - Processando pergunta 5, resposta_valor: Sim
2025-04-30 15:42:25 - Pergunta 5 - resposta_sim_nao: Sim, justificativa_valor: 
2025-04-30 15:42:25 - Processando pergunta 6, resposta_valor: Até 04 horas semanais
2025-04-30 15:42:25 - Processando pergunta 7, resposta_valor: Sim
2025-04-30 15:42:25 - Pergunta 7 - resposta_sim_nao: Sim, justificativa_valor: 
2025-04-30 15:42:25 - Processando pergunta 8, resposta_valor: Os principais desafios identificados para a participação do município no PCM 2025 foram o estímulo ao interesse dos servidores tanto na participação nas atividades quanto nas capacitações virtuais, além da disponibilidade para conciliar os horários das atividades laborais com as demandas do programa.
Constatou-se que muitos servidores ainda não possuem o hábito de buscar o aperfeiçoamento contínuo por meio de cursos e formações complementares, o que torna necessário desenvolver uma cultura interna que valorize a capacitação como ferramenta de aprimoramento profissional e de fortalecimento da gestão pública.
Outro desafio relevante decorre do contexto de início de mandato, período no qual as secretarias e equipes estão intensamente envolvidas em atividades administrativas essenciais. Tal realidade impacta a disponibilidade dos servidores para se dedicarem integralmente às exigências do programa, especialmente para a participação nas mentorias e na realização dos cursos.
Ainda assim, a Administração Municipal está empenhada em superar essas dificuldades, promovendo ações de incentivo, mobilização e conscientização interna, reafirmando o compromisso com a implantação exitosa do Programa de Compliance Municipal e a promoção de uma gestão cada vez mais íntegra, eficiente e transparente.
2025-04-30 15:42:26 - Pergunta 8 - resposta_valor: Os principais desafios identificados para a participação do município no PCM 2025 foram o estímulo ao interesse dos servidores tanto na participação nas atividades quanto nas capacitações virtuais, além da disponibilidade para conciliar os horários das atividades laborais com as demandas do programa.
Constatou-se que muitos servidores ainda não possuem o hábito de buscar o aperfeiçoamento contínuo por meio de cursos e formações complementares, o que torna necessário desenvolver uma cultura interna que valorize a capacitação como ferramenta de aprimoramento profissional e de fortalecimento da gestão pública.
Outro desafio relevante decorre do contexto de início de mandato, período no qual as secretarias e equipes estão intensamente envolvidas em atividades administrativas essenciais. Tal realidade impacta a disponibilidade dos servidores para se dedicarem integralmente às exigências do programa, especialmente para a participação nas mentorias e na realização dos cursos.
Ainda assim, a Administração Municipal está empenhada em superar essas dificuldades, promovendo ações de incentivo, mobilização e conscientização interna, reafirmando o compromisso com a implantação exitosa do Programa de Compliance Municipal e a promoção de uma gestão cada vez mais íntegra, eficiente e transparente., outras_respostas_valor: 
2025-04-30 15:42:26 - Processando pergunta 9, resposta_valor: A principal razão para que o município seja selecionado para participar do PCM 2025 é a firme disposição da Administração Municipal em fortalecer práticas de boa governança. Há um comprometimento em incentivar comportamentos éticos entre os servidores, promover uma cultura organizacional voltada ao planejamento e à prevenção de riscos, investir na capacitação contínua do quadro funcional e ampliar a participação social na gestão pública, por meio do aprimoramento da transparência e do fortalecimento da atuação da ouvidoria.
2025-04-30 16:00:42 - Prefeitura ID: 45
2025-04-30 16:00:43 - Total de perguntas recuperadas: 9
2025-04-30 16:00:43 - Respostas recuperadas: {"1":"Ficamos sabendo do Programa de Compliance Municipal por meio do convite recebido via e-mail e tamb\u00e9m atrav\u00e9s do presidente da FGM, Paulo Vitor Avelar, que \u00e9 o prefeito de nosso munic\u00edpio e teve a iniciativa de participar","2":"Sim","14":"GABINETE DO PREFEITO|2|6|0|8;GABINETE DO VICE PREFEITO|0|1|0|1;PROCURADORIA JUR\u00cdDICA|0|3|0|3;SEC DE DESENVOLVIMENTO URBANO|40|31|0|71;SEC DE ADMINISTRA\u00c7\u00c3O|38|14|0|52;SEC DE FINAN\u00c7AS|29|3|0|32;SEC DESENV AGROPECU\u00c1RIO|4|9|0|13;SEC IND E COM\u00c9RCIO|2|5|0|7;SEC INFRAESTRUTURA RURAL|12|9|0|21;SEC DE GOVERNO E COMUNICA\u00c7\u00c3O|0|6|0|6;SEC MEIO AMBIENTE|8|9|0|17;SEC DE EDUCA\u00c7\u00c3O ESPORTE E CULTURA|258|371|0|629;FUNDA\u00c7\u00c3O MUNICIPAL GRACE MACHADO|19|23|0|42;SEC MUNICIPAL DE SA\u00daDE|201|31|0|232;CONTROLADORIA GERAL|0|2|0|2;CONSELHO TUTELAR|0|6|0|6","4":"N\u00e3o","5":"Sim","6":"Em m\u00e9dia 04-06 horas semanais, podendo variar conforme a necessidade","7":"Sim","8":"A infraestrutura representa um desafio, devido \u00e0  insufici\u00eancia de equipamentos adequados, como c\u00e2meras de v\u00eddeo e \u00e1udio, que s\u00e3o essenciais para garantir a qualidade das reuni\u00f5es virtuais e presenciais. Contudo, estamos comprometidos em superar esses obst\u00e1culos e buscar solu\u00e7\u00f5es que assegurem a participa\u00e7\u00e3o plena e o sucesso de Jaragu\u00e1\/GO no PCM 2025.","9":"As principais raz\u00f5es para que Jaragu\u00e1\/GO seja selecionado para participar do PCM 2025 est\u00e3o relacionadas ao avan\u00e7o cont\u00ednuo da administra\u00e7\u00e3o municipal em \u00e1reas fundamentais para a boa gest\u00e3o p\u00fablica. O munic\u00edpio j\u00e1 vem implementando pr\u00e1ticas de Gest\u00e3o de Riscos, identificando e mitigando poss\u00edveis obst\u00e1culos com o objetivo de garantir a continuidade e efici\u00eancia das a\u00e7\u00f5es p\u00fablicas. Al\u00e9m disso, a \u00e9tica tem sido um princ\u00edpio norteador, promovendo uma gest\u00e3o transparente e respons\u00e1vel em todas as suas a\u00e7\u00f5es.\r\n\r\nA transpar\u00eancia e a ouvidoria tamb\u00e9m s\u00e3o pilares importantes na administra\u00e7\u00e3o de Jaragu\u00e1\/GO. O munic\u00edpio tem se esfor\u00e7ado para garantir que as informa\u00e7\u00f5es p\u00fablicas sejam acess\u00edveis, al\u00e9m de incentivar a participa\u00e7\u00e3o cidad\u00e3 e o controle social por meio de canais de comunica\u00e7\u00e3o eficientes.\r\n\r\nOutro ponto forte \u00e9 o investimento cont\u00ednuo em capacita\u00e7\u00e3o dos servidores p\u00fablicos, promovendo o desenvolvimento profissional e a qualifica\u00e7\u00e3o dos colaboradores para uma gest\u00e3o mais eficiente e inovadora. Esses aspectos, aliados \u00e0 determina\u00e7\u00e3o da administra\u00e7\u00e3o em aprimorar ainda mais suas pr\u00e1ticas, tornam Jaragu\u00e1\/GO um candidato ideal para integrar o PCM 2025 e continuar seu caminho de transforma\u00e7\u00e3o e excel\u00eancia na gest\u00e3o p\u00fablica."}
2025-04-30 16:00:43 - Processando pergunta 1, resposta_valor: Ficamos sabendo do Programa de Compliance Municipal por meio do convite recebido via e-mail e também através do presidente da FGM, Paulo Vitor Avelar, que é o prefeito de nosso município e teve a iniciativa de participar
2025-04-30 16:00:43 - Processando pergunta 2, resposta_valor: Sim
2025-04-30 16:00:43 - Pergunta 2 - resposta_sim_nao: Sim, justificativa_valor: 
2025-04-30 16:00:44 - Processando pergunta 14, resposta_valor: GABINETE DO PREFEITO|2|6|0|8;GABINETE DO VICE PREFEITO|0|1|0|1;PROCURADORIA JURÍDICA|0|3|0|3;SEC DE DESENVOLVIMENTO URBANO|40|31|0|71;SEC DE ADMINISTRAÇÃO|38|14|0|52;SEC DE FINANÇAS|29|3|0|32;SEC DESENV AGROPECUÁRIO|4|9|0|13;SEC IND E COMÉRCIO|2|5|0|7;SEC INFRAESTRUTURA RURAL|12|9|0|21;SEC DE GOVERNO E COMUNICAÇÃO|0|6|0|6;SEC MEIO AMBIENTE|8|9|0|17;SEC DE EDUCAÇÃO ESPORTE E CULTURA|258|371|0|629;FUNDAÇÃO MUNICIPAL GRACE MACHADO|19|23|0|42;SEC MUNICIPAL DE SAÚDE|201|31|0|232;CONTROLADORIA GERAL|0|2|0|2;CONSELHO TUTELAR|0|6|0|6
2025-04-30 16:00:44 - Pergunta 14 (planilha) - linhas brutas: ["GABINETE DO PREFEITO|2|6|0|8","GABINETE DO VICE PREFEITO|0|1|0|1","PROCURADORIA JUR\u00cdDICA|0|3|0|3","SEC DE DESENVOLVIMENTO URBANO|40|31|0|71","SEC DE ADMINISTRA\u00c7\u00c3O|38|14|0|52","SEC DE FINAN\u00c7AS|29|3|0|32","SEC DESENV AGROPECU\u00c1RIO|4|9|0|13","SEC IND E COM\u00c9RCIO|2|5|0|7","SEC INFRAESTRUTURA RURAL|12|9|0|21","SEC DE GOVERNO E COMUNICA\u00c7\u00c3O|0|6|0|6","SEC MEIO AMBIENTE|8|9|0|17","SEC DE EDUCA\u00c7\u00c3O ESPORTE E CULTURA|258|371|0|629","FUNDA\u00c7\u00c3O MUNICIPAL GRACE MACHADO|19|23|0|42","SEC MUNICIPAL DE SA\u00daDE|201|31|0|232","CONTROLADORIA GERAL|0|2|0|2","CONSELHO TUTELAR|0|6|0|6"]
2025-04-30 16:00:44 - Pergunta 14 (planilha) - dados da linha: ["GABINETE DO PREFEITO","2","6","0","8"]
2025-04-30 16:00:44 - Pergunta 14 (planilha) - dados da linha: ["GABINETE DO VICE PREFEITO","0","1","0","1"]
2025-04-30 16:00:45 - Pergunta 14 (planilha) - dados da linha: ["PROCURADORIA JUR\u00cdDICA","0","3","0","3"]
2025-04-30 16:00:45 - Pergunta 14 (planilha) - dados da linha: ["SEC DE DESENVOLVIMENTO URBANO","40","31","0","71"]
2025-04-30 16:00:45 - Pergunta 14 (planilha) - dados da linha: ["SEC DE ADMINISTRA\u00c7\u00c3O","38","14","0","52"]
2025-04-30 16:00:45 - Pergunta 14 (planilha) - dados da linha: ["SEC DE FINAN\u00c7AS","29","3","0","32"]
2025-04-30 16:00:45 - Pergunta 14 (planilha) - dados da linha: ["SEC DESENV AGROPECU\u00c1RIO","4","9","0","13"]
2025-04-30 16:00:46 - Pergunta 14 (planilha) - dados da linha: ["SEC IND E COM\u00c9RCIO","2","5","0","7"]
2025-04-30 16:00:46 - Pergunta 14 (planilha) - dados da linha: ["SEC INFRAESTRUTURA RURAL","12","9","0","21"]
2025-04-30 16:00:46 - Pergunta 14 (planilha) - dados da linha: ["SEC DE GOVERNO E COMUNICA\u00c7\u00c3O","0","6","0","6"]
2025-04-30 16:00:46 - Pergunta 14 (planilha) - dados da linha: ["SEC MEIO AMBIENTE","8","9","0","17"]
2025-04-30 16:00:46 - Pergunta 14 (planilha) - dados da linha: ["SEC DE EDUCA\u00c7\u00c3O ESPORTE E CULTURA","258","371","0","629"]
2025-04-30 16:00:47 - Pergunta 14 (planilha) - dados da linha: ["FUNDA\u00c7\u00c3O MUNICIPAL GRACE MACHADO","19","23","0","42"]
2025-04-30 16:00:47 - Pergunta 14 (planilha) - dados da linha: ["SEC MUNICIPAL DE SA\u00daDE","201","31","0","232"]
2025-04-30 16:00:47 - Pergunta 14 (planilha) - dados da linha: ["CONTROLADORIA GERAL","0","2","0","2"]
2025-04-30 16:00:47 - Pergunta 14 (planilha) - dados da linha: ["CONSELHO TUTELAR","0","6","0","6"]
2025-04-30 16:00:48 - Pergunta 14 (planilha) - planilha_data: [{"secretaria":"GABINETE DO PREFEITO","efetivos":"2","comissionados":"6","temporarios":"0","total_parcial":"8"},{"secretaria":"GABINETE DO VICE PREFEITO","efetivos":"0","comissionados":"1","temporarios":"0","total_parcial":"1"},{"secretaria":"PROCURADORIA JUR\u00cdDICA","efetivos":"0","comissionados":"3","temporarios":"0","total_parcial":"3"},{"secretaria":"SEC DE DESENVOLVIMENTO URBANO","efetivos":"40","comissionados":"31","temporarios":"0","total_parcial":"71"},{"secretaria":"SEC DE ADMINISTRA\u00c7\u00c3O","efetivos":"38","comissionados":"14","temporarios":"0","total_parcial":"52"},{"secretaria":"SEC DE FINAN\u00c7AS","efetivos":"29","comissionados":"3","temporarios":"0","total_parcial":"32"},{"secretaria":"SEC DESENV AGROPECU\u00c1RIO","efetivos":"4","comissionados":"9","temporarios":"0","total_parcial":"13"},{"secretaria":"SEC IND E COM\u00c9RCIO","efetivos":"2","comissionados":"5","temporarios":"0","total_parcial":"7"},{"secretaria":"SEC INFRAESTRUTURA RURAL","efetivos":"12","comissionados":"9","temporarios":"0","total_parcial":"21"},{"secretaria":"SEC DE GOVERNO E COMUNICA\u00c7\u00c3O","efetivos":"0","comissionados":"6","temporarios":"0","total_parcial":"6"},{"secretaria":"SEC MEIO AMBIENTE","efetivos":"8","comissionados":"9","temporarios":"0","total_parcial":"17"},{"secretaria":"SEC DE EDUCA\u00c7\u00c3O ESPORTE E CULTURA","efetivos":"258","comissionados":"371","temporarios":"0","total_parcial":"629"},{"secretaria":"FUNDA\u00c7\u00c3O MUNICIPAL GRACE MACHADO","efetivos":"19","comissionados":"23","temporarios":"0","total_parcial":"42"},{"secretaria":"SEC MUNICIPAL DE SA\u00daDE","efetivos":"201","comissionados":"31","temporarios":"0","total_parcial":"232"},{"secretaria":"CONTROLADORIA GERAL","efetivos":"0","comissionados":"2","temporarios":"0","total_parcial":"2"},{"secretaria":"CONSELHO TUTELAR","efetivos":"0","comissionados":"6","temporarios":"0","total_parcial":"6"}]
2025-04-30 16:00:48 - Processando pergunta 4, resposta_valor: Não
2025-04-30 16:00:48 - Pergunta 4 - resposta_sim_nao: Não, eixo_selecionado: , justificativa_valor: 
2025-04-30 16:00:48 - Processando pergunta 5, resposta_valor: Sim
2025-04-30 16:00:48 - Pergunta 5 - resposta_sim_nao: Sim, justificativa_valor: 
2025-04-30 16:00:49 - Processando pergunta 6, resposta_valor: Em média 04-06 horas semanais, podendo variar conforme a necessidade
2025-04-30 16:00:49 - Processando pergunta 7, resposta_valor: Sim
2025-04-30 16:00:49 - Pergunta 7 - resposta_sim_nao: Sim, justificativa_valor: 
2025-04-30 16:00:49 - Processando pergunta 8, resposta_valor: A infraestrutura representa um desafio, devido à  insuficiência de equipamentos adequados, como câmeras de vídeo e áudio, que são essenciais para garantir a qualidade das reuniões virtuais e presenciais. Contudo, estamos comprometidos em superar esses obstáculos e buscar soluções que assegurem a participação plena e o sucesso de Jaraguá/GO no PCM 2025.
2025-04-30 16:00:49 - Pergunta 8 - resposta_valor: A infraestrutura representa um desafio, devido à  insuficiência de equipamentos adequados, como câmeras de vídeo e áudio, que são essenciais para garantir a qualidade das reuniões virtuais e presenciais. Contudo, estamos comprometidos em superar esses obstáculos e buscar soluções que assegurem a participação plena e o sucesso de Jaraguá/GO no PCM 2025., outras_respostas_valor: 
2025-04-30 16:00:50 - Processando pergunta 9, resposta_valor: As principais razões para que Jaraguá/GO seja selecionado para participar do PCM 2025 estão relacionadas ao avanço contínuo da administração municipal em áreas fundamentais para a boa gestão pública. O município já vem implementando práticas de Gestão de Riscos, identificando e mitigando possíveis obstáculos com o objetivo de garantir a continuidade e eficiência das ações públicas. Além disso, a ética tem sido um princípio norteador, promovendo uma gestão transparente e responsável em todas as suas ações.

A transparência e a ouvidoria também são pilares importantes na administração de Jaraguá/GO. O município tem se esforçado para garantir que as informações públicas sejam acessíveis, além de incentivar a participação cidadã e o controle social por meio de canais de comunicação eficientes.

Outro ponto forte é o investimento contínuo em capacitação dos servidores públicos, promovendo o desenvolvimento profissional e a qualificação dos colaboradores para uma gestão mais eficiente e inovadora. Esses aspectos, aliados à determinação da administração em aprimorar ainda mais suas práticas, tornam Jaraguá/GO um candidato ideal para integrar o PCM 2025 e continuar seu caminho de transformação e excelência na gestão pública.
2025-04-30 16:49:06 - Prefeitura ID: 71
2025-04-30 16:49:06 - Total de perguntas recuperadas: 9
2025-04-30 16:49:07 - Respostas recuperadas: {"1":"A iniciativa de inscrever o munic\u00edpio no Programa de Compliance P\u00fablico Municipal (PCM 2025) partiu do Controlador-Geral do Munic\u00edpio, o senhor Eduardo Dias Martins. Demonstrando vis\u00e3o estrat\u00e9gica e comprometimento com a integridade p\u00fablica, o Controlador-Geral apresentou a proposta ao Secret\u00e1rio de Gest\u00e3o e ao Prefeito, que prontamente acolheram a ideia.\r\nA proposta foi recebida de forma extremamente positiva pela Administra\u00e7\u00e3o Municipal e pelos servidores. Houve um reconhecimento imediato da import\u00e2ncia da ades\u00e3o ao programa, visto como uma oportunidade concreta para fortalecer a transpar\u00eancia, a \u00e9tica e a boa governan\u00e7a no \u00e2mbito municipal. A Administra\u00e7\u00e3o valorizou o compromisso com o aprimoramento cont\u00ednuo da gest\u00e3o p\u00fablica, enquanto os servidores se mostraram motivados diante da perspectiva de capacita\u00e7\u00e3o, crescimento institucional e constru\u00e7\u00e3o de uma cultura organizacional ainda mais alinhada aos princ\u00edpios da legalidade, impessoalidade, moralidade, publicidade e efici\u00eancia.","2":"Sim","14":"SECRETARIA DE COMUNICA\u00c7\u00c3O|0|2|0|2;CONSELHO TUTELAR|3|5|0|8;CONTROLADORIA-GERAL|2|0|0|2;SECRETARIA DE CULTURA E TURISMO|3|1|0|4;SECRETARIA DE DESENVOLVIMENTO SOCIAL|7|37|0|44;SECRETARIA DE EDUCA\u00c7\u00c3O|783|39|2|824;SECRETARIA DE ESPORTE|16|5|0|21;SECRETARIA DE FAZENDA|16|1|0|17;GABINETE DO PREFEITO|0|2|0|2;SECRETARIA DE GEST\u00c3O|29|106|0|135;SECRETARIA DE MEIO AMBIENTE|8|2|0|10;SECRETARIA DE OBRAS E SERVICOS P\u00daBLICOS|132|16|0|148;SECRETARIA DE PLANEJAMENTO E CADASTRO URBANO|10|3|0|13;PROCURADORIA-GERAL|3|1|0|4;SECRETARIA DE SA\u00daDE|232|40|90|362;SECRETARIA DE SERVI\u00c7OS URBANOS|38|16|0|54||1650","4":"Sim|Gest\u00e3o de Riscos|A escolha por esse eixo decorre do entendimento de que uma gest\u00e3o eficaz dos riscos \u00e9 fundamental para a melhoria cont\u00ednua dos servi\u00e7os p\u00fablicos, permitindo \u00e0 administra\u00e7\u00e3o antever situa\u00e7\u00f5es adversas, planejar com mais seguran\u00e7a e tomar decis\u00f5es baseadas em evid\u00eancias. Al\u00e9m disso, investir na estrutura\u00e7\u00e3o de uma cultura voltada \u00e0 preven\u00e7\u00e3o de falhas e ao fortalecimento dos controles internos representa um passo decisivo na promo\u00e7\u00e3o da integridade, da responsabilidade na utiliza\u00e7\u00e3o dos recursos p\u00fablicos e da efici\u00eancia administrativa.\r\nAo priorizar esse eixo, o munic\u00edpio demonstra seu compromisso com uma governan\u00e7a moderna, estrat\u00e9gica e orientada para resultados, colocando a confian\u00e7a da sociedade e o interesse p\u00fablico como pilares da sua atua\u00e7\u00e3o.","5":"Sim","6":"At\u00e9 04 horas semanais","7":"Sim","8":"Os principais desafios identificados para a participa\u00e7\u00e3o do munic\u00edpio no PCM 2025 foram o est\u00edmulo ao interesse dos servidores tanto na participa\u00e7\u00e3o nas atividades quanto nas capacita\u00e7\u00f5es virtuais, al\u00e9m da disponibilidade para conciliar os hor\u00e1rios das atividades laborais com as demandas do programa.\r\nConstatou-se que muitos servidores ainda n\u00e3o possuem o h\u00e1bito de buscar o aperfei\u00e7oamento cont\u00ednuo por meio de cursos e forma\u00e7\u00f5es complementares, o que torna necess\u00e1rio desenvolver uma cultura interna que valorize a capacita\u00e7\u00e3o como ferramenta de aprimoramento profissional e de fortalecimento da gest\u00e3o p\u00fablica.\r\nOutro desafio relevante decorre do contexto de in\u00edcio de mandato, per\u00edodo no qual as secretarias e equipes est\u00e3o intensamente envolvidas em atividades administrativas essenciais. Tal realidade impacta a disponibilidade dos servidores para se dedicarem integralmente \u00e0s exig\u00eancias do programa, especialmente para a participa\u00e7\u00e3o nas mentorias e na realiza\u00e7\u00e3o dos cursos.\r\nAinda assim, a Administra\u00e7\u00e3o Municipal est\u00e1 empenhada em superar essas dificuldades, promovendo a\u00e7\u00f5es de incentivo, mobiliza\u00e7\u00e3o e conscientiza\u00e7\u00e3o interna, reafirmando o compromisso com a implanta\u00e7\u00e3o exitosa do Programa de Compliance Municipal e a promo\u00e7\u00e3o de uma gest\u00e3o cada vez mais \u00edntegra, eficiente e transparente.","9":"A principal raz\u00e3o para que o munic\u00edpio seja selecionado para participar do PCM 2025 \u00e9 a firme disposi\u00e7\u00e3o da Administra\u00e7\u00e3o Municipal em fortalecer pr\u00e1ticas de boa governan\u00e7a. H\u00e1 um comprometimento em incentivar comportamentos \u00e9ticos entre os servidores, promover uma cultura organizacional voltada ao planejamento e \u00e0 preven\u00e7\u00e3o de riscos, investir na capacita\u00e7\u00e3o cont\u00ednua do quadro funcional e ampliar a participa\u00e7\u00e3o social na gest\u00e3o p\u00fablica, por meio do aprimoramento da transpar\u00eancia e do fortalecimento da atua\u00e7\u00e3o da ouvidoria."}
2025-04-30 16:49:07 - Processando pergunta 1, resposta_valor: A iniciativa de inscrever o município no Programa de Compliance Público Municipal (PCM 2025) partiu do Controlador-Geral do Município, o senhor Eduardo Dias Martins. Demonstrando visão estratégica e comprometimento com a integridade pública, o Controlador-Geral apresentou a proposta ao Secretário de Gestão e ao Prefeito, que prontamente acolheram a ideia.
A proposta foi recebida de forma extremamente positiva pela Administração Municipal e pelos servidores. Houve um reconhecimento imediato da importância da adesão ao programa, visto como uma oportunidade concreta para fortalecer a transparência, a ética e a boa governança no âmbito municipal. A Administração valorizou o compromisso com o aprimoramento contínuo da gestão pública, enquanto os servidores se mostraram motivados diante da perspectiva de capacitação, crescimento institucional e construção de uma cultura organizacional ainda mais alinhada aos princípios da legalidade, impessoalidade, moralidade, publicidade e eficiência.
2025-04-30 16:49:07 - Processando pergunta 2, resposta_valor: Sim
2025-04-30 16:49:07 - Pergunta 2 - resposta_sim_nao: Sim, justificativa_valor: 
2025-04-30 16:49:07 - Processando pergunta 14, resposta_valor: SECRETARIA DE COMUNICAÇÃO|0|2|0|2;CONSELHO TUTELAR|3|5|0|8;CONTROLADORIA-GERAL|2|0|0|2;SECRETARIA DE CULTURA E TURISMO|3|1|0|4;SECRETARIA DE DESENVOLVIMENTO SOCIAL|7|37|0|44;SECRETARIA DE EDUCAÇÃO|783|39|2|824;SECRETARIA DE ESPORTE|16|5|0|21;SECRETARIA DE FAZENDA|16|1|0|17;GABINETE DO PREFEITO|0|2|0|2;SECRETARIA DE GESTÃO|29|106|0|135;SECRETARIA DE MEIO AMBIENTE|8|2|0|10;SECRETARIA DE OBRAS E SERVICOS PÚBLICOS|132|16|0|148;SECRETARIA DE PLANEJAMENTO E CADASTRO URBANO|10|3|0|13;PROCURADORIA-GERAL|3|1|0|4;SECRETARIA DE SAÚDE|232|40|90|362;SECRETARIA DE SERVIÇOS URBANOS|38|16|0|54||1650
2025-04-30 16:49:08 - Pergunta 14 (planilha) - linhas brutas: ["SECRETARIA DE COMUNICA\u00c7\u00c3O|0|2|0|2","CONSELHO TUTELAR|3|5|0|8","CONTROLADORIA-GERAL|2|0|0|2","SECRETARIA DE CULTURA E TURISMO|3|1|0|4","SECRETARIA DE DESENVOLVIMENTO SOCIAL|7|37|0|44","SECRETARIA DE EDUCA\u00c7\u00c3O|783|39|2|824","SECRETARIA DE ESPORTE|16|5|0|21","SECRETARIA DE FAZENDA|16|1|0|17","GABINETE DO PREFEITO|0|2|0|2","SECRETARIA DE GEST\u00c3O|29|106|0|135","SECRETARIA DE MEIO AMBIENTE|8|2|0|10","SECRETARIA DE OBRAS E SERVICOS P\u00daBLICOS|132|16|0|148","SECRETARIA DE PLANEJAMENTO E CADASTRO URBANO|10|3|0|13","PROCURADORIA-GERAL|3|1|0|4","SECRETARIA DE SA\u00daDE|232|40|90|362","SECRETARIA DE SERVI\u00c7OS URBANOS|38|16|0|54||1650"]
2025-04-30 16:49:08 - Pergunta 14 (planilha) - dados da linha: ["SECRETARIA DE COMUNICA\u00c7\u00c3O","0","2","0","2"]
2025-04-30 16:49:08 - Pergunta 14 (planilha) - dados da linha: ["CONSELHO TUTELAR","3","5","0","8"]
2025-04-30 16:49:08 - Pergunta 14 (planilha) - dados da linha: ["CONTROLADORIA-GERAL","2","0","0","2"]
2025-04-30 16:49:09 - Pergunta 14 (planilha) - dados da linha: ["SECRETARIA DE CULTURA E TURISMO","3","1","0","4"]
2025-04-30 16:49:09 - Pergunta 14 (planilha) - dados da linha: ["SECRETARIA DE DESENVOLVIMENTO SOCIAL","7","37","0","44"]
2025-04-30 16:49:09 - Pergunta 14 (planilha) - dados da linha: ["SECRETARIA DE EDUCA\u00c7\u00c3O","783","39","2","824"]
2025-04-30 16:49:09 - Pergunta 14 (planilha) - dados da linha: ["SECRETARIA DE ESPORTE","16","5","0","21"]
2025-04-30 16:49:09 - Pergunta 14 (planilha) - dados da linha: ["SECRETARIA DE FAZENDA","16","1","0","17"]
2025-04-30 16:49:10 - Pergunta 14 (planilha) - dados da linha: ["GABINETE DO PREFEITO","0","2","0","2"]
2025-04-30 16:49:10 - Pergunta 14 (planilha) - dados da linha: ["SECRETARIA DE GEST\u00c3O","29","106","0","135"]
2025-04-30 16:49:10 - Pergunta 14 (planilha) - dados da linha: ["SECRETARIA DE MEIO AMBIENTE","8","2","0","10"]
2025-04-30 16:49:10 - Pergunta 14 (planilha) - dados da linha: ["SECRETARIA DE OBRAS E SERVICOS P\u00daBLICOS","132","16","0","148"]
2025-04-30 16:49:10 - Pergunta 14 (planilha) - dados da linha: ["SECRETARIA DE PLANEJAMENTO E CADASTRO URBANO","10","3","0","13"]
2025-04-30 16:49:11 - Pergunta 14 (planilha) - dados da linha: ["PROCURADORIA-GERAL","3","1","0","4"]
2025-04-30 16:49:11 - Pergunta 14 (planilha) - dados da linha: ["SECRETARIA DE SA\u00daDE","232","40","90","362"]
2025-04-30 16:49:11 - Pergunta 14 (planilha) - dados da linha: ["SECRETARIA DE SERVI\u00c7OS URBANOS","38","16","0","54","","1650"]
2025-04-30 16:49:11 - Pergunta 14 (planilha) - planilha_data: [{"secretaria":"SECRETARIA DE COMUNICA\u00c7\u00c3O","efetivos":"0","comissionados":"2","temporarios":"0","total_parcial":"2"},{"secretaria":"CONSELHO TUTELAR","efetivos":"3","comissionados":"5","temporarios":"0","total_parcial":"8"},{"secretaria":"CONTROLADORIA-GERAL","efetivos":"2","comissionados":"0","temporarios":"0","total_parcial":"2"},{"secretaria":"SECRETARIA DE CULTURA E TURISMO","efetivos":"3","comissionados":"1","temporarios":"0","total_parcial":"4"},{"secretaria":"SECRETARIA DE DESENVOLVIMENTO SOCIAL","efetivos":"7","comissionados":"37","temporarios":"0","total_parcial":"44"},{"secretaria":"SECRETARIA DE EDUCA\u00c7\u00c3O","efetivos":"783","comissionados":"39","temporarios":"2","total_parcial":"824"},{"secretaria":"SECRETARIA DE ESPORTE","efetivos":"16","comissionados":"5","temporarios":"0","total_parcial":"21"},{"secretaria":"SECRETARIA DE FAZENDA","efetivos":"16","comissionados":"1","temporarios":"0","total_parcial":"17"},{"secretaria":"GABINETE DO PREFEITO","efetivos":"0","comissionados":"2","temporarios":"0","total_parcial":"2"},{"secretaria":"SECRETARIA DE GEST\u00c3O","efetivos":"29","comissionados":"106","temporarios":"0","total_parcial":"135"},{"secretaria":"SECRETARIA DE MEIO AMBIENTE","efetivos":"8","comissionados":"2","temporarios":"0","total_parcial":"10"},{"secretaria":"SECRETARIA DE OBRAS E SERVICOS P\u00daBLICOS","efetivos":"132","comissionados":"16","temporarios":"0","total_parcial":"148"},{"secretaria":"SECRETARIA DE PLANEJAMENTO E CADASTRO URBANO","efetivos":"10","comissionados":"3","temporarios":"0","total_parcial":"13"},{"secretaria":"PROCURADORIA-GERAL","efetivos":"3","comissionados":"1","temporarios":"0","total_parcial":"4"},{"secretaria":"SECRETARIA DE SA\u00daDE","efetivos":"232","comissionados":"40","temporarios":"90","total_parcial":"362"},{"secretaria":"SECRETARIA DE SERVI\u00c7OS URBANOS","efetivos":"38","comissionados":"16","temporarios":"0","total_parcial":"54"}]
2025-04-30 16:49:12 - Processando pergunta 4, resposta_valor: Sim|Gestão de Riscos|A escolha por esse eixo decorre do entendimento de que uma gestão eficaz dos riscos é fundamental para a melhoria contínua dos serviços públicos, permitindo à administração antever situações adversas, planejar com mais segurança e tomar decisões baseadas em evidências. Além disso, investir na estruturação de uma cultura voltada à prevenção de falhas e ao fortalecimento dos controles internos representa um passo decisivo na promoção da integridade, da responsabilidade na utilização dos recursos públicos e da eficiência administrativa.
Ao priorizar esse eixo, o município demonstra seu compromisso com uma governança moderna, estratégica e orientada para resultados, colocando a confiança da sociedade e o interesse público como pilares da sua atuação.
2025-04-30 16:49:12 - Pergunta 4 - resposta_sim_nao: Sim, eixo_selecionado: Gestão de Riscos, justificativa_valor: A escolha por esse eixo decorre do entendimento de que uma gestão eficaz dos riscos é fundamental para a melhoria contínua dos serviços públicos, permitindo à administração antever situações adversas, planejar com mais segurança e tomar decisões baseadas em evidências. Além disso, investir na estruturação de uma cultura voltada à prevenção de falhas e ao fortalecimento dos controles internos representa um passo decisivo na promoção da integridade, da responsabilidade na utilização dos recursos públicos e da eficiência administrativa.
Ao priorizar esse eixo, o município demonstra seu compromisso com uma governança moderna, estratégica e orientada para resultados, colocando a confiança da sociedade e o interesse público como pilares da sua atuação.
2025-04-30 16:49:12 - Processando pergunta 5, resposta_valor: Sim
2025-04-30 16:49:12 - Pergunta 5 - resposta_sim_nao: Sim, justificativa_valor: 
2025-04-30 16:49:13 - Processando pergunta 6, resposta_valor: Até 04 horas semanais
2025-04-30 16:49:13 - Processando pergunta 7, resposta_valor: Sim
2025-04-30 16:49:13 - Pergunta 7 - resposta_sim_nao: Sim, justificativa_valor: 
2025-04-30 16:49:13 - Processando pergunta 8, resposta_valor: Os principais desafios identificados para a participação do município no PCM 2025 foram o estímulo ao interesse dos servidores tanto na participação nas atividades quanto nas capacitações virtuais, além da disponibilidade para conciliar os horários das atividades laborais com as demandas do programa.
Constatou-se que muitos servidores ainda não possuem o hábito de buscar o aperfeiçoamento contínuo por meio de cursos e formações complementares, o que torna necessário desenvolver uma cultura interna que valorize a capacitação como ferramenta de aprimoramento profissional e de fortalecimento da gestão pública.
Outro desafio relevante decorre do contexto de início de mandato, período no qual as secretarias e equipes estão intensamente envolvidas em atividades administrativas essenciais. Tal realidade impacta a disponibilidade dos servidores para se dedicarem integralmente às exigências do programa, especialmente para a participação nas mentorias e na realização dos cursos.
Ainda assim, a Administração Municipal está empenhada em superar essas dificuldades, promovendo ações de incentivo, mobilização e conscientização interna, reafirmando o compromisso com a implantação exitosa do Programa de Compliance Municipal e a promoção de uma gestão cada vez mais íntegra, eficiente e transparente.
2025-04-30 16:49:14 - Pergunta 8 - resposta_valor: Os principais desafios identificados para a participação do município no PCM 2025 foram o estímulo ao interesse dos servidores tanto na participação nas atividades quanto nas capacitações virtuais, além da disponibilidade para conciliar os horários das atividades laborais com as demandas do programa.
Constatou-se que muitos servidores ainda não possuem o hábito de buscar o aperfeiçoamento contínuo por meio de cursos e formações complementares, o que torna necessário desenvolver uma cultura interna que valorize a capacitação como ferramenta de aprimoramento profissional e de fortalecimento da gestão pública.
Outro desafio relevante decorre do contexto de início de mandato, período no qual as secretarias e equipes estão intensamente envolvidas em atividades administrativas essenciais. Tal realidade impacta a disponibilidade dos servidores para se dedicarem integralmente às exigências do programa, especialmente para a participação nas mentorias e na realização dos cursos.
Ainda assim, a Administração Municipal está empenhada em superar essas dificuldades, promovendo ações de incentivo, mobilização e conscientização interna, reafirmando o compromisso com a implantação exitosa do Programa de Compliance Municipal e a promoção de uma gestão cada vez mais íntegra, eficiente e transparente., outras_respostas_valor: 
2025-04-30 16:49:14 - Processando pergunta 9, resposta_valor: A principal razão para que o município seja selecionado para participar do PCM 2025 é a firme disposição da Administração Municipal em fortalecer práticas de boa governança. Há um comprometimento em incentivar comportamentos éticos entre os servidores, promover uma cultura organizacional voltada ao planejamento e à prevenção de riscos, investir na capacitação contínua do quadro funcional e ampliar a participação social na gestão pública, por meio do aprimoramento da transparência e do fortalecimento da atuação da ouvidoria.
2025-04-30 16:49:27 - Prefeitura ID: 71
2025-04-30 16:49:27 - Total de perguntas recuperadas: 9
2025-04-30 16:49:27 - Respostas recuperadas: {"1":"A iniciativa de inscrever o munic\u00edpio no Programa de Compliance P\u00fablico Municipal (PCM 2025) partiu do Controlador-Geral do Munic\u00edpio, o senhor Eduardo Dias Martins. Demonstrando vis\u00e3o estrat\u00e9gica e comprometimento com a integridade p\u00fablica, o Controlador-Geral apresentou a proposta ao Secret\u00e1rio de Gest\u00e3o e ao Prefeito, que prontamente acolheram a ideia.\r\nA proposta foi recebida de forma extremamente positiva pela Administra\u00e7\u00e3o Municipal e pelos servidores. Houve um reconhecimento imediato da import\u00e2ncia da ades\u00e3o ao programa, visto como uma oportunidade concreta para fortalecer a transpar\u00eancia, a \u00e9tica e a boa governan\u00e7a no \u00e2mbito municipal. A Administra\u00e7\u00e3o valorizou o compromisso com o aprimoramento cont\u00ednuo da gest\u00e3o p\u00fablica, enquanto os servidores se mostraram motivados diante da perspectiva de capacita\u00e7\u00e3o, crescimento institucional e constru\u00e7\u00e3o de uma cultura organizacional ainda mais alinhada aos princ\u00edpios da legalidade, impessoalidade, moralidade, publicidade e efici\u00eancia.","2":"Sim","14":"SECRETARIA DE COMUNICA\u00c7\u00c3O|0|2|0|2;CONSELHO TUTELAR|3|5|0|8;CONTROLADORIA-GERAL|2|0|0|2;SECRETARIA DE CULTURA E TURISMO|3|1|0|4;SECRETARIA DE DESENVOLVIMENTO SOCIAL|7|37|0|44;SECRETARIA DE EDUCA\u00c7\u00c3O|783|39|2|824;SECRETARIA DE ESPORTE|16|5|0|21;SECRETARIA DE FAZENDA|16|1|0|17;GABINETE DO PREFEITO|0|2|0|2;SECRETARIA DE GEST\u00c3O|29|106|0|135;SECRETARIA DE MEIO AMBIENTE|8|2|0|10;SECRETARIA DE OBRAS E SERVICOS P\u00daBLICOS|132|16|0|148;SECRETARIA DE PLANEJAMENTO E CADASTRO URBANO|10|3|0|13;PROCURADORIA-GERAL|3|1|0|4;SECRETARIA DE SA\u00daDE|232|40|90|362;SECRETARIA DE SERVI\u00c7OS URBANOS|38|16|0|54||1650","4":"Sim|Gest\u00e3o de Riscos|A escolha por esse eixo decorre do entendimento de que uma gest\u00e3o eficaz dos riscos \u00e9 fundamental para a melhoria cont\u00ednua dos servi\u00e7os p\u00fablicos, permitindo \u00e0 administra\u00e7\u00e3o antever situa\u00e7\u00f5es adversas, planejar com mais seguran\u00e7a e tomar decis\u00f5es baseadas em evid\u00eancias. Al\u00e9m disso, investir na estrutura\u00e7\u00e3o de uma cultura voltada \u00e0 preven\u00e7\u00e3o de falhas e ao fortalecimento dos controles internos representa um passo decisivo na promo\u00e7\u00e3o da integridade, da responsabilidade na utiliza\u00e7\u00e3o dos recursos p\u00fablicos e da efici\u00eancia administrativa.\r\nAo priorizar esse eixo, o munic\u00edpio demonstra seu compromisso com uma governan\u00e7a moderna, estrat\u00e9gica e orientada para resultados, colocando a confian\u00e7a da sociedade e o interesse p\u00fablico como pilares da sua atua\u00e7\u00e3o.","5":"Sim","6":"At\u00e9 04 horas semanais","7":"Sim","8":"Os principais desafios identificados para a participa\u00e7\u00e3o do munic\u00edpio no PCM 2025 foram o est\u00edmulo ao interesse dos servidores tanto na participa\u00e7\u00e3o nas atividades quanto nas capacita\u00e7\u00f5es virtuais, al\u00e9m da disponibilidade para conciliar os hor\u00e1rios das atividades laborais com as demandas do programa.\r\nConstatou-se que muitos servidores ainda n\u00e3o possuem o h\u00e1bito de buscar o aperfei\u00e7oamento cont\u00ednuo por meio de cursos e forma\u00e7\u00f5es complementares, o que torna necess\u00e1rio desenvolver uma cultura interna que valorize a capacita\u00e7\u00e3o como ferramenta de aprimoramento profissional e de fortalecimento da gest\u00e3o p\u00fablica.\r\nOutro desafio relevante decorre do contexto de in\u00edcio de mandato, per\u00edodo no qual as secretarias e equipes est\u00e3o intensamente envolvidas em atividades administrativas essenciais. Tal realidade impacta a disponibilidade dos servidores para se dedicarem integralmente \u00e0s exig\u00eancias do programa, especialmente para a participa\u00e7\u00e3o nas mentorias e na realiza\u00e7\u00e3o dos cursos.\r\nAinda assim, a Administra\u00e7\u00e3o Municipal est\u00e1 empenhada em superar essas dificuldades, promovendo a\u00e7\u00f5es de incentivo, mobiliza\u00e7\u00e3o e conscientiza\u00e7\u00e3o interna, reafirmando o compromisso com a implanta\u00e7\u00e3o exitosa do Programa de Compliance Municipal e a promo\u00e7\u00e3o de uma gest\u00e3o cada vez mais \u00edntegra, eficiente e transparente.","9":"A principal raz\u00e3o para que o munic\u00edpio seja selecionado para participar do PCM 2025 \u00e9 a firme disposi\u00e7\u00e3o da Administra\u00e7\u00e3o Municipal em fortalecer pr\u00e1ticas de boa governan\u00e7a. H\u00e1 um comprometimento em incentivar comportamentos \u00e9ticos entre os servidores, promover uma cultura organizacional voltada ao planejamento e \u00e0 preven\u00e7\u00e3o de riscos, investir na capacita\u00e7\u00e3o cont\u00ednua do quadro funcional e ampliar a participa\u00e7\u00e3o social na gest\u00e3o p\u00fablica, por meio do aprimoramento da transpar\u00eancia e do fortalecimento da atua\u00e7\u00e3o da ouvidoria."}
2025-04-30 16:49:28 - Processando pergunta 1, resposta_valor: A iniciativa de inscrever o município no Programa de Compliance Público Municipal (PCM 2025) partiu do Controlador-Geral do Município, o senhor Eduardo Dias Martins. Demonstrando visão estratégica e comprometimento com a integridade pública, o Controlador-Geral apresentou a proposta ao Secretário de Gestão e ao Prefeito, que prontamente acolheram a ideia.
A proposta foi recebida de forma extremamente positiva pela Administração Municipal e pelos servidores. Houve um reconhecimento imediato da importância da adesão ao programa, visto como uma oportunidade concreta para fortalecer a transparência, a ética e a boa governança no âmbito municipal. A Administração valorizou o compromisso com o aprimoramento contínuo da gestão pública, enquanto os servidores se mostraram motivados diante da perspectiva de capacitação, crescimento institucional e construção de uma cultura organizacional ainda mais alinhada aos princípios da legalidade, impessoalidade, moralidade, publicidade e eficiência.
2025-04-30 16:49:28 - Processando pergunta 2, resposta_valor: Sim
2025-04-30 16:49:28 - Pergunta 2 - resposta_sim_nao: Sim, justificativa_valor: 
2025-04-30 16:49:28 - Processando pergunta 14, resposta_valor: SECRETARIA DE COMUNICAÇÃO|0|2|0|2;CONSELHO TUTELAR|3|5|0|8;CONTROLADORIA-GERAL|2|0|0|2;SECRETARIA DE CULTURA E TURISMO|3|1|0|4;SECRETARIA DE DESENVOLVIMENTO SOCIAL|7|37|0|44;SECRETARIA DE EDUCAÇÃO|783|39|2|824;SECRETARIA DE ESPORTE|16|5|0|21;SECRETARIA DE FAZENDA|16|1|0|17;GABINETE DO PREFEITO|0|2|0|2;SECRETARIA DE GESTÃO|29|106|0|135;SECRETARIA DE MEIO AMBIENTE|8|2|0|10;SECRETARIA DE OBRAS E SERVICOS PÚBLICOS|132|16|0|148;SECRETARIA DE PLANEJAMENTO E CADASTRO URBANO|10|3|0|13;PROCURADORIA-GERAL|3|1|0|4;SECRETARIA DE SAÚDE|232|40|90|362;SECRETARIA DE SERVIÇOS URBANOS|38|16|0|54||1650
2025-04-30 16:49:29 - Pergunta 14 (planilha) - linhas brutas: ["SECRETARIA DE COMUNICA\u00c7\u00c3O|0|2|0|2","CONSELHO TUTELAR|3|5|0|8","CONTROLADORIA-GERAL|2|0|0|2","SECRETARIA DE CULTURA E TURISMO|3|1|0|4","SECRETARIA DE DESENVOLVIMENTO SOCIAL|7|37|0|44","SECRETARIA DE EDUCA\u00c7\u00c3O|783|39|2|824","SECRETARIA DE ESPORTE|16|5|0|21","SECRETARIA DE FAZENDA|16|1|0|17","GABINETE DO PREFEITO|0|2|0|2","SECRETARIA DE GEST\u00c3O|29|106|0|135","SECRETARIA DE MEIO AMBIENTE|8|2|0|10","SECRETARIA DE OBRAS E SERVICOS P\u00daBLICOS|132|16|0|148","SECRETARIA DE PLANEJAMENTO E CADASTRO URBANO|10|3|0|13","PROCURADORIA-GERAL|3|1|0|4","SECRETARIA DE SA\u00daDE|232|40|90|362","SECRETARIA DE SERVI\u00c7OS URBANOS|38|16|0|54||1650"]
2025-04-30 16:49:29 - Pergunta 14 (planilha) - dados da linha: ["SECRETARIA DE COMUNICA\u00c7\u00c3O","0","2","0","2"]
2025-04-30 16:49:29 - Pergunta 14 (planilha) - dados da linha: ["CONSELHO TUTELAR","3","5","0","8"]
2025-04-30 16:49:29 - Pergunta 14 (planilha) - dados da linha: ["CONTROLADORIA-GERAL","2","0","0","2"]
2025-04-30 16:49:29 - Pergunta 14 (planilha) - dados da linha: ["SECRETARIA DE CULTURA E TURISMO","3","1","0","4"]
2025-04-30 16:49:30 - Pergunta 14 (planilha) - dados da linha: ["SECRETARIA DE DESENVOLVIMENTO SOCIAL","7","37","0","44"]
2025-04-30 16:49:30 - Pergunta 14 (planilha) - dados da linha: ["SECRETARIA DE EDUCA\u00c7\u00c3O","783","39","2","824"]
2025-04-30 16:49:30 - Pergunta 14 (planilha) - dados da linha: ["SECRETARIA DE ESPORTE","16","5","0","21"]
2025-04-30 16:49:30 - Pergunta 14 (planilha) - dados da linha: ["SECRETARIA DE FAZENDA","16","1","0","17"]
2025-04-30 16:49:30 - Pergunta 14 (planilha) - dados da linha: ["GABINETE DO PREFEITO","0","2","0","2"]
2025-04-30 16:49:31 - Pergunta 14 (planilha) - dados da linha: ["SECRETARIA DE GEST\u00c3O","29","106","0","135"]
2025-04-30 16:49:31 - Pergunta 14 (planilha) - dados da linha: ["SECRETARIA DE MEIO AMBIENTE","8","2","0","10"]
2025-04-30 16:49:31 - Pergunta 14 (planilha) - dados da linha: ["SECRETARIA DE OBRAS E SERVICOS P\u00daBLICOS","132","16","0","148"]
2025-04-30 16:49:31 - Pergunta 14 (planilha) - dados da linha: ["SECRETARIA DE PLANEJAMENTO E CADASTRO URBANO","10","3","0","13"]
2025-04-30 16:49:31 - Pergunta 14 (planilha) - dados da linha: ["PROCURADORIA-GERAL","3","1","0","4"]
2025-04-30 16:49:32 - Pergunta 14 (planilha) - dados da linha: ["SECRETARIA DE SA\u00daDE","232","40","90","362"]
2025-04-30 16:49:32 - Pergunta 14 (planilha) - dados da linha: ["SECRETARIA DE SERVI\u00c7OS URBANOS","38","16","0","54","","1650"]
2025-04-30 16:49:32 - Pergunta 14 (planilha) - planilha_data: [{"secretaria":"SECRETARIA DE COMUNICA\u00c7\u00c3O","efetivos":"0","comissionados":"2","temporarios":"0","total_parcial":"2"},{"secretaria":"CONSELHO TUTELAR","efetivos":"3","comissionados":"5","temporarios":"0","total_parcial":"8"},{"secretaria":"CONTROLADORIA-GERAL","efetivos":"2","comissionados":"0","temporarios":"0","total_parcial":"2"},{"secretaria":"SECRETARIA DE CULTURA E TURISMO","efetivos":"3","comissionados":"1","temporarios":"0","total_parcial":"4"},{"secretaria":"SECRETARIA DE DESENVOLVIMENTO SOCIAL","efetivos":"7","comissionados":"37","temporarios":"0","total_parcial":"44"},{"secretaria":"SECRETARIA DE EDUCA\u00c7\u00c3O","efetivos":"783","comissionados":"39","temporarios":"2","total_parcial":"824"},{"secretaria":"SECRETARIA DE ESPORTE","efetivos":"16","comissionados":"5","temporarios":"0","total_parcial":"21"},{"secretaria":"SECRETARIA DE FAZENDA","efetivos":"16","comissionados":"1","temporarios":"0","total_parcial":"17"},{"secretaria":"GABINETE DO PREFEITO","efetivos":"0","comissionados":"2","temporarios":"0","total_parcial":"2"},{"secretaria":"SECRETARIA DE GEST\u00c3O","efetivos":"29","comissionados":"106","temporarios":"0","total_parcial":"135"},{"secretaria":"SECRETARIA DE MEIO AMBIENTE","efetivos":"8","comissionados":"2","temporarios":"0","total_parcial":"10"},{"secretaria":"SECRETARIA DE OBRAS E SERVICOS P\u00daBLICOS","efetivos":"132","comissionados":"16","temporarios":"0","total_parcial":"148"},{"secretaria":"SECRETARIA DE PLANEJAMENTO E CADASTRO URBANO","efetivos":"10","comissionados":"3","temporarios":"0","total_parcial":"13"},{"secretaria":"PROCURADORIA-GERAL","efetivos":"3","comissionados":"1","temporarios":"0","total_parcial":"4"},{"secretaria":"SECRETARIA DE SA\u00daDE","efetivos":"232","comissionados":"40","temporarios":"90","total_parcial":"362"},{"secretaria":"SECRETARIA DE SERVI\u00c7OS URBANOS","efetivos":"38","comissionados":"16","temporarios":"0","total_parcial":"54"}]
2025-04-30 16:49:32 - Processando pergunta 4, resposta_valor: Sim|Gestão de Riscos|A escolha por esse eixo decorre do entendimento de que uma gestão eficaz dos riscos é fundamental para a melhoria contínua dos serviços públicos, permitindo à administração antever situações adversas, planejar com mais segurança e tomar decisões baseadas em evidências. Além disso, investir na estruturação de uma cultura voltada à prevenção de falhas e ao fortalecimento dos controles internos representa um passo decisivo na promoção da integridade, da responsabilidade na utilização dos recursos públicos e da eficiência administrativa.
Ao priorizar esse eixo, o município demonstra seu compromisso com uma governança moderna, estratégica e orientada para resultados, colocando a confiança da sociedade e o interesse público como pilares da sua atuação.
2025-04-30 16:49:33 - Pergunta 4 - resposta_sim_nao: Sim, eixo_selecionado: Gestão de Riscos, justificativa_valor: A escolha por esse eixo decorre do entendimento de que uma gestão eficaz dos riscos é fundamental para a melhoria contínua dos serviços públicos, permitindo à administração antever situações adversas, planejar com mais segurança e tomar decisões baseadas em evidências. Além disso, investir na estruturação de uma cultura voltada à prevenção de falhas e ao fortalecimento dos controles internos representa um passo decisivo na promoção da integridade, da responsabilidade na utilização dos recursos públicos e da eficiência administrativa.
Ao priorizar esse eixo, o município demonstra seu compromisso com uma governança moderna, estratégica e orientada para resultados, colocando a confiança da sociedade e o interesse público como pilares da sua atuação.
2025-04-30 16:49:33 - Processando pergunta 5, resposta_valor: Sim
2025-04-30 16:49:33 - Pergunta 5 - resposta_sim_nao: Sim, justificativa_valor: 
2025-04-30 16:49:33 - Processando pergunta 6, resposta_valor: Até 04 horas semanais
2025-04-30 16:49:33 - Processando pergunta 7, resposta_valor: Sim
2025-04-30 16:49:34 - Pergunta 7 - resposta_sim_nao: Sim, justificativa_valor: 
2025-04-30 16:49:34 - Processando pergunta 8, resposta_valor: Os principais desafios identificados para a participação do município no PCM 2025 foram o estímulo ao interesse dos servidores tanto na participação nas atividades quanto nas capacitações virtuais, além da disponibilidade para conciliar os horários das atividades laborais com as demandas do programa.
Constatou-se que muitos servidores ainda não possuem o hábito de buscar o aperfeiçoamento contínuo por meio de cursos e formações complementares, o que torna necessário desenvolver uma cultura interna que valorize a capacitação como ferramenta de aprimoramento profissional e de fortalecimento da gestão pública.
Outro desafio relevante decorre do contexto de início de mandato, período no qual as secretarias e equipes estão intensamente envolvidas em atividades administrativas essenciais. Tal realidade impacta a disponibilidade dos servidores para se dedicarem integralmente às exigências do programa, especialmente para a participação nas mentorias e na realização dos cursos.
Ainda assim, a Administração Municipal está empenhada em superar essas dificuldades, promovendo ações de incentivo, mobilização e conscientização interna, reafirmando o compromisso com a implantação exitosa do Programa de Compliance Municipal e a promoção de uma gestão cada vez mais íntegra, eficiente e transparente.
2025-04-30 16:49:34 - Pergunta 8 - resposta_valor: Os principais desafios identificados para a participação do município no PCM 2025 foram o estímulo ao interesse dos servidores tanto na participação nas atividades quanto nas capacitações virtuais, além da disponibilidade para conciliar os horários das atividades laborais com as demandas do programa.
Constatou-se que muitos servidores ainda não possuem o hábito de buscar o aperfeiçoamento contínuo por meio de cursos e formações complementares, o que torna necessário desenvolver uma cultura interna que valorize a capacitação como ferramenta de aprimoramento profissional e de fortalecimento da gestão pública.
Outro desafio relevante decorre do contexto de início de mandato, período no qual as secretarias e equipes estão intensamente envolvidas em atividades administrativas essenciais. Tal realidade impacta a disponibilidade dos servidores para se dedicarem integralmente às exigências do programa, especialmente para a participação nas mentorias e na realização dos cursos.
Ainda assim, a Administração Municipal está empenhada em superar essas dificuldades, promovendo ações de incentivo, mobilização e conscientização interna, reafirmando o compromisso com a implantação exitosa do Programa de Compliance Municipal e a promoção de uma gestão cada vez mais íntegra, eficiente e transparente., outras_respostas_valor: 
2025-04-30 16:49:34 - Processando pergunta 9, resposta_valor: A principal razão para que o município seja selecionado para participar do PCM 2025 é a firme disposição da Administração Municipal em fortalecer práticas de boa governança. Há um comprometimento em incentivar comportamentos éticos entre os servidores, promover uma cultura organizacional voltada ao planejamento e à prevenção de riscos, investir na capacitação contínua do quadro funcional e ampliar a participação social na gestão pública, por meio do aprimoramento da transparência e do fortalecimento da atuação da ouvidoria.
2025-05-01 16:49:42 - Prefeitura ID: 42
2025-05-01 16:49:42 - Total de perguntas recuperadas: 9
2025-05-01 16:49:42 - Respostas recuperadas: {"1":"IDEIA INICIADA PELO CONTROLADOR INTERNO; RECEBIDA COMO OPORTUNIDADE DE CONHECIMENTO E CRESCIMENTO EM RESPEITO A GEST\u00c3O PUBLICA DE QUALIDADE.","2":"Sim","14":"ADMINISTRA\u00c7\u00c3O|76|152|0|228;EDUCA\u00c7\u00c3O|196|73|103|372;SA\u00daDE|125|65|106|296;ASSISTENCIA SOCIAL|4|24|33|61;MEIO AMBIENTE|3|6|0|9||966","4":"N\u00e3o","5":"Sim","6":"QUANTIDADE NECESSARIA DE HORAS QUE PRECISAR","7":"Sim","8":"TODAS AS SITUA\u00c7\u00d5ES OBSERVADAS APRESENTAM UM POUCO DE DESAFIO PARA IMPLANTA\u00c7\u00c3O DO PCM 2025, CABENDO A ADMINISTRA\u00c7\u00c3O SE ADAPTAR EM RELA\u00c7\u00c3O AO SERVIDORES DISPONIBILIZADOS, ESTANDO ESTES COM FOCO AO MELHOR APROVEITAMENTO DE CADA ASSUNTO ABORDADO DURANTE OS DIAS DE ATIVIDADES.","9":"UMA GEST\u00c3O DE RISCO COM EFIC\u00caNCIA E GOVERNAN\u00c7A MAIS EFICAZ, COM TOMADAS DE DECISOES PRECISAS COM SUCESSO NAS A\u00c7\u00d5ES GOVERNAMENTAIS; UMA ETICA SEGUINDO PRINCIPIOS E PROMOVENDO O INTERESSE PUBLICO COM SENTIDO DE ORIENTAR O GESTOR NOS BONS COSTUMES DE EFICIENCIA E TRANSPARENCIA; UMA TRANSPARENCIA DE QUALIDADE QUE APRESENTE AO CIDADAO INFORMA\u00c7\u00d5ES DE GOVERNO, SENDO ESSE UM IMPORTANTE MEIO DE EVITAR E PREVENIR A TODOS OS TIPOS DE CORRUP\u00c7\u00c3O; TER SERVIDORES MAIS CAPACITADOS SIGNIFICA MAIOR QUALIDADE DOS SERVI\u00c7OS PUBLICOS, COM MAIS RESULTADOS MAIS PRODUTIVOS E EFICIENTES, ESTANDO MAIS MOTIVADO PARA AS TAREFAS DO DIA DIA."}
2025-05-01 16:49:42 - Processando pergunta 1, resposta_valor: IDEIA INICIADA PELO CONTROLADOR INTERNO; RECEBIDA COMO OPORTUNIDADE DE CONHECIMENTO E CRESCIMENTO EM RESPEITO A GESTÃO PUBLICA DE QUALIDADE.
2025-05-01 16:49:42 - Processando pergunta 2, resposta_valor: Sim
2025-05-01 16:49:42 - Pergunta 2 - resposta_sim_nao: Sim, justificativa_valor: 
2025-05-01 16:49:42 - Processando pergunta 14, resposta_valor: ADMINISTRAÇÃO|76|152|0|228;EDUCAÇÃO|196|73|103|372;SAÚDE|125|65|106|296;ASSISTENCIA SOCIAL|4|24|33|61;MEIO AMBIENTE|3|6|0|9||966
2025-05-01 16:49:42 - Pergunta 14 (planilha) - linhas brutas: ["ADMINISTRA\u00c7\u00c3O|76|152|0|228","EDUCA\u00c7\u00c3O|196|73|103|372","SA\u00daDE|125|65|106|296","ASSISTENCIA SOCIAL|4|24|33|61","MEIO AMBIENTE|3|6|0|9||966"]
2025-05-01 16:49:42 - Pergunta 14 (planilha) - dados da linha: ["ADMINISTRA\u00c7\u00c3O","76","152","0","228"]
2025-05-01 16:49:42 - Pergunta 14 (planilha) - dados da linha: ["EDUCA\u00c7\u00c3O","196","73","103","372"]
2025-05-01 16:49:42 - Pergunta 14 (planilha) - dados da linha: ["SA\u00daDE","125","65","106","296"]
2025-05-01 16:49:42 - Pergunta 14 (planilha) - dados da linha: ["ASSISTENCIA SOCIAL","4","24","33","61"]
2025-05-01 16:49:42 - Pergunta 14 (planilha) - dados da linha: ["MEIO AMBIENTE","3","6","0","9","","966"]
2025-05-01 16:49:42 - Pergunta 14 (planilha) - planilha_data: [{"secretaria":"ADMINISTRA\u00c7\u00c3O","efetivos":"76","comissionados":"152","temporarios":"0","total_parcial":"228"},{"secretaria":"EDUCA\u00c7\u00c3O","efetivos":"196","comissionados":"73","temporarios":"103","total_parcial":"372"},{"secretaria":"SA\u00daDE","efetivos":"125","comissionados":"65","temporarios":"106","total_parcial":"296"},{"secretaria":"ASSISTENCIA SOCIAL","efetivos":"4","comissionados":"24","temporarios":"33","total_parcial":"61"},{"secretaria":"MEIO AMBIENTE","efetivos":"3","comissionados":"6","temporarios":"0","total_parcial":"9"}]
2025-05-01 16:49:43 - Processando pergunta 4, resposta_valor: Não
2025-05-01 16:49:43 - Pergunta 4 - resposta_sim_nao: Não, eixo_selecionado: , justificativa_valor: 
2025-05-01 16:49:43 - Processando pergunta 5, resposta_valor: Sim
2025-05-01 16:49:43 - Pergunta 5 - resposta_sim_nao: Sim, justificativa_valor: 
2025-05-01 16:49:43 - Processando pergunta 6, resposta_valor: QUANTIDADE NECESSARIA DE HORAS QUE PRECISAR
2025-05-01 16:49:43 - Processando pergunta 7, resposta_valor: Sim
2025-05-01 16:49:43 - Pergunta 7 - resposta_sim_nao: Sim, justificativa_valor: 
2025-05-01 16:49:43 - Processando pergunta 8, resposta_valor: TODAS AS SITUAÇÕES OBSERVADAS APRESENTAM UM POUCO DE DESAFIO PARA IMPLANTAÇÃO DO PCM 2025, CABENDO A ADMINISTRAÇÃO SE ADAPTAR EM RELAÇÃO AO SERVIDORES DISPONIBILIZADOS, ESTANDO ESTES COM FOCO AO MELHOR APROVEITAMENTO DE CADA ASSUNTO ABORDADO DURANTE OS DIAS DE ATIVIDADES.
2025-05-01 16:49:43 - Pergunta 8 - resposta_valor: TODAS AS SITUAÇÕES OBSERVADAS APRESENTAM UM POUCO DE DESAFIO PARA IMPLANTAÇÃO DO PCM 2025, CABENDO A ADMINISTRAÇÃO SE ADAPTAR EM RELAÇÃO AO SERVIDORES DISPONIBILIZADOS, ESTANDO ESTES COM FOCO AO MELHOR APROVEITAMENTO DE CADA ASSUNTO ABORDADO DURANTE OS DIAS DE ATIVIDADES., outras_respostas_valor: 
2025-05-01 16:49:43 - Processando pergunta 9, resposta_valor: UMA GESTÃO DE RISCO COM EFICÊNCIA E GOVERNANÇA MAIS EFICAZ, COM TOMADAS DE DECISOES PRECISAS COM SUCESSO NAS AÇÕES GOVERNAMENTAIS; UMA ETICA SEGUINDO PRINCIPIOS E PROMOVENDO O INTERESSE PUBLICO COM SENTIDO DE ORIENTAR O GESTOR NOS BONS COSTUMES DE EFICIENCIA E TRANSPARENCIA; UMA TRANSPARENCIA DE QUALIDADE QUE APRESENTE AO CIDADAO INFORMAÇÕES DE GOVERNO, SENDO ESSE UM IMPORTANTE MEIO DE EVITAR E PREVENIR A TODOS OS TIPOS DE CORRUPÇÃO; TER SERVIDORES MAIS CAPACITADOS SIGNIFICA MAIOR QUALIDADE DOS SERVIÇOS PUBLICOS, COM MAIS RESULTADOS MAIS PRODUTIVOS E EFICIENTES, ESTANDO MAIS MOTIVADO PARA AS TAREFAS DO DIA DIA.
2025-05-05 09:03:29 - Prefeitura ID: 54
2025-05-05 09:03:29 - Total de perguntas recuperadas: 9
2025-05-05 09:03:29 - Respostas recuperadas: {"1":"A inscri\u00e7\u00e3o de Turv\u00e2nia-GO no PCM 2025 foi uma iniciativa da equipe do Controle Interno. A administra\u00e7\u00e3o e os servidores receberam a ideia de forma positiva, reconhecendo a import\u00e2ncia de fortalecer a transpar\u00eancia e a efici\u00eancia na gest\u00e3o p\u00fablica.","2":"Sim","14":"SEC DE ADMINISTRA\u00c7\u00c3O|7|26|0|33;ASSIST\u00caNCIA SOCIAL|2|7|0|9;SEC OBRAS|64|26|0|90;FUNDO DE EDUCA\u00c7\u00c3O|84|12|0|96;SA\u00daDE|67|55|26|148;MEIO AMBIENTE|0|3|0|3;SEC FINAN\u00c7AS|1|4|0|5||384","4":"Sim|Transpar\u00eancia\/Ouvidoria|O eixo Transpar\u00eancia\/Ouvidoria \u00e9 o mais importante para Turv\u00e2nia no PCM 2025 porque fortalece a confian\u00e7a da popula\u00e7\u00e3o, garante o uso correto dos recursos p\u00fablicos e melhora os servi\u00e7os por meio da escuta ativa dos cidad\u00e3os.","5":"Sim","6":"3 HORAS\/DIA","7":"Sim","8":"Os principais desafios identificados foram a concilia\u00e7\u00e3o dos hor\u00e1rios dos servidores com as atividades do PCM 2025 e a necessidade de melhorias na infraestrutura de inform\u00e1tica, como equipamentos adequados para reuni\u00f5es virtuais. Apesar disso, a administra\u00e7\u00e3o e os servidores est\u00e3o comprometidos em superar essas dificuldades, reconhecendo os benef\u00edcios do programa para a gest\u00e3o p\u00fablica.","9":"O munic\u00edpio de Turv\u00e2nia-GO j\u00e1 possui uma Ouvidoria em funcionamento, embora reconhe\u00e7a a necessidade de seu fortalecimento. Al\u00e9m disso, desenvolve a\u00e7\u00f5es de capacita\u00e7\u00e3o de servidores e est\u00e1 iniciando a implementa\u00e7\u00e3o de pr\u00e1ticas de gest\u00e3o de riscos. A participa\u00e7\u00e3o no PCM 2025 ser\u00e1 essencial para aprimorar a \u00e9tica, a transpar\u00eancia e a efici\u00eancia administrativa, consolidando avan\u00e7os j\u00e1 iniciados e elevando a qualidade da gest\u00e3o p\u00fablica."}
2025-05-05 09:03:29 - Processando pergunta 1, resposta_valor: A inscrição de Turvânia-GO no PCM 2025 foi uma iniciativa da equipe do Controle Interno. A administração e os servidores receberam a ideia de forma positiva, reconhecendo a importância de fortalecer a transparência e a eficiência na gestão pública.
2025-05-05 09:03:30 - Processando pergunta 2, resposta_valor: Sim
2025-05-05 09:03:30 - Pergunta 2 - resposta_sim_nao: Sim, justificativa_valor: 
2025-05-05 09:03:30 - Processando pergunta 14, resposta_valor: SEC DE ADMINISTRAÇÃO|7|26|0|33;ASSISTÊNCIA SOCIAL|2|7|0|9;SEC OBRAS|64|26|0|90;FUNDO DE EDUCAÇÃO|84|12|0|96;SAÚDE|67|55|26|148;MEIO AMBIENTE|0|3|0|3;SEC FINANÇAS|1|4|0|5||384
2025-05-05 09:03:30 - Pergunta 14 (planilha) - linhas brutas: ["SEC DE ADMINISTRA\u00c7\u00c3O|7|26|0|33","ASSIST\u00caNCIA SOCIAL|2|7|0|9","SEC OBRAS|64|26|0|90","FUNDO DE EDUCA\u00c7\u00c3O|84|12|0|96","SA\u00daDE|67|55|26|148","MEIO AMBIENTE|0|3|0|3","SEC FINAN\u00c7AS|1|4|0|5||384"]
2025-05-05 09:03:31 - Pergunta 14 (planilha) - dados da linha: ["SEC DE ADMINISTRA\u00c7\u00c3O","7","26","0","33"]
2025-05-05 09:03:31 - Pergunta 14 (planilha) - dados da linha: ["ASSIST\u00caNCIA SOCIAL","2","7","0","9"]
2025-05-05 09:03:31 - Pergunta 14 (planilha) - dados da linha: ["SEC OBRAS","64","26","0","90"]
2025-05-05 09:03:31 - Pergunta 14 (planilha) - dados da linha: ["FUNDO DE EDUCA\u00c7\u00c3O","84","12","0","96"]
2025-05-05 09:03:31 - Pergunta 14 (planilha) - dados da linha: ["SA\u00daDE","67","55","26","148"]
2025-05-05 09:03:32 - Pergunta 14 (planilha) - dados da linha: ["MEIO AMBIENTE","0","3","0","3"]
2025-05-05 09:03:32 - Pergunta 14 (planilha) - dados da linha: ["SEC FINAN\u00c7AS","1","4","0","5","","384"]
2025-05-05 09:03:32 - Pergunta 14 (planilha) - planilha_data: [{"secretaria":"SEC DE ADMINISTRA\u00c7\u00c3O","efetivos":"7","comissionados":"26","temporarios":"0","total_parcial":"33"},{"secretaria":"ASSIST\u00caNCIA SOCIAL","efetivos":"2","comissionados":"7","temporarios":"0","total_parcial":"9"},{"secretaria":"SEC OBRAS","efetivos":"64","comissionados":"26","temporarios":"0","total_parcial":"90"},{"secretaria":"FUNDO DE EDUCA\u00c7\u00c3O","efetivos":"84","comissionados":"12","temporarios":"0","total_parcial":"96"},{"secretaria":"SA\u00daDE","efetivos":"67","comissionados":"55","temporarios":"26","total_parcial":"148"},{"secretaria":"MEIO AMBIENTE","efetivos":"0","comissionados":"3","temporarios":"0","total_parcial":"3"},{"secretaria":"SEC FINAN\u00c7AS","efetivos":"1","comissionados":"4","temporarios":"0","total_parcial":"5"}]
2025-05-05 09:03:32 - Processando pergunta 4, resposta_valor: Sim|Transparência/Ouvidoria|O eixo Transparência/Ouvidoria é o mais importante para Turvânia no PCM 2025 porque fortalece a confiança da população, garante o uso correto dos recursos públicos e melhora os serviços por meio da escuta ativa dos cidadãos.
2025-05-05 09:03:32 - Pergunta 4 - resposta_sim_nao: Sim, eixo_selecionado: Transparência/Ouvidoria, justificativa_valor: O eixo Transparência/Ouvidoria é o mais importante para Turvânia no PCM 2025 porque fortalece a confiança da população, garante o uso correto dos recursos públicos e melhora os serviços por meio da escuta ativa dos cidadãos.
2025-05-05 09:03:33 - Processando pergunta 5, resposta_valor: Sim
2025-05-05 09:03:33 - Pergunta 5 - resposta_sim_nao: Sim, justificativa_valor: 
2025-05-05 09:03:33 - Processando pergunta 6, resposta_valor: 3 HORAS/DIA
2025-05-05 09:03:33 - Processando pergunta 7, resposta_valor: Sim
2025-05-05 09:03:33 - Pergunta 7 - resposta_sim_nao: Sim, justificativa_valor: 
2025-05-05 09:03:34 - Processando pergunta 8, resposta_valor: Os principais desafios identificados foram a conciliação dos horários dos servidores com as atividades do PCM 2025 e a necessidade de melhorias na infraestrutura de informática, como equipamentos adequados para reuniões virtuais. Apesar disso, a administração e os servidores estão comprometidos em superar essas dificuldades, reconhecendo os benefícios do programa para a gestão pública.
2025-05-05 09:03:34 - Pergunta 8 - resposta_valor: Os principais desafios identificados foram a conciliação dos horários dos servidores com as atividades do PCM 2025 e a necessidade de melhorias na infraestrutura de informática, como equipamentos adequados para reuniões virtuais. Apesar disso, a administração e os servidores estão comprometidos em superar essas dificuldades, reconhecendo os benefícios do programa para a gestão pública., outras_respostas_valor: 
2025-05-05 09:03:34 - Processando pergunta 9, resposta_valor: O município de Turvânia-GO já possui uma Ouvidoria em funcionamento, embora reconheça a necessidade de seu fortalecimento. Além disso, desenvolve ações de capacitação de servidores e está iniciando a implementação de práticas de gestão de riscos. A participação no PCM 2025 será essencial para aprimorar a ética, a transparência e a eficiência administrativa, consolidando avanços já iniciados e elevando a qualidade da gestão pública.
2025-05-05 13:15:34 - Prefeitura ID: 66
2025-05-05 13:15:34 - Total de perguntas recuperadas: 9
2025-05-05 13:15:34 - Respostas recuperadas: {"1":"A iniciativa partiu da empresa IdeiasGov, respons\u00e1vel pelos servi\u00e7os de assessoria em transpar\u00eancia e comunica\u00e7\u00e3o da Prefeitura de Indiara. A proposta foi recebida pelo prefeito e vice-prefeito como uma oportunidade de demonstrar aos cidad\u00e3os a efici\u00eancia com que a transpar\u00eancia p\u00fablica deve ser conduzida.","2":"Sim"}
2025-05-05 13:15:34 - Processando pergunta 1, resposta_valor: A iniciativa partiu da empresa IdeiasGov, responsável pelos serviços de assessoria em transparência e comunicação da Prefeitura de Indiara. A proposta foi recebida pelo prefeito e vice-prefeito como uma oportunidade de demonstrar aos cidadãos a eficiência com que a transparência pública deve ser conduzida.
2025-05-05 13:15:35 - Processando pergunta 2, resposta_valor: Sim
2025-05-05 13:15:35 - Pergunta 2 - resposta_sim_nao: Sim, justificativa_valor: 
2025-05-05 13:15:35 - Processando pergunta 14, resposta_valor: 
2025-05-05 13:15:35 - Processando pergunta 4, resposta_valor: 
2025-05-05 13:15:35 - Processando pergunta 5, resposta_valor: 
2025-05-05 13:15:36 - Processando pergunta 6, resposta_valor: 
2025-05-05 13:15:36 - Processando pergunta 7, resposta_valor: 
2025-05-05 13:15:36 - Processando pergunta 8, resposta_valor: 
2025-05-05 13:15:36 - Processando pergunta 9, resposta_valor: 
2025-05-05 13:15:37 - Prefeitura ID: 66
2025-05-05 13:15:37 - Total de perguntas recuperadas: 9
2025-05-05 13:15:37 - Respostas recuperadas: {"1":"A iniciativa partiu da empresa IdeiasGov, respons\u00e1vel pelos servi\u00e7os de assessoria em transpar\u00eancia e comunica\u00e7\u00e3o da Prefeitura de Indiara. A proposta foi recebida pelo prefeito e vice-prefeito como uma oportunidade de demonstrar aos cidad\u00e3os a efici\u00eancia com que a transpar\u00eancia p\u00fablica deve ser conduzida.","2":"Sim"}
2025-05-05 13:15:37 - Processando pergunta 1, resposta_valor: A iniciativa partiu da empresa IdeiasGov, responsável pelos serviços de assessoria em transparência e comunicação da Prefeitura de Indiara. A proposta foi recebida pelo prefeito e vice-prefeito como uma oportunidade de demonstrar aos cidadãos a eficiência com que a transparência pública deve ser conduzida.
2025-05-05 13:15:37 - Processando pergunta 2, resposta_valor: Sim
2025-05-05 13:15:38 - Pergunta 2 - resposta_sim_nao: Sim, justificativa_valor: 
2025-05-05 13:15:38 - Processando pergunta 14, resposta_valor: 
2025-05-05 13:15:38 - Processando pergunta 4, resposta_valor: 
2025-05-05 13:15:38 - Processando pergunta 5, resposta_valor: 
2025-05-05 13:15:38 - Processando pergunta 6, resposta_valor: 
2025-05-05 13:15:39 - Processando pergunta 7, resposta_valor: 
2025-05-05 13:15:39 - Processando pergunta 8, resposta_valor: 
2025-05-05 13:15:39 - Processando pergunta 9, resposta_valor: 
2025-05-05 13:15:42 - Prefeitura ID: 66
2025-05-05 13:15:42 - Total de perguntas recuperadas: 9
2025-05-05 13:15:43 - Respostas recuperadas: {"1":"A iniciativa partiu da empresa IdeiasGov, respons\u00e1vel pelos servi\u00e7os de assessoria em transpar\u00eancia e comunica\u00e7\u00e3o da Prefeitura de Indiara. A proposta foi recebida pelo prefeito e vice-prefeito como uma oportunidade de demonstrar aos cidad\u00e3os a efici\u00eancia com que a transpar\u00eancia p\u00fablica deve ser conduzida.","2":"Sim"}
2025-05-05 13:15:43 - Processando pergunta 1, resposta_valor: A iniciativa partiu da empresa IdeiasGov, responsável pelos serviços de assessoria em transparência e comunicação da Prefeitura de Indiara. A proposta foi recebida pelo prefeito e vice-prefeito como uma oportunidade de demonstrar aos cidadãos a eficiência com que a transparência pública deve ser conduzida.
2025-05-05 13:15:43 - Processando pergunta 2, resposta_valor: Sim
2025-05-05 13:15:43 - Pergunta 2 - resposta_sim_nao: Sim, justificativa_valor: 
2025-05-05 13:15:43 - Processando pergunta 14, resposta_valor: 
2025-05-05 13:15:44 - Processando pergunta 4, resposta_valor: 
2025-05-05 13:15:44 - Processando pergunta 5, resposta_valor: 
2025-05-05 13:15:44 - Processando pergunta 6, resposta_valor: 
2025-05-05 13:15:44 - Processando pergunta 7, resposta_valor: 
2025-05-05 13:15:45 - Processando pergunta 8, resposta_valor: 
2025-05-05 13:15:45 - Processando pergunta 9, resposta_valor: 
2025-05-05 13:16:03 - Prefeitura ID: 66
2025-05-05 13:16:03 - Total de perguntas recuperadas: 9
2025-05-05 13:16:03 - Respostas recuperadas: {"1":"A iniciativa partiu da empresa IdeiasGov, respons\u00e1vel pelos servi\u00e7os de assessoria em transpar\u00eancia e comunica\u00e7\u00e3o da Prefeitura de Indiara. A proposta foi recebida pelo prefeito e vice-prefeito como uma oportunidade de demonstrar aos cidad\u00e3os a efici\u00eancia com que a transpar\u00eancia p\u00fablica deve ser conduzida.","2":"Sim"}
2025-05-05 13:16:03 - Processando pergunta 1, resposta_valor: A iniciativa partiu da empresa IdeiasGov, responsável pelos serviços de assessoria em transparência e comunicação da Prefeitura de Indiara. A proposta foi recebida pelo prefeito e vice-prefeito como uma oportunidade de demonstrar aos cidadãos a eficiência com que a transparência pública deve ser conduzida.
2025-05-05 13:16:04 - Processando pergunta 2, resposta_valor: Sim
2025-05-05 13:16:04 - Pergunta 2 - resposta_sim_nao: Sim, justificativa_valor: 
2025-05-05 13:16:04 - Processando pergunta 14, resposta_valor: 
2025-05-05 13:16:04 - Processando pergunta 4, resposta_valor: 
2025-05-05 13:16:05 - Processando pergunta 5, resposta_valor: 
2025-05-05 13:16:05 - Processando pergunta 6, resposta_valor: 
2025-05-05 13:16:05 - Processando pergunta 7, resposta_valor: 
2025-05-05 13:16:05 - Processando pergunta 8, resposta_valor: 
2025-05-05 13:16:05 - Processando pergunta 9, resposta_valor: 
2025-05-15 16:40:14 - Prefeitura ID: 43
2025-05-15 16:40:14 - Total de perguntas recuperadas: 9
2025-05-15 16:40:15 - Respostas recuperadas: {"1":"INICIATIVA TOMADA ENTRE MIM, SECRETARIA COM O APOIO DA PREFEITA.","2":"Sim","14":"EXECUTIVO|141|43|17|201;FMAS|20|8|0|28;FME|60|3|52|115;FMMA|7|1|0|8;FMS|75|3|0|78;FMTUR|2|6|0|8;FUNDEB|50|0|5|55||493","4":"Sim|Gest\u00e3o de Riscos|Identificar os riscos relevantes para a organiza\u00e7\u00e3o, incluindo riscos internos e externos no ato do processo administrativo para contrata\u00e7\u00e3o.","5":"Sim","6":"At\u00e9 2 horas.","7":"Sim","8":"Comprometimento dos servidores, visto que a administra\u00e7\u00e3o j\u00e1 mantem uma alta demanda de trabalhos administrativos e operacionais.","9":"Com o concurso p\u00fablico no ano de 2024, h\u00e1 novos servidores efetivos, e alguns virem de \u00f3rg\u00e3os privados, outros algum tempo fora do mercado de trabalho, no qual \u00e9 importante a capacita\u00e7\u00e3o, abrangendo os conhecimentos dos riscos, obriga\u00e7\u00f5es de cada setor."}
2025-05-15 16:40:15 - Processando pergunta 1, resposta_valor: INICIATIVA TOMADA ENTRE MIM, SECRETARIA COM O APOIO DA PREFEITA.
2025-05-15 16:40:15 - Processando pergunta 2, resposta_valor: Sim
2025-05-15 16:40:15 - Pergunta 2 - resposta_sim_nao: Sim, justificativa_valor: 
2025-05-15 16:40:15 - Processando pergunta 14, resposta_valor: EXECUTIVO|141|43|17|201;FMAS|20|8|0|28;FME|60|3|52|115;FMMA|7|1|0|8;FMS|75|3|0|78;FMTUR|2|6|0|8;FUNDEB|50|0|5|55||493
2025-05-15 16:40:15 - Pergunta 14 (planilha) - linhas brutas: ["EXECUTIVO|141|43|17|201","FMAS|20|8|0|28","FME|60|3|52|115","FMMA|7|1|0|8","FMS|75|3|0|78","FMTUR|2|6|0|8","FUNDEB|50|0|5|55||493"]
2025-05-15 16:40:15 - Pergunta 14 (planilha) - dados da linha: ["EXECUTIVO","141","43","17","201"]
2025-05-15 16:40:15 - Pergunta 14 (planilha) - dados da linha: ["FMAS","20","8","0","28"]
2025-05-15 16:40:15 - Pergunta 14 (planilha) - dados da linha: ["FME","60","3","52","115"]
2025-05-15 16:40:15 - Pergunta 14 (planilha) - dados da linha: ["FMMA","7","1","0","8"]
2025-05-15 16:40:15 - Pergunta 14 (planilha) - dados da linha: ["FMS","75","3","0","78"]
2025-05-15 16:40:15 - Pergunta 14 (planilha) - dados da linha: ["FMTUR","2","6","0","8"]
2025-05-15 16:40:15 - Pergunta 14 (planilha) - dados da linha: ["FUNDEB","50","0","5","55","","493"]
2025-05-15 16:40:15 - Pergunta 14 (planilha) - planilha_data: [{"secretaria":"EXECUTIVO","efetivos":"141","comissionados":"43","temporarios":"17","total_parcial":"201"},{"secretaria":"FMAS","efetivos":"20","comissionados":"8","temporarios":"0","total_parcial":"28"},{"secretaria":"FME","efetivos":"60","comissionados":"3","temporarios":"52","total_parcial":"115"},{"secretaria":"FMMA","efetivos":"7","comissionados":"1","temporarios":"0","total_parcial":"8"},{"secretaria":"FMS","efetivos":"75","comissionados":"3","temporarios":"0","total_parcial":"78"},{"secretaria":"FMTUR","efetivos":"2","comissionados":"6","temporarios":"0","total_parcial":"8"},{"secretaria":"FUNDEB","efetivos":"50","comissionados":"0","temporarios":"5","total_parcial":"55"}]
2025-05-15 16:40:15 - Processando pergunta 4, resposta_valor: Sim|Gestão de Riscos|Identificar os riscos relevantes para a organização, incluindo riscos internos e externos no ato do processo administrativo para contratação.
2025-05-15 16:40:16 - Pergunta 4 - resposta_sim_nao: Sim, eixo_selecionado: Gestão de Riscos, justificativa_valor: Identificar os riscos relevantes para a organização, incluindo riscos internos e externos no ato do processo administrativo para contratação.
2025-05-15 16:40:16 - Processando pergunta 5, resposta_valor: Sim
2025-05-15 16:40:16 - Pergunta 5 - resposta_sim_nao: Sim, justificativa_valor: 
2025-05-15 16:40:16 - Processando pergunta 6, resposta_valor: Até 2 horas.
2025-05-15 16:40:16 - Processando pergunta 7, resposta_valor: Sim
2025-05-15 16:40:16 - Pergunta 7 - resposta_sim_nao: Sim, justificativa_valor: 
2025-05-15 16:40:16 - Processando pergunta 8, resposta_valor: Comprometimento dos servidores, visto que a administração já mantem uma alta demanda de trabalhos administrativos e operacionais.
2025-05-15 16:40:16 - Pergunta 8 - resposta_valor: Comprometimento dos servidores, visto que a administração já mantem uma alta demanda de trabalhos administrativos e operacionais., outras_respostas_valor: 
2025-05-15 16:40:16 - Processando pergunta 9, resposta_valor: Com o concurso público no ano de 2024, há novos servidores efetivos, e alguns virem de órgãos privados, outros algum tempo fora do mercado de trabalho, no qual é importante a capacitação, abrangendo os conhecimentos dos riscos, obrigações de cada setor.
2025-05-16 10:02:48 - Prefeitura ID: 75
2025-05-16 10:02:48 - Total de perguntas recuperadas: 9
2025-05-16 10:02:48 - Respostas recuperadas: {"1":"Recebemos o convite pela Controladoria-Geral do Estado. Recebemos a id\u00e9ia com entusiasmo, considerando o sucesso anterior obtido.","2":"Sim"}
2025-05-16 10:02:48 - Processando pergunta 1, resposta_valor: Recebemos o convite pela Controladoria-Geral do Estado. Recebemos a idéia com entusiasmo, considerando o sucesso anterior obtido.
2025-05-16 10:02:48 - Processando pergunta 2, resposta_valor: Sim
2025-05-16 10:02:48 - Pergunta 2 - resposta_sim_nao: Sim, justificativa_valor: 
2025-05-16 10:02:48 - Processando pergunta 14, resposta_valor: 
2025-05-16 10:02:48 - Processando pergunta 4, resposta_valor: 
2025-05-16 10:02:48 - Processando pergunta 5, resposta_valor: 
2025-05-16 10:02:48 - Processando pergunta 6, resposta_valor: 
2025-05-16 10:02:48 - Processando pergunta 7, resposta_valor: 
2025-05-16 10:02:48 - Processando pergunta 8, resposta_valor: 
2025-05-16 10:02:48 - Processando pergunta 9, resposta_valor: 
2025-05-19 13:30:55 - Prefeitura ID: 75
2025-05-19 13:30:55 - Total de perguntas recuperadas: 9
2025-05-19 13:30:55 - Respostas recuperadas: {"1":"Recebemos o convite pela Controladoria-Geral do Estado. Recebemos a id\u00e9ia com entusiasmo, considerando o sucesso anterior obtido.","2":"Sim"}
2025-05-19 13:30:55 - Processando pergunta 1, resposta_valor: Recebemos o convite pela Controladoria-Geral do Estado. Recebemos a idéia com entusiasmo, considerando o sucesso anterior obtido.
2025-05-19 13:30:55 - Processando pergunta 2, resposta_valor: Sim
2025-05-19 13:30:55 - Pergunta 2 - resposta_sim_nao: Sim, justificativa_valor: 
2025-05-19 13:30:55 - Processando pergunta 14, resposta_valor: 
2025-05-19 13:30:55 - Processando pergunta 4, resposta_valor: 
2025-05-19 13:30:55 - Processando pergunta 5, resposta_valor: 
2025-05-19 13:30:55 - Processando pergunta 6, resposta_valor: 
2025-05-19 13:30:55 - Processando pergunta 7, resposta_valor: 
2025-05-19 13:30:55 - Processando pergunta 8, resposta_valor: 
2025-05-19 13:30:55 - Processando pergunta 9, resposta_valor: 
2025-05-19 13:31:09 - Prefeitura ID: 75
2025-05-19 13:31:09 - Total de perguntas recuperadas: 9
2025-05-19 13:31:09 - Respostas recuperadas: {"1":"Recebemos o convite pela Controladoria-Geral do Estado. Recebemos a id\u00e9ia com entusiasmo, considerando o sucesso anterior obtido.","2":"Sim"}
2025-05-19 13:31:09 - Processando pergunta 1, resposta_valor: Recebemos o convite pela Controladoria-Geral do Estado. Recebemos a idéia com entusiasmo, considerando o sucesso anterior obtido.
2025-05-19 13:31:09 - Processando pergunta 2, resposta_valor: Sim
2025-05-19 13:31:09 - Pergunta 2 - resposta_sim_nao: Sim, justificativa_valor: 
2025-05-19 13:31:09 - Processando pergunta 14, resposta_valor: 
2025-05-19 13:31:09 - Processando pergunta 4, resposta_valor: 
2025-05-19 13:31:09 - Processando pergunta 5, resposta_valor: 
2025-05-19 13:31:09 - Processando pergunta 6, resposta_valor: 
2025-05-19 13:31:09 - Processando pergunta 7, resposta_valor: 
2025-05-19 13:31:09 - Processando pergunta 8, resposta_valor: 
2025-05-19 13:31:09 - Processando pergunta 9, resposta_valor: 
2025-05-19 13:31:17 - Prefeitura ID: 75
2025-05-19 13:31:17 - Total de perguntas recuperadas: 9
2025-05-19 13:31:17 - Respostas recuperadas: {"1":"Recebemos o convite pela Controladoria-Geral do Estado. Recebemos a id\u00e9ia com entusiasmo, considerando o sucesso anterior obtido.","2":"Sim"}
2025-05-19 13:31:17 - Processando pergunta 1, resposta_valor: Recebemos o convite pela Controladoria-Geral do Estado. Recebemos a idéia com entusiasmo, considerando o sucesso anterior obtido.
2025-05-19 13:31:17 - Processando pergunta 2, resposta_valor: Sim
2025-05-19 13:31:17 - Pergunta 2 - resposta_sim_nao: Sim, justificativa_valor: 
2025-05-19 13:31:17 - Processando pergunta 14, resposta_valor: 
2025-05-19 13:31:17 - Processando pergunta 4, resposta_valor: 
2025-05-19 13:31:17 - Processando pergunta 5, resposta_valor: 
2025-05-19 13:31:17 - Processando pergunta 6, resposta_valor: 
2025-05-19 13:31:17 - Processando pergunta 7, resposta_valor: 
2025-05-19 13:31:17 - Processando pergunta 8, resposta_valor: 
2025-05-19 13:31:17 - Processando pergunta 9, resposta_valor: 
2025-05-19 13:32:02 - Prefeitura ID: 75
2025-05-19 13:32:02 - Total de perguntas recuperadas: 9
2025-05-19 13:32:02 - Respostas recuperadas: {"1":"Recebemos o convite pela Controladoria-Geral do Estado. Recebemos a id\u00e9ia com entusiasmo, considerando o sucesso anterior obtido.","2":"Sim"}
2025-05-19 13:32:02 - Processando pergunta 1, resposta_valor: Recebemos o convite pela Controladoria-Geral do Estado. Recebemos a idéia com entusiasmo, considerando o sucesso anterior obtido.
2025-05-19 13:32:02 - Processando pergunta 2, resposta_valor: Sim
2025-05-19 13:32:02 - Pergunta 2 - resposta_sim_nao: Sim, justificativa_valor: 
2025-05-19 13:32:02 - Processando pergunta 14, resposta_valor: 
2025-05-19 13:32:02 - Processando pergunta 4, resposta_valor: 
2025-05-19 13:32:02 - Processando pergunta 5, resposta_valor: 
2025-05-19 13:32:02 - Processando pergunta 6, resposta_valor: 
2025-05-19 13:32:02 - Processando pergunta 7, resposta_valor: 
2025-05-19 13:32:02 - Processando pergunta 8, resposta_valor: 
2025-05-19 13:32:02 - Processando pergunta 9, resposta_valor: 
2025-05-19 15:50:24 - Prefeitura ID: 66
2025-05-19 15:50:24 - Total de perguntas recuperadas: 9
2025-05-19 15:50:24 - Respostas recuperadas: {"1":"A iniciativa partiu da empresa IdeiasGov, respons\u00e1vel pelos servi\u00e7os de assessoria em transpar\u00eancia e comunica\u00e7\u00e3o da Prefeitura de Indiara. A proposta foi recebida pelo prefeito e vice-prefeito como uma oportunidade de demonstrar aos cidad\u00e3os a efici\u00eancia com que a transpar\u00eancia p\u00fablica deve ser conduzida.","2":"Sim"}
2025-05-19 15:50:24 - Processando pergunta 1, resposta_valor: A iniciativa partiu da empresa IdeiasGov, responsável pelos serviços de assessoria em transparência e comunicação da Prefeitura de Indiara. A proposta foi recebida pelo prefeito e vice-prefeito como uma oportunidade de demonstrar aos cidadãos a eficiência com que a transparência pública deve ser conduzida.
2025-05-19 15:50:24 - Processando pergunta 2, resposta_valor: Sim
2025-05-19 15:50:25 - Pergunta 2 - resposta_sim_nao: Sim, justificativa_valor: 
2025-05-19 15:50:25 - Processando pergunta 14, resposta_valor: 
2025-05-19 15:50:25 - Processando pergunta 4, resposta_valor: 
2025-05-19 15:50:25 - Processando pergunta 5, resposta_valor: 
2025-05-19 15:50:25 - Processando pergunta 6, resposta_valor: 
2025-05-19 15:50:25 - Processando pergunta 7, resposta_valor: 
2025-05-19 15:50:25 - Processando pergunta 8, resposta_valor: 
2025-05-19 15:50:25 - Processando pergunta 9, resposta_valor: 
2025-05-19 15:56:39 - Prefeitura ID: 75
2025-05-19 15:56:39 - Total de perguntas recuperadas: 9
2025-05-19 15:56:39 - Respostas recuperadas: {"1":"Recebemos o convite pela Controladoria-Geral do Estado. Recebemos a id\u00e9ia com entusiasmo, considerando o sucesso anterior obtido.","2":"Sim"}
2025-05-19 15:56:39 - Processando pergunta 1, resposta_valor: Recebemos o convite pela Controladoria-Geral do Estado. Recebemos a idéia com entusiasmo, considerando o sucesso anterior obtido.
2025-05-19 15:56:39 - Processando pergunta 2, resposta_valor: Sim
2025-05-19 15:56:39 - Pergunta 2 - resposta_sim_nao: Sim, justificativa_valor: 
2025-05-19 15:56:40 - Processando pergunta 14, resposta_valor: 
2025-05-19 15:56:40 - Processando pergunta 4, resposta_valor: 
2025-05-19 15:56:40 - Processando pergunta 5, resposta_valor: 
2025-05-19 15:56:40 - Processando pergunta 6, resposta_valor: 
2025-05-19 15:56:40 - Processando pergunta 7, resposta_valor: 
2025-05-19 15:56:40 - Processando pergunta 8, resposta_valor: 
2025-05-19 15:56:40 - Processando pergunta 9, resposta_valor: 
2025-05-19 16:05:05 - Prefeitura ID: 66
2025-05-19 16:05:05 - Total de perguntas recuperadas: 9
2025-05-19 16:05:05 - Respostas recuperadas: {"1":"A iniciativa partiu da empresa IdeiasGov, respons\u00e1vel pelos servi\u00e7os de assessoria em transpar\u00eancia e comunica\u00e7\u00e3o da Prefeitura de Indiara. A proposta foi recebida pelo prefeito e vice-prefeito como uma oportunidade de demonstrar aos cidad\u00e3os a efici\u00eancia com que a transpar\u00eancia p\u00fablica deve ser conduzida.","2":"Sim"}
2025-05-19 16:05:05 - Formulário enviado: {"resposta":{"1":"A iniciativa partiu da empresa IdeiasGov, respons\u00e1vel pelos servi\u00e7os de assessoria em transpar\u00eancia e comunica\u00e7\u00e3o da Prefeitura de Indiara. A proposta foi recebida pelo prefeito e vice-prefeito como uma oportunidade de demonstrar aos cidad\u00e3os a efici\u00eancia com que a transpar\u00eancia p\u00fablica deve ser conduzida.","2":{"sim_nao":"Sim"},"4":{"sim_nao":"N\u00e3o","eixo":""},"5":"Sim","6":"O necess\u00e1rio!","7":{"sim_nao":"Sim"},"8":"Infraestrutura f\u00edsica e tecnol\u00f3gica: \r\nEste foi o desafio que mais nos mobilizou e tamb\u00e9m o que mais nos impulsiona a participar. A aus\u00eancia de salas climatizadas e equipamentos adequados para reuni\u00f5es virtuais n\u00e3o foi motivo de desist\u00eancia. Pelo contr\u00e1rio: foi o combust\u00edvel que nos motivou a adotar o PCM 2025 com ainda mais seriedade, pois sabemos que os munic\u00edpios com melhor desempenho receber\u00e3o, como premia\u00e7\u00e3o, justamente os recursos que mais precisamos. Adotar esse posicionamento \u00e9, portanto, n\u00e3o apenas uma estrat\u00e9gia t\u00e9cnica \u00e9 uma estrat\u00e9gia de supera\u00e7\u00e3o institucional com foco na transpar\u00eancia e no uso da tecnologia dispon\u00edvel. ","9":"O munic\u00edpio de Indiara est\u00e1 alinhado com os pilares do PCM 2025 e demonstra, na pr\u00e1tica, seu compromisso com a boa gest\u00e3o p\u00fablica. J\u00e1 implantamos avan\u00e7os importantes, como:\r\n\r\nFortalecimento do Portal da Transpar\u00eancia e reestrutura\u00e7\u00e3o da Ouvidoria;\r\n\r\nIn\u00edcio da implementa\u00e7\u00e3o do programa de compliance municipal;\r\n\r\nIncentivo constante \u00e0 capacita\u00e7\u00e3o dos servidores em \u00e1reas-chave da gest\u00e3o;\r\n\r\n\r\nAl\u00e9m disso, temos vontade pol\u00edtica, equipe comprometida e o desejo claro de transformar desafios em conquistas. Por isso, Indiara est\u00e1 pronta para n\u00e3o apenas participar, mas se destacar no PCM 2025."},"justificativa":{"2":"","4":"","5":"","7":""},"secretaria":{"14":["Administra\u00e7\u00e3o","Sa\u00fade","Educa\u00e7\u00e3o, cultura e esporte","Meio Ambiente e Agricultura","Controle Interno","Finan\u00e7as","Assist\u00eancia Social","Compras"]},"efetivos":{"14":["52","132","363","0","0","0","9","0"]},"comissionados":{"14":["68","37","98","2","4","2","18","1"]},"temporarios":{"14":["0","0","1","0","0","0","0","0"]},"salvar":""}
2025-05-19 16:05:05 - Atualizada resposta para pergunta 1: A iniciativa partiu da empresa IdeiasGov, responsável pelos serviços de assessoria em transparência e comunicação da Prefeitura de Indiara. A proposta foi recebida pelo prefeito e vice-prefeito como uma oportunidade de demonstrar aos cidadãos a eficiência com que a transparência pública deve ser conduzida.
2025-05-19 16:05:05 - Atualizada resposta para pergunta 2: Sim
2025-05-19 16:05:05 - Pergunta 14 (planilha) - Resposta gerada: Administração|52|68|0|120;Saúde|132|37|0|169;Educação, cultura e esporte|363|98|1|462;Meio Ambiente e Agricultura|0|2|0|2;Controle Interno|0|4|0|4;Finanças|0|2|0|2;Assistência Social|9|18|0|27;Compras|0|1|0|1
2025-05-19 16:05:05 - Inserida resposta para pergunta 14: Administração|52|68|0|120;Saúde|132|37|0|169;Educação, cultura e esporte|363|98|1|462;Meio Ambiente e Agricultura|0|2|0|2;Controle Interno|0|4|0|4;Finanças|0|2|0|2;Assistência Social|9|18|0|27;Compras|0|1|0|1
2025-05-19 16:05:06 - Inserida resposta para pergunta 4: Não
2025-05-19 16:05:06 - Inserida resposta para pergunta 5: Sim
2025-05-19 16:05:06 - Inserida resposta para pergunta 6: O necessário!
2025-05-19 16:05:06 - Inserida resposta para pergunta 7: Sim
2025-05-19 16:05:06 - Inserida resposta para pergunta 8: Infraestrutura física e tecnológica: 
Este foi o desafio que mais nos mobilizou e também o que mais nos impulsiona a participar. A ausência de salas climatizadas e equipamentos adequados para reuniões virtuais não foi motivo de desistência. Pelo contrário: foi o combustível que nos motivou a adotar o PCM 2025 com ainda mais seriedade, pois sabemos que os municípios com melhor desempenho receberão, como premiação, justamente os recursos que mais precisamos. Adotar esse posicionamento é, portanto, não apenas uma estratégia técnica é uma estratégia de superação institucional com foco na transparência e no uso da tecnologia disponível.
2025-05-19 16:05:06 - Inserida resposta para pergunta 9: O município de Indiara está alinhado com os pilares do PCM 2025 e demonstra, na prática, seu compromisso com a boa gestão pública. Já implantamos avanços importantes, como:

Fortalecimento do Portal da Transparência e reestruturação da Ouvidoria;

Início da implementação do programa de compliance municipal;

Incentivo constante à capacitação dos servidores em áreas-chave da gestão;


Além disso, temos vontade política, equipe comprometida e o desejo claro de transformar desafios em conquistas. Por isso, Indiara está pronta para não apenas participar, mas se destacar no PCM 2025.
2025-05-19 16:05:06 - Salvamento concluído com sucesso
2025-05-19 16:05:06 - Prefeitura ID: 66
2025-05-19 16:05:06 - Total de perguntas recuperadas: 9
2025-05-19 16:05:06 - Respostas recuperadas: {"1":"A iniciativa partiu da empresa IdeiasGov, respons\u00e1vel pelos servi\u00e7os de assessoria em transpar\u00eancia e comunica\u00e7\u00e3o da Prefeitura de Indiara. A proposta foi recebida pelo prefeito e vice-prefeito como uma oportunidade de demonstrar aos cidad\u00e3os a efici\u00eancia com que a transpar\u00eancia p\u00fablica deve ser conduzida.","2":"Sim","14":"Administra\u00e7\u00e3o|52|68|0|120;Sa\u00fade|132|37|0|169;Educa\u00e7\u00e3o, cultura e esporte|363|98|1|462;Meio Ambiente e Agricultura|0|2|0|2;Controle Interno|0|4|0|4;Finan\u00e7as|0|2|0|2;Assist\u00eancia Social|9|18|0|27;Compras|0|1|0|1","4":"N\u00e3o","5":"Sim","6":"O necess\u00e1rio!","7":"Sim","8":"Infraestrutura f\u00edsica e tecnol\u00f3gica: \r\nEste foi o desafio que mais nos mobilizou e tamb\u00e9m o que mais nos impulsiona a participar. A aus\u00eancia de salas climatizadas e equipamentos adequados para reuni\u00f5es virtuais n\u00e3o foi motivo de desist\u00eancia. Pelo contr\u00e1rio: foi o combust\u00edvel que nos motivou a adotar o PCM 2025 com ainda mais seriedade, pois sabemos que os munic\u00edpios com melhor desempenho receber\u00e3o, como premia\u00e7\u00e3o, justamente os recursos que mais precisamos. Adotar esse posicionamento \u00e9, portanto, n\u00e3o apenas uma estrat\u00e9gia t\u00e9cnica \u00e9 uma estrat\u00e9gia de supera\u00e7\u00e3o institucional com foco na transpar\u00eancia e no uso da tecnologia dispon\u00edvel.","9":"O munic\u00edpio de Indiara est\u00e1 alinhado com os pilares do PCM 2025 e demonstra, na pr\u00e1tica, seu compromisso com a boa gest\u00e3o p\u00fablica. J\u00e1 implantamos avan\u00e7os importantes, como:\r\n\r\nFortalecimento do Portal da Transpar\u00eancia e reestrutura\u00e7\u00e3o da Ouvidoria;\r\n\r\nIn\u00edcio da implementa\u00e7\u00e3o do programa de compliance municipal;\r\n\r\nIncentivo constante \u00e0 capacita\u00e7\u00e3o dos servidores em \u00e1reas-chave da gest\u00e3o;\r\n\r\n\r\nAl\u00e9m disso, temos vontade pol\u00edtica, equipe comprometida e o desejo claro de transformar desafios em conquistas. Por isso, Indiara est\u00e1 pronta para n\u00e3o apenas participar, mas se destacar no PCM 2025."}
2025-05-19 16:05:06 - Processando pergunta 1, resposta_valor: A iniciativa partiu da empresa IdeiasGov, responsável pelos serviços de assessoria em transparência e comunicação da Prefeitura de Indiara. A proposta foi recebida pelo prefeito e vice-prefeito como uma oportunidade de demonstrar aos cidadãos a eficiência com que a transparência pública deve ser conduzida.
2025-05-19 16:05:06 - Processando pergunta 2, resposta_valor: Sim
2025-05-19 16:05:07 - Pergunta 2 - resposta_sim_nao: Sim, justificativa_valor: 
2025-05-19 16:05:07 - Processando pergunta 14, resposta_valor: Administração|52|68|0|120;Saúde|132|37|0|169;Educação, cultura e esporte|363|98|1|462;Meio Ambiente e Agricultura|0|2|0|2;Controle Interno|0|4|0|4;Finanças|0|2|0|2;Assistência Social|9|18|0|27;Compras|0|1|0|1
2025-05-19 16:05:07 - Pergunta 14 (planilha) - linhas brutas: ["Administra\u00e7\u00e3o|52|68|0|120","Sa\u00fade|132|37|0|169","Educa\u00e7\u00e3o, cultura e esporte|363|98|1|462","Meio Ambiente e Agricultura|0|2|0|2","Controle Interno|0|4|0|4","Finan\u00e7as|0|2|0|2","Assist\u00eancia Social|9|18|0|27","Compras|0|1|0|1"]
2025-05-19 16:05:07 - Pergunta 14 (planilha) - dados da linha: ["Administra\u00e7\u00e3o","52","68","0","120"]
2025-05-19 16:05:07 - Pergunta 14 (planilha) - dados da linha: ["Sa\u00fade","132","37","0","169"]
2025-05-19 16:05:07 - Pergunta 14 (planilha) - dados da linha: ["Educa\u00e7\u00e3o, cultura e esporte","363","98","1","462"]
2025-05-19 16:05:07 - Pergunta 14 (planilha) - dados da linha: ["Meio Ambiente e Agricultura","0","2","0","2"]
2025-05-19 16:05:07 - Pergunta 14 (planilha) - dados da linha: ["Controle Interno","0","4","0","4"]
2025-05-19 16:05:07 - Pergunta 14 (planilha) - dados da linha: ["Finan\u00e7as","0","2","0","2"]
2025-05-19 16:05:07 - Pergunta 14 (planilha) - dados da linha: ["Assist\u00eancia Social","9","18","0","27"]
2025-05-19 16:05:07 - Pergunta 14 (planilha) - dados da linha: ["Compras","0","1","0","1"]
2025-05-19 16:05:07 - Pergunta 14 (planilha) - planilha_data: [{"secretaria":"Administra\u00e7\u00e3o","efetivos":"52","comissionados":"68","temporarios":"0","total_parcial":"120"},{"secretaria":"Sa\u00fade","efetivos":"132","comissionados":"37","temporarios":"0","total_parcial":"169"},{"secretaria":"Educa\u00e7\u00e3o, cultura e esporte","efetivos":"363","comissionados":"98","temporarios":"1","total_parcial":"462"},{"secretaria":"Meio Ambiente e Agricultura","efetivos":"0","comissionados":"2","temporarios":"0","total_parcial":"2"},{"secretaria":"Controle Interno","efetivos":"0","comissionados":"4","temporarios":"0","total_parcial":"4"},{"secretaria":"Finan\u00e7as","efetivos":"0","comissionados":"2","temporarios":"0","total_parcial":"2"},{"secretaria":"Assist\u00eancia Social","efetivos":"9","comissionados":"18","temporarios":"0","total_parcial":"27"},{"secretaria":"Compras","efetivos":"0","comissionados":"1","temporarios":"0","total_parcial":"1"}]
2025-05-19 16:05:07 - Processando pergunta 4, resposta_valor: Não
2025-05-19 16:05:08 - Pergunta 4 - resposta_sim_nao: Não, eixo_selecionado: , justificativa_valor: 
2025-05-19 16:05:08 - Processando pergunta 5, resposta_valor: Sim
2025-05-19 16:05:08 - Pergunta 5 - resposta_sim_nao: Sim, justificativa_valor: 
2025-05-19 16:05:08 - Processando pergunta 6, resposta_valor: O necessário!
2025-05-19 16:05:08 - Processando pergunta 7, resposta_valor: Sim
2025-05-19 16:05:08 - Pergunta 7 - resposta_sim_nao: Sim, justificativa_valor: 
2025-05-19 16:05:08 - Processando pergunta 8, resposta_valor: Infraestrutura física e tecnológica: 
Este foi o desafio que mais nos mobilizou e também o que mais nos impulsiona a participar. A ausência de salas climatizadas e equipamentos adequados para reuniões virtuais não foi motivo de desistência. Pelo contrário: foi o combustível que nos motivou a adotar o PCM 2025 com ainda mais seriedade, pois sabemos que os municípios com melhor desempenho receberão, como premiação, justamente os recursos que mais precisamos. Adotar esse posicionamento é, portanto, não apenas uma estratégia técnica é uma estratégia de superação institucional com foco na transparência e no uso da tecnologia disponível.
2025-05-19 16:05:08 - Pergunta 8 - resposta_valor: Infraestrutura física e tecnológica: 
Este foi o desafio que mais nos mobilizou e também o que mais nos impulsiona a participar. A ausência de salas climatizadas e equipamentos adequados para reuniões virtuais não foi motivo de desistência. Pelo contrário: foi o combustível que nos motivou a adotar o PCM 2025 com ainda mais seriedade, pois sabemos que os municípios com melhor desempenho receberão, como premiação, justamente os recursos que mais precisamos. Adotar esse posicionamento é, portanto, não apenas uma estratégia técnica é uma estratégia de superação institucional com foco na transparência e no uso da tecnologia disponível., outras_respostas_valor: 
2025-05-19 16:05:08 - Processando pergunta 9, resposta_valor: O município de Indiara está alinhado com os pilares do PCM 2025 e demonstra, na prática, seu compromisso com a boa gestão pública. Já implantamos avanços importantes, como:

Fortalecimento do Portal da Transparência e reestruturação da Ouvidoria;

Início da implementação do programa de compliance municipal;

Incentivo constante à capacitação dos servidores em áreas-chave da gestão;


Além disso, temos vontade política, equipe comprometida e o desejo claro de transformar desafios em conquistas. Por isso, Indiara está pronta para não apenas participar, mas se destacar no PCM 2025.
2025-05-19 16:05:17 - Prefeitura ID: 66
2025-05-19 16:05:17 - Total de perguntas recuperadas: 9
2025-05-19 16:05:17 - Respostas recuperadas: {"1":"A iniciativa partiu da empresa IdeiasGov, respons\u00e1vel pelos servi\u00e7os de assessoria em transpar\u00eancia e comunica\u00e7\u00e3o da Prefeitura de Indiara. A proposta foi recebida pelo prefeito e vice-prefeito como uma oportunidade de demonstrar aos cidad\u00e3os a efici\u00eancia com que a transpar\u00eancia p\u00fablica deve ser conduzida.","2":"Sim","14":"Administra\u00e7\u00e3o|52|68|0|120;Sa\u00fade|132|37|0|169;Educa\u00e7\u00e3o, cultura e esporte|363|98|1|462;Meio Ambiente e Agricultura|0|2|0|2;Controle Interno|0|4|0|4;Finan\u00e7as|0|2|0|2;Assist\u00eancia Social|9|18|0|27;Compras|0|1|0|1","4":"N\u00e3o","5":"Sim","6":"O necess\u00e1rio!","7":"Sim","8":"Infraestrutura f\u00edsica e tecnol\u00f3gica: \r\nEste foi o desafio que mais nos mobilizou e tamb\u00e9m o que mais nos impulsiona a participar. A aus\u00eancia de salas climatizadas e equipamentos adequados para reuni\u00f5es virtuais n\u00e3o foi motivo de desist\u00eancia. Pelo contr\u00e1rio: foi o combust\u00edvel que nos motivou a adotar o PCM 2025 com ainda mais seriedade, pois sabemos que os munic\u00edpios com melhor desempenho receber\u00e3o, como premia\u00e7\u00e3o, justamente os recursos que mais precisamos. Adotar esse posicionamento \u00e9, portanto, n\u00e3o apenas uma estrat\u00e9gia t\u00e9cnica \u00e9 uma estrat\u00e9gia de supera\u00e7\u00e3o institucional com foco na transpar\u00eancia e no uso da tecnologia dispon\u00edvel.","9":"O munic\u00edpio de Indiara est\u00e1 alinhado com os pilares do PCM 2025 e demonstra, na pr\u00e1tica, seu compromisso com a boa gest\u00e3o p\u00fablica. J\u00e1 implantamos avan\u00e7os importantes, como:\r\n\r\nFortalecimento do Portal da Transpar\u00eancia e reestrutura\u00e7\u00e3o da Ouvidoria;\r\n\r\nIn\u00edcio da implementa\u00e7\u00e3o do programa de compliance municipal;\r\n\r\nIncentivo constante \u00e0 capacita\u00e7\u00e3o dos servidores em \u00e1reas-chave da gest\u00e3o;\r\n\r\n\r\nAl\u00e9m disso, temos vontade pol\u00edtica, equipe comprometida e o desejo claro de transformar desafios em conquistas. Por isso, Indiara est\u00e1 pronta para n\u00e3o apenas participar, mas se destacar no PCM 2025."}
2025-05-19 16:05:17 - Processando pergunta 1, resposta_valor: A iniciativa partiu da empresa IdeiasGov, responsável pelos serviços de assessoria em transparência e comunicação da Prefeitura de Indiara. A proposta foi recebida pelo prefeito e vice-prefeito como uma oportunidade de demonstrar aos cidadãos a eficiência com que a transparência pública deve ser conduzida.
2025-05-19 16:05:17 - Processando pergunta 2, resposta_valor: Sim
2025-05-19 16:05:18 - Pergunta 2 - resposta_sim_nao: Sim, justificativa_valor: 
2025-05-19 16:05:18 - Processando pergunta 14, resposta_valor: Administração|52|68|0|120;Saúde|132|37|0|169;Educação, cultura e esporte|363|98|1|462;Meio Ambiente e Agricultura|0|2|0|2;Controle Interno|0|4|0|4;Finanças|0|2|0|2;Assistência Social|9|18|0|27;Compras|0|1|0|1
2025-05-19 16:05:18 - Pergunta 14 (planilha) - linhas brutas: ["Administra\u00e7\u00e3o|52|68|0|120","Sa\u00fade|132|37|0|169","Educa\u00e7\u00e3o, cultura e esporte|363|98|1|462","Meio Ambiente e Agricultura|0|2|0|2","Controle Interno|0|4|0|4","Finan\u00e7as|0|2|0|2","Assist\u00eancia Social|9|18|0|27","Compras|0|1|0|1"]
2025-05-19 16:05:18 - Pergunta 14 (planilha) - dados da linha: ["Administra\u00e7\u00e3o","52","68","0","120"]
2025-05-19 16:05:18 - Pergunta 14 (planilha) - dados da linha: ["Sa\u00fade","132","37","0","169"]
2025-05-19 16:05:18 - Pergunta 14 (planilha) - dados da linha: ["Educa\u00e7\u00e3o, cultura e esporte","363","98","1","462"]
2025-05-19 16:05:18 - Pergunta 14 (planilha) - dados da linha: ["Meio Ambiente e Agricultura","0","2","0","2"]
2025-05-19 16:05:18 - Pergunta 14 (planilha) - dados da linha: ["Controle Interno","0","4","0","4"]
2025-05-19 16:05:18 - Pergunta 14 (planilha) - dados da linha: ["Finan\u00e7as","0","2","0","2"]
2025-05-19 16:05:18 - Pergunta 14 (planilha) - dados da linha: ["Assist\u00eancia Social","9","18","0","27"]
2025-05-19 16:05:18 - Pergunta 14 (planilha) - dados da linha: ["Compras","0","1","0","1"]
2025-05-19 16:05:18 - Pergunta 14 (planilha) - planilha_data: [{"secretaria":"Administra\u00e7\u00e3o","efetivos":"52","comissionados":"68","temporarios":"0","total_parcial":"120"},{"secretaria":"Sa\u00fade","efetivos":"132","comissionados":"37","temporarios":"0","total_parcial":"169"},{"secretaria":"Educa\u00e7\u00e3o, cultura e esporte","efetivos":"363","comissionados":"98","temporarios":"1","total_parcial":"462"},{"secretaria":"Meio Ambiente e Agricultura","efetivos":"0","comissionados":"2","temporarios":"0","total_parcial":"2"},{"secretaria":"Controle Interno","efetivos":"0","comissionados":"4","temporarios":"0","total_parcial":"4"},{"secretaria":"Finan\u00e7as","efetivos":"0","comissionados":"2","temporarios":"0","total_parcial":"2"},{"secretaria":"Assist\u00eancia Social","efetivos":"9","comissionados":"18","temporarios":"0","total_parcial":"27"},{"secretaria":"Compras","efetivos":"0","comissionados":"1","temporarios":"0","total_parcial":"1"}]
2025-05-19 16:05:19 - Processando pergunta 4, resposta_valor: Não
2025-05-19 16:05:19 - Pergunta 4 - resposta_sim_nao: Não, eixo_selecionado: , justificativa_valor: 
2025-05-19 16:05:19 - Processando pergunta 5, resposta_valor: Sim
2025-05-19 16:05:19 - Pergunta 5 - resposta_sim_nao: Sim, justificativa_valor: 
2025-05-19 16:05:19 - Processando pergunta 6, resposta_valor: O necessário!
2025-05-19 16:05:19 - Processando pergunta 7, resposta_valor: Sim
2025-05-19 16:05:19 - Pergunta 7 - resposta_sim_nao: Sim, justificativa_valor: 
2025-05-19 16:05:19 - Processando pergunta 8, resposta_valor: Infraestrutura física e tecnológica: 
Este foi o desafio que mais nos mobilizou e também o que mais nos impulsiona a participar. A ausência de salas climatizadas e equipamentos adequados para reuniões virtuais não foi motivo de desistência. Pelo contrário: foi o combustível que nos motivou a adotar o PCM 2025 com ainda mais seriedade, pois sabemos que os municípios com melhor desempenho receberão, como premiação, justamente os recursos que mais precisamos. Adotar esse posicionamento é, portanto, não apenas uma estratégia técnica é uma estratégia de superação institucional com foco na transparência e no uso da tecnologia disponível.
2025-05-19 16:05:19 - Pergunta 8 - resposta_valor: Infraestrutura física e tecnológica: 
Este foi o desafio que mais nos mobilizou e também o que mais nos impulsiona a participar. A ausência de salas climatizadas e equipamentos adequados para reuniões virtuais não foi motivo de desistência. Pelo contrário: foi o combustível que nos motivou a adotar o PCM 2025 com ainda mais seriedade, pois sabemos que os municípios com melhor desempenho receberão, como premiação, justamente os recursos que mais precisamos. Adotar esse posicionamento é, portanto, não apenas uma estratégia técnica é uma estratégia de superação institucional com foco na transparência e no uso da tecnologia disponível., outras_respostas_valor: 
2025-05-19 16:05:19 - Processando pergunta 9, resposta_valor: O município de Indiara está alinhado com os pilares do PCM 2025 e demonstra, na prática, seu compromisso com a boa gestão pública. Já implantamos avanços importantes, como:

Fortalecimento do Portal da Transparência e reestruturação da Ouvidoria;

Início da implementação do programa de compliance municipal;

Incentivo constante à capacitação dos servidores em áreas-chave da gestão;


Além disso, temos vontade política, equipe comprometida e o desejo claro de transformar desafios em conquistas. Por isso, Indiara está pronta para não apenas participar, mas se destacar no PCM 2025.
2025-05-19 16:05:23 - Prefeitura ID: 66
2025-05-19 16:05:23 - Total de perguntas recuperadas: 9
2025-05-19 16:05:23 - Respostas recuperadas: {"1":"A iniciativa partiu da empresa IdeiasGov, respons\u00e1vel pelos servi\u00e7os de assessoria em transpar\u00eancia e comunica\u00e7\u00e3o da Prefeitura de Indiara. A proposta foi recebida pelo prefeito e vice-prefeito como uma oportunidade de demonstrar aos cidad\u00e3os a efici\u00eancia com que a transpar\u00eancia p\u00fablica deve ser conduzida.","2":"Sim","14":"Administra\u00e7\u00e3o|52|68|0|120;Sa\u00fade|132|37|0|169;Educa\u00e7\u00e3o, cultura e esporte|363|98|1|462;Meio Ambiente e Agricultura|0|2|0|2;Controle Interno|0|4|0|4;Finan\u00e7as|0|2|0|2;Assist\u00eancia Social|9|18|0|27;Compras|0|1|0|1","4":"N\u00e3o","5":"Sim","6":"O necess\u00e1rio!","7":"Sim","8":"Infraestrutura f\u00edsica e tecnol\u00f3gica: \r\nEste foi o desafio que mais nos mobilizou e tamb\u00e9m o que mais nos impulsiona a participar. A aus\u00eancia de salas climatizadas e equipamentos adequados para reuni\u00f5es virtuais n\u00e3o foi motivo de desist\u00eancia. Pelo contr\u00e1rio: foi o combust\u00edvel que nos motivou a adotar o PCM 2025 com ainda mais seriedade, pois sabemos que os munic\u00edpios com melhor desempenho receber\u00e3o, como premia\u00e7\u00e3o, justamente os recursos que mais precisamos. Adotar esse posicionamento \u00e9, portanto, n\u00e3o apenas uma estrat\u00e9gia t\u00e9cnica \u00e9 uma estrat\u00e9gia de supera\u00e7\u00e3o institucional com foco na transpar\u00eancia e no uso da tecnologia dispon\u00edvel.","9":"O munic\u00edpio de Indiara est\u00e1 alinhado com os pilares do PCM 2025 e demonstra, na pr\u00e1tica, seu compromisso com a boa gest\u00e3o p\u00fablica. J\u00e1 implantamos avan\u00e7os importantes, como:\r\n\r\nFortalecimento do Portal da Transpar\u00eancia e reestrutura\u00e7\u00e3o da Ouvidoria;\r\n\r\nIn\u00edcio da implementa\u00e7\u00e3o do programa de compliance municipal;\r\n\r\nIncentivo constante \u00e0 capacita\u00e7\u00e3o dos servidores em \u00e1reas-chave da gest\u00e3o;\r\n\r\n\r\nAl\u00e9m disso, temos vontade pol\u00edtica, equipe comprometida e o desejo claro de transformar desafios em conquistas. Por isso, Indiara est\u00e1 pronta para n\u00e3o apenas participar, mas se destacar no PCM 2025."}
2025-05-19 16:05:23 - Formulário enviado: {"resposta":{"1":"A iniciativa partiu da empresa IdeiasGov, respons\u00e1vel pelos servi\u00e7os de assessoria em transpar\u00eancia e comunica\u00e7\u00e3o da Prefeitura de Indiara. A proposta foi recebida pelo prefeito e vice-prefeito como uma oportunidade de demonstrar aos cidad\u00e3os a efici\u00eancia com que a transpar\u00eancia p\u00fablica deve ser conduzida.","2":{"sim_nao":"Sim"},"4":{"sim_nao":"N\u00e3o","eixo":""},"5":"Sim","6":"O necess\u00e1rio!","7":{"sim_nao":"Sim"},"8":"Infraestrutura f\u00edsica e tecnol\u00f3gica: \r\nEste foi o desafio que mais nos mobilizou e tamb\u00e9m o que mais nos impulsiona a participar. A aus\u00eancia de salas climatizadas e equipamentos adequados para reuni\u00f5es virtuais n\u00e3o foi motivo de desist\u00eancia. Pelo contr\u00e1rio: foi o combust\u00edvel que nos motivou a adotar o PCM 2025 com ainda mais seriedade, pois sabemos que os munic\u00edpios com melhor desempenho receber\u00e3o, como premia\u00e7\u00e3o, justamente os recursos que mais precisamos. Adotar esse posicionamento \u00e9, portanto, n\u00e3o apenas uma estrat\u00e9gia t\u00e9cnica \u00e9 uma estrat\u00e9gia de supera\u00e7\u00e3o institucional com foco na transpar\u00eancia e no uso da tecnologia dispon\u00edvel.","9":"O munic\u00edpio de Indiara est\u00e1 alinhado com os pilares do PCM 2025 e demonstra, na pr\u00e1tica, seu compromisso com a boa gest\u00e3o p\u00fablica. J\u00e1 implantamos avan\u00e7os importantes, como:\r\n\r\nFortalecimento do Portal da Transpar\u00eancia e reestrutura\u00e7\u00e3o da Ouvidoria;\r\n\r\nIn\u00edcio da implementa\u00e7\u00e3o do programa de compliance municipal;\r\n\r\nIncentivo constante \u00e0 capacita\u00e7\u00e3o dos servidores em \u00e1reas-chave da gest\u00e3o;\r\n\r\n\r\nAl\u00e9m disso, temos vontade pol\u00edtica, equipe comprometida e o desejo claro de transformar desafios em conquistas. Por isso, Indiara est\u00e1 pronta para n\u00e3o apenas participar, mas se destacar no PCM 2025."},"justificativa":{"2":"","4":"","5":"","7":""},"secretaria":{"14":["Administra\u00e7\u00e3o","Sa\u00fade","Educa\u00e7\u00e3o, cultura e esporte","Meio Ambiente e Agricultura","Controle Interno","Finan\u00e7as","Assist\u00eancia Social","Compras"]},"efetivos":{"14":["52","132","363","0","0","0","9","0"]},"comissionados":{"14":["68","37","98","2","4","2","18","1"]},"temporarios":{"14":["0","0","1","0","0","0","0","0"]},"salvar":""}
2025-05-19 16:05:24 - Atualizada resposta para pergunta 1: A iniciativa partiu da empresa IdeiasGov, responsável pelos serviços de assessoria em transparência e comunicação da Prefeitura de Indiara. A proposta foi recebida pelo prefeito e vice-prefeito como uma oportunidade de demonstrar aos cidadãos a eficiência com que a transparência pública deve ser conduzida.
2025-05-19 16:05:24 - Atualizada resposta para pergunta 2: Sim
2025-05-19 16:05:24 - Pergunta 14 (planilha) - Resposta gerada: Administração|52|68|0|120;Saúde|132|37|0|169;Educação, cultura e esporte|363|98|1|462;Meio Ambiente e Agricultura|0|2|0|2;Controle Interno|0|4|0|4;Finanças|0|2|0|2;Assistência Social|9|18|0|27;Compras|0|1|0|1
2025-05-19 16:05:24 - Atualizada resposta para pergunta 14: Administração|52|68|0|120;Saúde|132|37|0|169;Educação, cultura e esporte|363|98|1|462;Meio Ambiente e Agricultura|0|2|0|2;Controle Interno|0|4|0|4;Finanças|0|2|0|2;Assistência Social|9|18|0|27;Compras|0|1|0|1
2025-05-19 16:05:24 - Atualizada resposta para pergunta 4: Não
2025-05-19 16:05:24 - Atualizada resposta para pergunta 5: Sim
2025-05-19 16:05:24 - Atualizada resposta para pergunta 6: O necessário!
2025-05-19 16:05:24 - Atualizada resposta para pergunta 7: Sim
2025-05-19 16:05:24 - Atualizada resposta para pergunta 8: Infraestrutura física e tecnológica: 
Este foi o desafio que mais nos mobilizou e também o que mais nos impulsiona a participar. A ausência de salas climatizadas e equipamentos adequados para reuniões virtuais não foi motivo de desistência. Pelo contrário: foi o combustível que nos motivou a adotar o PCM 2025 com ainda mais seriedade, pois sabemos que os municípios com melhor desempenho receberão, como premiação, justamente os recursos que mais precisamos. Adotar esse posicionamento é, portanto, não apenas uma estratégia técnica é uma estratégia de superação institucional com foco na transparência e no uso da tecnologia disponível.
2025-05-19 16:05:24 - Atualizada resposta para pergunta 9: O município de Indiara está alinhado com os pilares do PCM 2025 e demonstra, na prática, seu compromisso com a boa gestão pública. Já implantamos avanços importantes, como:

Fortalecimento do Portal da Transparência e reestruturação da Ouvidoria;

Início da implementação do programa de compliance municipal;

Incentivo constante à capacitação dos servidores em áreas-chave da gestão;


Além disso, temos vontade política, equipe comprometida e o desejo claro de transformar desafios em conquistas. Por isso, Indiara está pronta para não apenas participar, mas se destacar no PCM 2025.
2025-05-19 16:05:25 - Salvamento concluído com sucesso
2025-05-19 16:05:25 - Prefeitura ID: 66
2025-05-19 16:05:25 - Total de perguntas recuperadas: 9
2025-05-19 16:05:25 - Respostas recuperadas: {"1":"A iniciativa partiu da empresa IdeiasGov, respons\u00e1vel pelos servi\u00e7os de assessoria em transpar\u00eancia e comunica\u00e7\u00e3o da Prefeitura de Indiara. A proposta foi recebida pelo prefeito e vice-prefeito como uma oportunidade de demonstrar aos cidad\u00e3os a efici\u00eancia com que a transpar\u00eancia p\u00fablica deve ser conduzida.","2":"Sim","14":"Administra\u00e7\u00e3o|52|68|0|120;Sa\u00fade|132|37|0|169;Educa\u00e7\u00e3o, cultura e esporte|363|98|1|462;Meio Ambiente e Agricultura|0|2|0|2;Controle Interno|0|4|0|4;Finan\u00e7as|0|2|0|2;Assist\u00eancia Social|9|18|0|27;Compras|0|1|0|1","4":"N\u00e3o","5":"Sim","6":"O necess\u00e1rio!","7":"Sim","8":"Infraestrutura f\u00edsica e tecnol\u00f3gica: \r\nEste foi o desafio que mais nos mobilizou e tamb\u00e9m o que mais nos impulsiona a participar. A aus\u00eancia de salas climatizadas e equipamentos adequados para reuni\u00f5es virtuais n\u00e3o foi motivo de desist\u00eancia. Pelo contr\u00e1rio: foi o combust\u00edvel que nos motivou a adotar o PCM 2025 com ainda mais seriedade, pois sabemos que os munic\u00edpios com melhor desempenho receber\u00e3o, como premia\u00e7\u00e3o, justamente os recursos que mais precisamos. Adotar esse posicionamento \u00e9, portanto, n\u00e3o apenas uma estrat\u00e9gia t\u00e9cnica \u00e9 uma estrat\u00e9gia de supera\u00e7\u00e3o institucional com foco na transpar\u00eancia e no uso da tecnologia dispon\u00edvel.","9":"O munic\u00edpio de Indiara est\u00e1 alinhado com os pilares do PCM 2025 e demonstra, na pr\u00e1tica, seu compromisso com a boa gest\u00e3o p\u00fablica. J\u00e1 implantamos avan\u00e7os importantes, como:\r\n\r\nFortalecimento do Portal da Transpar\u00eancia e reestrutura\u00e7\u00e3o da Ouvidoria;\r\n\r\nIn\u00edcio da implementa\u00e7\u00e3o do programa de compliance municipal;\r\n\r\nIncentivo constante \u00e0 capacita\u00e7\u00e3o dos servidores em \u00e1reas-chave da gest\u00e3o;\r\n\r\n\r\nAl\u00e9m disso, temos vontade pol\u00edtica, equipe comprometida e o desejo claro de transformar desafios em conquistas. Por isso, Indiara est\u00e1 pronta para n\u00e3o apenas participar, mas se destacar no PCM 2025."}
2025-05-19 16:05:25 - Processando pergunta 1, resposta_valor: A iniciativa partiu da empresa IdeiasGov, responsável pelos serviços de assessoria em transparência e comunicação da Prefeitura de Indiara. A proposta foi recebida pelo prefeito e vice-prefeito como uma oportunidade de demonstrar aos cidadãos a eficiência com que a transparência pública deve ser conduzida.
2025-05-19 16:05:25 - Processando pergunta 2, resposta_valor: Sim
2025-05-19 16:05:25 - Pergunta 2 - resposta_sim_nao: Sim, justificativa_valor: 
2025-05-19 16:05:25 - Processando pergunta 14, resposta_valor: Administração|52|68|0|120;Saúde|132|37|0|169;Educação, cultura e esporte|363|98|1|462;Meio Ambiente e Agricultura|0|2|0|2;Controle Interno|0|4|0|4;Finanças|0|2|0|2;Assistência Social|9|18|0|27;Compras|0|1|0|1
2025-05-19 16:05:25 - Pergunta 14 (planilha) - linhas brutas: ["Administra\u00e7\u00e3o|52|68|0|120","Sa\u00fade|132|37|0|169","Educa\u00e7\u00e3o, cultura e esporte|363|98|1|462","Meio Ambiente e Agricultura|0|2|0|2","Controle Interno|0|4|0|4","Finan\u00e7as|0|2|0|2","Assist\u00eancia Social|9|18|0|27","Compras|0|1|0|1"]
2025-05-19 16:05:25 - Pergunta 14 (planilha) - dados da linha: ["Administra\u00e7\u00e3o","52","68","0","120"]
2025-05-19 16:05:25 - Pergunta 14 (planilha) - dados da linha: ["Sa\u00fade","132","37","0","169"]
2025-05-19 16:05:25 - Pergunta 14 (planilha) - dados da linha: ["Educa\u00e7\u00e3o, cultura e esporte","363","98","1","462"]
2025-05-19 16:05:26 - Pergunta 14 (planilha) - dados da linha: ["Meio Ambiente e Agricultura","0","2","0","2"]
2025-05-19 16:05:26 - Pergunta 14 (planilha) - dados da linha: ["Controle Interno","0","4","0","4"]
2025-05-19 16:05:26 - Pergunta 14 (planilha) - dados da linha: ["Finan\u00e7as","0","2","0","2"]
2025-05-19 16:05:26 - Pergunta 14 (planilha) - dados da linha: ["Assist\u00eancia Social","9","18","0","27"]
2025-05-19 16:05:26 - Pergunta 14 (planilha) - dados da linha: ["Compras","0","1","0","1"]
2025-05-19 16:05:26 - Pergunta 14 (planilha) - planilha_data: [{"secretaria":"Administra\u00e7\u00e3o","efetivos":"52","comissionados":"68","temporarios":"0","total_parcial":"120"},{"secretaria":"Sa\u00fade","efetivos":"132","comissionados":"37","temporarios":"0","total_parcial":"169"},{"secretaria":"Educa\u00e7\u00e3o, cultura e esporte","efetivos":"363","comissionados":"98","temporarios":"1","total_parcial":"462"},{"secretaria":"Meio Ambiente e Agricultura","efetivos":"0","comissionados":"2","temporarios":"0","total_parcial":"2"},{"secretaria":"Controle Interno","efetivos":"0","comissionados":"4","temporarios":"0","total_parcial":"4"},{"secretaria":"Finan\u00e7as","efetivos":"0","comissionados":"2","temporarios":"0","total_parcial":"2"},{"secretaria":"Assist\u00eancia Social","efetivos":"9","comissionados":"18","temporarios":"0","total_parcial":"27"},{"secretaria":"Compras","efetivos":"0","comissionados":"1","temporarios":"0","total_parcial":"1"}]
2025-05-19 16:05:26 - Processando pergunta 4, resposta_valor: Não
2025-05-19 16:05:26 - Pergunta 4 - resposta_sim_nao: Não, eixo_selecionado: , justificativa_valor: 
2025-05-19 16:05:26 - Processando pergunta 5, resposta_valor: Sim
2025-05-19 16:05:26 - Pergunta 5 - resposta_sim_nao: Sim, justificativa_valor: 
2025-05-19 16:05:26 - Processando pergunta 6, resposta_valor: O necessário!
2025-05-19 16:05:26 - Processando pergunta 7, resposta_valor: Sim
2025-05-19 16:05:27 - Pergunta 7 - resposta_sim_nao: Sim, justificativa_valor: 
2025-05-19 16:05:27 - Processando pergunta 8, resposta_valor: Infraestrutura física e tecnológica: 
Este foi o desafio que mais nos mobilizou e também o que mais nos impulsiona a participar. A ausência de salas climatizadas e equipamentos adequados para reuniões virtuais não foi motivo de desistência. Pelo contrário: foi o combustível que nos motivou a adotar o PCM 2025 com ainda mais seriedade, pois sabemos que os municípios com melhor desempenho receberão, como premiação, justamente os recursos que mais precisamos. Adotar esse posicionamento é, portanto, não apenas uma estratégia técnica é uma estratégia de superação institucional com foco na transparência e no uso da tecnologia disponível.
2025-05-19 16:05:27 - Pergunta 8 - resposta_valor: Infraestrutura física e tecnológica: 
Este foi o desafio que mais nos mobilizou e também o que mais nos impulsiona a participar. A ausência de salas climatizadas e equipamentos adequados para reuniões virtuais não foi motivo de desistência. Pelo contrário: foi o combustível que nos motivou a adotar o PCM 2025 com ainda mais seriedade, pois sabemos que os municípios com melhor desempenho receberão, como premiação, justamente os recursos que mais precisamos. Adotar esse posicionamento é, portanto, não apenas uma estratégia técnica é uma estratégia de superação institucional com foco na transparência e no uso da tecnologia disponível., outras_respostas_valor: 
2025-05-19 16:05:27 - Processando pergunta 9, resposta_valor: O município de Indiara está alinhado com os pilares do PCM 2025 e demonstra, na prática, seu compromisso com a boa gestão pública. Já implantamos avanços importantes, como:

Fortalecimento do Portal da Transparência e reestruturação da Ouvidoria;

Início da implementação do programa de compliance municipal;

Incentivo constante à capacitação dos servidores em áreas-chave da gestão;


Além disso, temos vontade política, equipe comprometida e o desejo claro de transformar desafios em conquistas. Por isso, Indiara está pronta para não apenas participar, mas se destacar no PCM 2025.
2025-05-19 16:05:36 - Prefeitura ID: 66
2025-05-19 16:05:36 - Total de perguntas recuperadas: 9
2025-05-19 16:05:37 - Respostas recuperadas: {"1":"A iniciativa partiu da empresa IdeiasGov, respons\u00e1vel pelos servi\u00e7os de assessoria em transpar\u00eancia e comunica\u00e7\u00e3o da Prefeitura de Indiara. A proposta foi recebida pelo prefeito e vice-prefeito como uma oportunidade de demonstrar aos cidad\u00e3os a efici\u00eancia com que a transpar\u00eancia p\u00fablica deve ser conduzida.","2":"Sim","14":"Administra\u00e7\u00e3o|52|68|0|120;Sa\u00fade|132|37|0|169;Educa\u00e7\u00e3o, cultura e esporte|363|98|1|462;Meio Ambiente e Agricultura|0|2|0|2;Controle Interno|0|4|0|4;Finan\u00e7as|0|2|0|2;Assist\u00eancia Social|9|18|0|27;Compras|0|1|0|1","4":"N\u00e3o","5":"Sim","6":"O necess\u00e1rio!","7":"Sim","8":"Infraestrutura f\u00edsica e tecnol\u00f3gica: \r\nEste foi o desafio que mais nos mobilizou e tamb\u00e9m o que mais nos impulsiona a participar. A aus\u00eancia de salas climatizadas e equipamentos adequados para reuni\u00f5es virtuais n\u00e3o foi motivo de desist\u00eancia. Pelo contr\u00e1rio: foi o combust\u00edvel que nos motivou a adotar o PCM 2025 com ainda mais seriedade, pois sabemos que os munic\u00edpios com melhor desempenho receber\u00e3o, como premia\u00e7\u00e3o, justamente os recursos que mais precisamos. Adotar esse posicionamento \u00e9, portanto, n\u00e3o apenas uma estrat\u00e9gia t\u00e9cnica \u00e9 uma estrat\u00e9gia de supera\u00e7\u00e3o institucional com foco na transpar\u00eancia e no uso da tecnologia dispon\u00edvel.","9":"O munic\u00edpio de Indiara est\u00e1 alinhado com os pilares do PCM 2025 e demonstra, na pr\u00e1tica, seu compromisso com a boa gest\u00e3o p\u00fablica. J\u00e1 implantamos avan\u00e7os importantes, como:\r\n\r\nFortalecimento do Portal da Transpar\u00eancia e reestrutura\u00e7\u00e3o da Ouvidoria;\r\n\r\nIn\u00edcio da implementa\u00e7\u00e3o do programa de compliance municipal;\r\n\r\nIncentivo constante \u00e0 capacita\u00e7\u00e3o dos servidores em \u00e1reas-chave da gest\u00e3o;\r\n\r\n\r\nAl\u00e9m disso, temos vontade pol\u00edtica, equipe comprometida e o desejo claro de transformar desafios em conquistas. Por isso, Indiara est\u00e1 pronta para n\u00e3o apenas participar, mas se destacar no PCM 2025."}
2025-05-19 16:05:37 - Processando pergunta 1, resposta_valor: A iniciativa partiu da empresa IdeiasGov, responsável pelos serviços de assessoria em transparência e comunicação da Prefeitura de Indiara. A proposta foi recebida pelo prefeito e vice-prefeito como uma oportunidade de demonstrar aos cidadãos a eficiência com que a transparência pública deve ser conduzida.
2025-05-19 16:05:37 - Processando pergunta 2, resposta_valor: Sim
2025-05-19 16:05:37 - Pergunta 2 - resposta_sim_nao: Sim, justificativa_valor: 
2025-05-19 16:05:37 - Processando pergunta 14, resposta_valor: Administração|52|68|0|120;Saúde|132|37|0|169;Educação, cultura e esporte|363|98|1|462;Meio Ambiente e Agricultura|0|2|0|2;Controle Interno|0|4|0|4;Finanças|0|2|0|2;Assistência Social|9|18|0|27;Compras|0|1|0|1
2025-05-19 16:05:37 - Pergunta 14 (planilha) - linhas brutas: ["Administra\u00e7\u00e3o|52|68|0|120","Sa\u00fade|132|37|0|169","Educa\u00e7\u00e3o, cultura e esporte|363|98|1|462","Meio Ambiente e Agricultura|0|2|0|2","Controle Interno|0|4|0|4","Finan\u00e7as|0|2|0|2","Assist\u00eancia Social|9|18|0|27","Compras|0|1|0|1"]
2025-05-19 16:05:37 - Pergunta 14 (planilha) - dados da linha: ["Administra\u00e7\u00e3o","52","68","0","120"]
2025-05-19 16:05:37 - Pergunta 14 (planilha) - dados da linha: ["Sa\u00fade","132","37","0","169"]
2025-05-19 16:05:37 - Pergunta 14 (planilha) - dados da linha: ["Educa\u00e7\u00e3o, cultura e esporte","363","98","1","462"]
2025-05-19 16:05:37 - Pergunta 14 (planilha) - dados da linha: ["Meio Ambiente e Agricultura","0","2","0","2"]
2025-05-19 16:05:38 - Pergunta 14 (planilha) - dados da linha: ["Controle Interno","0","4","0","4"]
2025-05-19 16:05:38 - Pergunta 14 (planilha) - dados da linha: ["Finan\u00e7as","0","2","0","2"]
2025-05-19 16:05:38 - Pergunta 14 (planilha) - dados da linha: ["Assist\u00eancia Social","9","18","0","27"]
2025-05-19 16:05:38 - Pergunta 14 (planilha) - dados da linha: ["Compras","0","1","0","1"]
2025-05-19 16:05:38 - Pergunta 14 (planilha) - planilha_data: [{"secretaria":"Administra\u00e7\u00e3o","efetivos":"52","comissionados":"68","temporarios":"0","total_parcial":"120"},{"secretaria":"Sa\u00fade","efetivos":"132","comissionados":"37","temporarios":"0","total_parcial":"169"},{"secretaria":"Educa\u00e7\u00e3o, cultura e esporte","efetivos":"363","comissionados":"98","temporarios":"1","total_parcial":"462"},{"secretaria":"Meio Ambiente e Agricultura","efetivos":"0","comissionados":"2","temporarios":"0","total_parcial":"2"},{"secretaria":"Controle Interno","efetivos":"0","comissionados":"4","temporarios":"0","total_parcial":"4"},{"secretaria":"Finan\u00e7as","efetivos":"0","comissionados":"2","temporarios":"0","total_parcial":"2"},{"secretaria":"Assist\u00eancia Social","efetivos":"9","comissionados":"18","temporarios":"0","total_parcial":"27"},{"secretaria":"Compras","efetivos":"0","comissionados":"1","temporarios":"0","total_parcial":"1"}]
2025-05-19 16:05:38 - Processando pergunta 4, resposta_valor: Não
2025-05-19 16:05:38 - Pergunta 4 - resposta_sim_nao: Não, eixo_selecionado: , justificativa_valor: 
2025-05-19 16:05:38 - Processando pergunta 5, resposta_valor: Sim
2025-05-19 16:05:38 - Pergunta 5 - resposta_sim_nao: Sim, justificativa_valor: 
2025-05-19 16:05:38 - Processando pergunta 6, resposta_valor: O necessário!
2025-05-19 16:05:38 - Processando pergunta 7, resposta_valor: Sim
2025-05-19 16:05:38 - Pergunta 7 - resposta_sim_nao: Sim, justificativa_valor: 
2025-05-19 16:05:39 - Processando pergunta 8, resposta_valor: Infraestrutura física e tecnológica: 
Este foi o desafio que mais nos mobilizou e também o que mais nos impulsiona a participar. A ausência de salas climatizadas e equipamentos adequados para reuniões virtuais não foi motivo de desistência. Pelo contrário: foi o combustível que nos motivou a adotar o PCM 2025 com ainda mais seriedade, pois sabemos que os municípios com melhor desempenho receberão, como premiação, justamente os recursos que mais precisamos. Adotar esse posicionamento é, portanto, não apenas uma estratégia técnica é uma estratégia de superação institucional com foco na transparência e no uso da tecnologia disponível.
2025-05-19 16:05:39 - Pergunta 8 - resposta_valor: Infraestrutura física e tecnológica: 
Este foi o desafio que mais nos mobilizou e também o que mais nos impulsiona a participar. A ausência de salas climatizadas e equipamentos adequados para reuniões virtuais não foi motivo de desistência. Pelo contrário: foi o combustível que nos motivou a adotar o PCM 2025 com ainda mais seriedade, pois sabemos que os municípios com melhor desempenho receberão, como premiação, justamente os recursos que mais precisamos. Adotar esse posicionamento é, portanto, não apenas uma estratégia técnica é uma estratégia de superação institucional com foco na transparência e no uso da tecnologia disponível., outras_respostas_valor: 
2025-05-19 16:05:39 - Processando pergunta 9, resposta_valor: O município de Indiara está alinhado com os pilares do PCM 2025 e demonstra, na prática, seu compromisso com a boa gestão pública. Já implantamos avanços importantes, como:

Fortalecimento do Portal da Transparência e reestruturação da Ouvidoria;

Início da implementação do programa de compliance municipal;

Incentivo constante à capacitação dos servidores em áreas-chave da gestão;


Além disso, temos vontade política, equipe comprometida e o desejo claro de transformar desafios em conquistas. Por isso, Indiara está pronta para não apenas participar, mas se destacar no PCM 2025.
2025-05-19 16:13:30 - Prefeitura ID: 75
2025-05-19 16:13:30 - Total de perguntas recuperadas: 9
2025-05-19 16:13:30 - Respostas recuperadas: {"1":"Recebemos o convite pela Controladoria-Geral do Estado. Recebemos a id\u00e9ia com entusiasmo, considerando o sucesso anterior obtido.","2":"Sim"}
2025-05-19 16:13:31 - Formulário enviado: {"resposta":{"1":"Recebemos o convite pela Controladoria-Geral do Estado. Recebemos a id\u00e9ia com entusiasmo, considerando o sucesso anterior obtido.","2":{"sim_nao":"Sim"},"4":{"sim_nao":"Sim","eixo":"Gest\u00e3o de Riscos"},"5":"Sim","6":"05 horas semanais\/01 hora por dia.","7":{"sim_nao":"Sim"},"8":"Disponibilidade dos servidores para conciliar os hor\u00e1rios das atividades laborais e o PCM 2025: devido a demanda dos servi\u00e7os.","9":"Pela capacita\u00e7\u00e3o, visando o aperfei\u00e7oamento dos trabalhos junto aos 3 eixos e para aqueles que buscam aux\u00edlio, seja de servidores municipais e at\u00e9 mesmo para outros munic\u00edpios que procuram conhecer o trabalho da Controladoria-Geral do Munic\u00edpio de Rio Verde."},"justificativa":{"2":"","4":"A gest\u00e3o de risco proporciona a preven\u00e7\u00e3o de irregularidades, no aux\u00edlio as decis\u00f5es e no alinhamentno com compliance e transpar\u00eancia.","5":"","7":""},"secretaria":{"14":["Prefeitura Municipal de Rio Verde"]},"efetivos":{"14":["5112"]},"comissionados":{"14":["790"]},"temporarios":{"14":["1527"]},"salvar":""}
2025-05-19 16:13:31 - Atualizada resposta para pergunta 1: Recebemos o convite pela Controladoria-Geral do Estado. Recebemos a idéia com entusiasmo, considerando o sucesso anterior obtido.
2025-05-19 16:13:31 - Atualizada resposta para pergunta 2: Sim
2025-05-19 16:13:31 - Pergunta 14 (planilha) - Resposta gerada: Prefeitura Municipal de Rio Verde|5112|790|1527|7429
2025-05-19 16:13:31 - Inserida resposta para pergunta 14: Prefeitura Municipal de Rio Verde|5112|790|1527|7429
2025-05-19 16:13:31 - Inserida resposta para pergunta 4: Sim|Gestão de Riscos|A gestão de risco proporciona a prevenção de irregularidades, no auxílio as decisões e no alinhamentno com compliance e transparência.
2025-05-19 16:13:31 - Inserida resposta para pergunta 5: Sim
2025-05-19 16:13:31 - Inserida resposta para pergunta 6: 05 horas semanais/01 hora por dia.
2025-05-19 16:13:31 - Inserida resposta para pergunta 7: Sim
2025-05-19 16:13:31 - Inserida resposta para pergunta 8: Disponibilidade dos servidores para conciliar os horários das atividades laborais e o PCM 2025: devido a demanda dos serviços.
2025-05-19 16:13:31 - Inserida resposta para pergunta 9: Pela capacitação, visando o aperfeiçoamento dos trabalhos junto aos 3 eixos e para aqueles que buscam auxílio, seja de servidores municipais e até mesmo para outros municípios que procuram conhecer o trabalho da Controladoria-Geral do Município de Rio Verde.
2025-05-19 16:13:31 - Salvamento concluído com sucesso
2025-05-19 16:13:32 - Prefeitura ID: 75
2025-05-19 16:13:32 - Total de perguntas recuperadas: 9
2025-05-19 16:13:32 - Respostas recuperadas: {"1":"Recebemos o convite pela Controladoria-Geral do Estado. Recebemos a id\u00e9ia com entusiasmo, considerando o sucesso anterior obtido.","2":"Sim","14":"Prefeitura Municipal de Rio Verde|5112|790|1527|7429","4":"Sim|Gest\u00e3o de Riscos|A gest\u00e3o de risco proporciona a preven\u00e7\u00e3o de irregularidades, no aux\u00edlio as decis\u00f5es e no alinhamentno com compliance e transpar\u00eancia.","5":"Sim","6":"05 horas semanais\/01 hora por dia.","7":"Sim","8":"Disponibilidade dos servidores para conciliar os hor\u00e1rios das atividades laborais e o PCM 2025: devido a demanda dos servi\u00e7os.","9":"Pela capacita\u00e7\u00e3o, visando o aperfei\u00e7oamento dos trabalhos junto aos 3 eixos e para aqueles que buscam aux\u00edlio, seja de servidores municipais e at\u00e9 mesmo para outros munic\u00edpios que procuram conhecer o trabalho da Controladoria-Geral do Munic\u00edpio de Rio Verde."}
2025-05-19 16:13:32 - Processando pergunta 1, resposta_valor: Recebemos o convite pela Controladoria-Geral do Estado. Recebemos a idéia com entusiasmo, considerando o sucesso anterior obtido.
2025-05-19 16:13:32 - Processando pergunta 2, resposta_valor: Sim
2025-05-19 16:13:32 - Pergunta 2 - resposta_sim_nao: Sim, justificativa_valor: 
2025-05-19 16:13:32 - Processando pergunta 14, resposta_valor: Prefeitura Municipal de Rio Verde|5112|790|1527|7429
2025-05-19 16:13:32 - Pergunta 14 (planilha) - linhas brutas: ["Prefeitura Municipal de Rio Verde|5112|790|1527|7429"]
2025-05-19 16:13:32 - Pergunta 14 (planilha) - dados da linha: ["Prefeitura Municipal de Rio Verde","5112","790","1527","7429"]
2025-05-19 16:13:32 - Pergunta 14 (planilha) - planilha_data: [{"secretaria":"Prefeitura Municipal de Rio Verde","efetivos":"5112","comissionados":"790","temporarios":"1527","total_parcial":"7429"}]
2025-05-19 16:13:32 - Processando pergunta 4, resposta_valor: Sim|Gestão de Riscos|A gestão de risco proporciona a prevenção de irregularidades, no auxílio as decisões e no alinhamentno com compliance e transparência.
2025-05-19 16:13:32 - Pergunta 4 - resposta_sim_nao: Sim, eixo_selecionado: Gestão de Riscos, justificativa_valor: A gestão de risco proporciona a prevenção de irregularidades, no auxílio as decisões e no alinhamentno com compliance e transparência.
2025-05-19 16:13:32 - Processando pergunta 5, resposta_valor: Sim
2025-05-19 16:13:33 - Pergunta 5 - resposta_sim_nao: Sim, justificativa_valor: 
2025-05-19 16:13:33 - Processando pergunta 6, resposta_valor: 05 horas semanais/01 hora por dia.
2025-05-19 16:13:33 - Processando pergunta 7, resposta_valor: Sim
2025-05-19 16:13:33 - Pergunta 7 - resposta_sim_nao: Sim, justificativa_valor: 
2025-05-19 16:13:33 - Processando pergunta 8, resposta_valor: Disponibilidade dos servidores para conciliar os horários das atividades laborais e o PCM 2025: devido a demanda dos serviços.
2025-05-19 16:13:33 - Pergunta 8 - resposta_valor: Disponibilidade dos servidores para conciliar os horários das atividades laborais e o PCM 2025: devido a demanda dos serviços., outras_respostas_valor: 
2025-05-19 16:13:33 - Processando pergunta 9, resposta_valor: Pela capacitação, visando o aperfeiçoamento dos trabalhos junto aos 3 eixos e para aqueles que buscam auxílio, seja de servidores municipais e até mesmo para outros municípios que procuram conhecer o trabalho da Controladoria-Geral do Município de Rio Verde.
2025-05-19 16:16:03 - Prefeitura ID: 75
2025-05-19 16:16:03 - Total de perguntas recuperadas: 9
2025-05-19 16:16:03 - Respostas recuperadas: {"1":"Recebemos o convite pela Controladoria-Geral do Estado. Recebemos a id\u00e9ia com entusiasmo, considerando o sucesso anterior obtido.","2":"Sim","14":"Prefeitura Municipal de Rio Verde|5112|790|1527|7429","4":"Sim|Gest\u00e3o de Riscos|A gest\u00e3o de risco proporciona a preven\u00e7\u00e3o de irregularidades, no aux\u00edlio as decis\u00f5es e no alinhamentno com compliance e transpar\u00eancia.","5":"Sim","6":"05 horas semanais\/01 hora por dia.","7":"Sim","8":"Disponibilidade dos servidores para conciliar os hor\u00e1rios das atividades laborais e o PCM 2025: devido a demanda dos servi\u00e7os.","9":"Pela capacita\u00e7\u00e3o, visando o aperfei\u00e7oamento dos trabalhos junto aos 3 eixos e para aqueles que buscam aux\u00edlio, seja de servidores municipais e at\u00e9 mesmo para outros munic\u00edpios que procuram conhecer o trabalho da Controladoria-Geral do Munic\u00edpio de Rio Verde."}
2025-05-19 16:16:03 - Processando pergunta 1, resposta_valor: Recebemos o convite pela Controladoria-Geral do Estado. Recebemos a idéia com entusiasmo, considerando o sucesso anterior obtido.
2025-05-19 16:16:03 - Processando pergunta 2, resposta_valor: Sim
2025-05-19 16:16:03 - Pergunta 2 - resposta_sim_nao: Sim, justificativa_valor: 
2025-05-19 16:16:03 - Processando pergunta 14, resposta_valor: Prefeitura Municipal de Rio Verde|5112|790|1527|7429
2025-05-19 16:16:03 - Pergunta 14 (planilha) - linhas brutas: ["Prefeitura Municipal de Rio Verde|5112|790|1527|7429"]
2025-05-19 16:16:03 - Pergunta 14 (planilha) - dados da linha: ["Prefeitura Municipal de Rio Verde","5112","790","1527","7429"]
2025-05-19 16:16:03 - Pergunta 14 (planilha) - planilha_data: [{"secretaria":"Prefeitura Municipal de Rio Verde","efetivos":"5112","comissionados":"790","temporarios":"1527","total_parcial":"7429"}]
2025-05-19 16:16:03 - Processando pergunta 4, resposta_valor: Sim|Gestão de Riscos|A gestão de risco proporciona a prevenção de irregularidades, no auxílio as decisões e no alinhamentno com compliance e transparência.
2025-05-19 16:16:03 - Pergunta 4 - resposta_sim_nao: Sim, eixo_selecionado: Gestão de Riscos, justificativa_valor: A gestão de risco proporciona a prevenção de irregularidades, no auxílio as decisões e no alinhamentno com compliance e transparência.
2025-05-19 16:16:03 - Processando pergunta 5, resposta_valor: Sim
2025-05-19 16:16:03 - Pergunta 5 - resposta_sim_nao: Sim, justificativa_valor: 
2025-05-19 16:16:03 - Processando pergunta 6, resposta_valor: 05 horas semanais/01 hora por dia.
2025-05-19 16:16:03 - Processando pergunta 7, resposta_valor: Sim
2025-05-19 16:16:03 - Pergunta 7 - resposta_sim_nao: Sim, justificativa_valor: 
2025-05-19 16:16:03 - Processando pergunta 8, resposta_valor: Disponibilidade dos servidores para conciliar os horários das atividades laborais e o PCM 2025: devido a demanda dos serviços.
2025-05-19 16:16:03 - Pergunta 8 - resposta_valor: Disponibilidade dos servidores para conciliar os horários das atividades laborais e o PCM 2025: devido a demanda dos serviços., outras_respostas_valor: 
2025-05-19 16:16:03 - Processando pergunta 9, resposta_valor: Pela capacitação, visando o aperfeiçoamento dos trabalhos junto aos 3 eixos e para aqueles que buscam auxílio, seja de servidores municipais e até mesmo para outros municípios que procuram conhecer o trabalho da Controladoria-Geral do Município de Rio Verde.
2025-05-19 16:17:09 - Prefeitura ID: 75
2025-05-19 16:17:09 - Total de perguntas recuperadas: 9
2025-05-19 16:17:09 - Respostas recuperadas: {"1":"Recebemos o convite pela Controladoria-Geral do Estado. Recebemos a id\u00e9ia com entusiasmo, considerando o sucesso anterior obtido.","2":"Sim","14":"Prefeitura Municipal de Rio Verde|5112|790|1527|7429","4":"Sim|Gest\u00e3o de Riscos|A gest\u00e3o de risco proporciona a preven\u00e7\u00e3o de irregularidades, no aux\u00edlio as decis\u00f5es e no alinhamentno com compliance e transpar\u00eancia.","5":"Sim","6":"05 horas semanais\/01 hora por dia.","7":"Sim","8":"Disponibilidade dos servidores para conciliar os hor\u00e1rios das atividades laborais e o PCM 2025: devido a demanda dos servi\u00e7os.","9":"Pela capacita\u00e7\u00e3o, visando o aperfei\u00e7oamento dos trabalhos junto aos 3 eixos e para aqueles que buscam aux\u00edlio, seja de servidores municipais e at\u00e9 mesmo para outros munic\u00edpios que procuram conhecer o trabalho da Controladoria-Geral do Munic\u00edpio de Rio Verde."}
2025-05-19 16:17:09 - Formulário enviado: {"resposta":{"1":"Recebemos o convite pela Controladoria-Geral do Estado. Recebemos a id\u00e9ia com entusiasmo, considerando o sucesso anterior obtido.","2":{"sim_nao":"Sim"},"4":{"sim_nao":"Sim","eixo":"Gest\u00e3o de Riscos"},"5":"Sim","6":"05 horas semanais\/01 hora por dia.","7":{"sim_nao":"Sim"},"8":"Disponibilidade dos servidores para conciliar os hor\u00e1rios das atividades laborais e o PCM 2025: devido a demanda dos servi\u00e7os.","9":"Pela capacita\u00e7\u00e3o, visando o aperfei\u00e7oamento dos trabalhos junto aos 3 eixos e para aqueles que buscam aux\u00edlio, seja de servidores municipais e at\u00e9 mesmo para outros munic\u00edpios que procuram conhecer o trabalho da Controladoria-Geral do Munic\u00edpio de Rio Verde."},"justificativa":{"2":"","4":"A gest\u00e3o de risco proporciona a preven\u00e7\u00e3o de irregularidades, no aux\u00edlio as decis\u00f5es e no alinhamento com compliance e transpar\u00eancia.","5":"","7":""},"secretaria":{"14":["Prefeitura Municipal de Rio Verde"]},"efetivos":{"14":["5112"]},"comissionados":{"14":["790"]},"temporarios":{"14":["1527"]},"salvar":""}
2025-05-19 16:17:09 - Atualizada resposta para pergunta 1: Recebemos o convite pela Controladoria-Geral do Estado. Recebemos a idéia com entusiasmo, considerando o sucesso anterior obtido.
2025-05-19 16:17:09 - Atualizada resposta para pergunta 2: Sim
2025-05-19 16:17:09 - Pergunta 14 (planilha) - Resposta gerada: Prefeitura Municipal de Rio Verde|5112|790|1527|7429
2025-05-19 16:17:09 - Atualizada resposta para pergunta 14: Prefeitura Municipal de Rio Verde|5112|790|1527|7429
2025-05-19 16:17:09 - Atualizada resposta para pergunta 4: Sim|Gestão de Riscos|A gestão de risco proporciona a prevenção de irregularidades, no auxílio as decisões e no alinhamento com compliance e transparência.
2025-05-19 16:17:09 - Atualizada resposta para pergunta 5: Sim
2025-05-19 16:17:09 - Atualizada resposta para pergunta 6: 05 horas semanais/01 hora por dia.
2025-05-19 16:17:09 - Atualizada resposta para pergunta 7: Sim
2025-05-19 16:17:09 - Atualizada resposta para pergunta 8: Disponibilidade dos servidores para conciliar os horários das atividades laborais e o PCM 2025: devido a demanda dos serviços.
2025-05-19 16:17:09 - Atualizada resposta para pergunta 9: Pela capacitação, visando o aperfeiçoamento dos trabalhos junto aos 3 eixos e para aqueles que buscam auxílio, seja de servidores municipais e até mesmo para outros municípios que procuram conhecer o trabalho da Controladoria-Geral do Município de Rio Verde.
2025-05-19 16:17:09 - Salvamento concluído com sucesso
2025-05-19 16:17:09 - Prefeitura ID: 75
2025-05-19 16:17:09 - Total de perguntas recuperadas: 9
2025-05-19 16:17:09 - Respostas recuperadas: {"1":"Recebemos o convite pela Controladoria-Geral do Estado. Recebemos a id\u00e9ia com entusiasmo, considerando o sucesso anterior obtido.","2":"Sim","14":"Prefeitura Municipal de Rio Verde|5112|790|1527|7429","4":"Sim|Gest\u00e3o de Riscos|A gest\u00e3o de risco proporciona a preven\u00e7\u00e3o de irregularidades, no aux\u00edlio as decis\u00f5es e no alinhamento com compliance e transpar\u00eancia.","5":"Sim","6":"05 horas semanais\/01 hora por dia.","7":"Sim","8":"Disponibilidade dos servidores para conciliar os hor\u00e1rios das atividades laborais e o PCM 2025: devido a demanda dos servi\u00e7os.","9":"Pela capacita\u00e7\u00e3o, visando o aperfei\u00e7oamento dos trabalhos junto aos 3 eixos e para aqueles que buscam aux\u00edlio, seja de servidores municipais e at\u00e9 mesmo para outros munic\u00edpios que procuram conhecer o trabalho da Controladoria-Geral do Munic\u00edpio de Rio Verde."}
2025-05-19 16:17:09 - Processando pergunta 1, resposta_valor: Recebemos o convite pela Controladoria-Geral do Estado. Recebemos a idéia com entusiasmo, considerando o sucesso anterior obtido.
2025-05-19 16:17:09 - Processando pergunta 2, resposta_valor: Sim
2025-05-19 16:17:09 - Pergunta 2 - resposta_sim_nao: Sim, justificativa_valor: 
2025-05-19 16:17:09 - Processando pergunta 14, resposta_valor: Prefeitura Municipal de Rio Verde|5112|790|1527|7429
2025-05-19 16:17:09 - Pergunta 14 (planilha) - linhas brutas: ["Prefeitura Municipal de Rio Verde|5112|790|1527|7429"]
2025-05-19 16:17:09 - Pergunta 14 (planilha) - dados da linha: ["Prefeitura Municipal de Rio Verde","5112","790","1527","7429"]
2025-05-19 16:17:09 - Pergunta 14 (planilha) - planilha_data: [{"secretaria":"Prefeitura Municipal de Rio Verde","efetivos":"5112","comissionados":"790","temporarios":"1527","total_parcial":"7429"}]
2025-05-19 16:17:09 - Processando pergunta 4, resposta_valor: Sim|Gestão de Riscos|A gestão de risco proporciona a prevenção de irregularidades, no auxílio as decisões e no alinhamento com compliance e transparência.
2025-05-19 16:17:09 - Pergunta 4 - resposta_sim_nao: Sim, eixo_selecionado: Gestão de Riscos, justificativa_valor: A gestão de risco proporciona a prevenção de irregularidades, no auxílio as decisões e no alinhamento com compliance e transparência.
2025-05-19 16:17:09 - Processando pergunta 5, resposta_valor: Sim
2025-05-19 16:17:09 - Pergunta 5 - resposta_sim_nao: Sim, justificativa_valor: 
2025-05-19 16:17:09 - Processando pergunta 6, resposta_valor: 05 horas semanais/01 hora por dia.
2025-05-19 16:17:09 - Processando pergunta 7, resposta_valor: Sim
2025-05-19 16:17:09 - Pergunta 7 - resposta_sim_nao: Sim, justificativa_valor: 
2025-05-19 16:17:09 - Processando pergunta 8, resposta_valor: Disponibilidade dos servidores para conciliar os horários das atividades laborais e o PCM 2025: devido a demanda dos serviços.
2025-05-19 16:17:09 - Pergunta 8 - resposta_valor: Disponibilidade dos servidores para conciliar os horários das atividades laborais e o PCM 2025: devido a demanda dos serviços., outras_respostas_valor: 
2025-05-19 16:17:09 - Processando pergunta 9, resposta_valor: Pela capacitação, visando o aperfeiçoamento dos trabalhos junto aos 3 eixos e para aqueles que buscam auxílio, seja de servidores municipais e até mesmo para outros municípios que procuram conhecer o trabalho da Controladoria-Geral do Município de Rio Verde.
2025-05-23 13:38:10 - Sessão inválida ou usuário administrador. Redirecionando para logout.
2025-05-24 21:24:38 - Sessão inválida ou usuário administrador. Redirecionando para logout.
2025-06-03 10:54:03 - Prefeitura ID: 34
2025-06-03 10:54:03 - Total de perguntas recuperadas: 9
2025-06-03 10:54:03 - Respostas recuperadas: {"1":"O convite foi enviado ao Chefe de Gabinete do Prefeito e estendido \u00e0 Procuradoria Geral.","2":"Sim","4":"N\u00e3o","5":"Sim","6":"Ideal seriam 2 horas semanais, mas caso haja necessidade, poder\u00e1 se estender a carga hor\u00e1ria","7":"Sim","8":"O maior desafio atual \u00e9 o engajamento dos servidores, apesar de conhecerem a import\u00e2ncia, o empenho e dedica\u00e7\u00e3o para implanta\u00e7\u00e3o das medidas as vezes passam por resist\u00eancias ou mesmo falta de empenho","9":"O munic\u00edpio tem se empenhado em ser modelo de transpar\u00eancia e gest\u00e3o, tendo participado de capacita\u00e7\u00f5es e implantado de algumas medidas. Por saber que o Compliance \u00e9 um programa cont\u00ednuo de melhoria e que a mudan\u00e7a de gest\u00e3o muda pessoas e consequentemente as pol\u00edticas p\u00fablicas, a capacita\u00e7\u00e3o garantiria a continuidade das a\u00e7\u00f5es j\u00e1 implantadas e sua otimiza\u00e7\u00e3o, levando o munic\u00edpio \u00e0 melhoria cont\u00ednua nos eixos de conhecimento."}
2025-06-03 10:54:03 - Processando pergunta 1, resposta_valor: O convite foi enviado ao Chefe de Gabinete do Prefeito e estendido à Procuradoria Geral.
2025-06-03 10:54:03 - Processando pergunta 2, resposta_valor: Sim
2025-06-03 10:54:03 - Pergunta 2 - resposta_sim_nao: Sim, justificativa_valor: 
2025-06-03 10:54:03 - Processando pergunta 14, resposta_valor: 
2025-06-03 10:54:03 - Processando pergunta 4, resposta_valor: Não
2025-06-03 10:54:04 - Pergunta 4 - resposta_sim_nao: Não, eixo_selecionado: , justificativa_valor: 
2025-06-03 10:54:04 - Processando pergunta 5, resposta_valor: Sim
2025-06-03 10:54:04 - Pergunta 5 - resposta_sim_nao: Sim, justificativa_valor: 
2025-06-03 10:54:04 - Processando pergunta 6, resposta_valor: Ideal seriam 2 horas semanais, mas caso haja necessidade, poderá se estender a carga horária
2025-06-03 10:54:04 - Processando pergunta 7, resposta_valor: Sim
2025-06-03 10:54:04 - Pergunta 7 - resposta_sim_nao: Sim, justificativa_valor: 
2025-06-03 10:54:04 - Processando pergunta 8, resposta_valor: O maior desafio atual é o engajamento dos servidores, apesar de conhecerem a importância, o empenho e dedicação para implantação das medidas as vezes passam por resistências ou mesmo falta de empenho
2025-06-03 10:54:04 - Pergunta 8 - resposta_valor: O maior desafio atual é o engajamento dos servidores, apesar de conhecerem a importância, o empenho e dedicação para implantação das medidas as vezes passam por resistências ou mesmo falta de empenho, outras_respostas_valor: 
2025-06-03 10:54:04 - Processando pergunta 9, resposta_valor: O município tem se empenhado em ser modelo de transparência e gestão, tendo participado de capacitações e implantado de algumas medidas. Por saber que o Compliance é um programa contínuo de melhoria e que a mudança de gestão muda pessoas e consequentemente as políticas públicas, a capacitação garantiria a continuidade das ações já implantadas e sua otimização, levando o município à melhoria contínua nos eixos de conhecimento.
2025-06-03 10:54:25 - Prefeitura ID: 34
2025-06-03 10:54:25 - Total de perguntas recuperadas: 9
2025-06-03 10:54:25 - Respostas recuperadas: {"1":"O convite foi enviado ao Chefe de Gabinete do Prefeito e estendido \u00e0 Procuradoria Geral.","2":"Sim","4":"N\u00e3o","5":"Sim","6":"Ideal seriam 2 horas semanais, mas caso haja necessidade, poder\u00e1 se estender a carga hor\u00e1ria","7":"Sim","8":"O maior desafio atual \u00e9 o engajamento dos servidores, apesar de conhecerem a import\u00e2ncia, o empenho e dedica\u00e7\u00e3o para implanta\u00e7\u00e3o das medidas as vezes passam por resist\u00eancias ou mesmo falta de empenho","9":"O munic\u00edpio tem se empenhado em ser modelo de transpar\u00eancia e gest\u00e3o, tendo participado de capacita\u00e7\u00f5es e implantado de algumas medidas. Por saber que o Compliance \u00e9 um programa cont\u00ednuo de melhoria e que a mudan\u00e7a de gest\u00e3o muda pessoas e consequentemente as pol\u00edticas p\u00fablicas, a capacita\u00e7\u00e3o garantiria a continuidade das a\u00e7\u00f5es j\u00e1 implantadas e sua otimiza\u00e7\u00e3o, levando o munic\u00edpio \u00e0 melhoria cont\u00ednua nos eixos de conhecimento."}
2025-06-03 10:54:25 - Processando pergunta 1, resposta_valor: O convite foi enviado ao Chefe de Gabinete do Prefeito e estendido à Procuradoria Geral.
2025-06-03 10:54:25 - Processando pergunta 2, resposta_valor: Sim
2025-06-03 10:54:25 - Pergunta 2 - resposta_sim_nao: Sim, justificativa_valor: 
2025-06-03 10:54:25 - Processando pergunta 14, resposta_valor: 
2025-06-03 10:54:25 - Processando pergunta 4, resposta_valor: Não
2025-06-03 10:54:26 - Pergunta 4 - resposta_sim_nao: Não, eixo_selecionado: , justificativa_valor: 
2025-06-03 10:54:26 - Processando pergunta 5, resposta_valor: Sim
2025-06-03 10:54:26 - Pergunta 5 - resposta_sim_nao: Sim, justificativa_valor: 
2025-06-03 10:54:26 - Processando pergunta 6, resposta_valor: Ideal seriam 2 horas semanais, mas caso haja necessidade, poderá se estender a carga horária
2025-06-03 10:54:26 - Processando pergunta 7, resposta_valor: Sim
2025-06-03 10:54:26 - Pergunta 7 - resposta_sim_nao: Sim, justificativa_valor: 
2025-06-03 10:54:26 - Processando pergunta 8, resposta_valor: O maior desafio atual é o engajamento dos servidores, apesar de conhecerem a importância, o empenho e dedicação para implantação das medidas as vezes passam por resistências ou mesmo falta de empenho
2025-06-03 10:54:26 - Pergunta 8 - resposta_valor: O maior desafio atual é o engajamento dos servidores, apesar de conhecerem a importância, o empenho e dedicação para implantação das medidas as vezes passam por resistências ou mesmo falta de empenho, outras_respostas_valor: 
2025-06-03 10:54:26 - Processando pergunta 9, resposta_valor: O município tem se empenhado em ser modelo de transparência e gestão, tendo participado de capacitações e implantado de algumas medidas. Por saber que o Compliance é um programa contínuo de melhoria e que a mudança de gestão muda pessoas e consequentemente as políticas públicas, a capacitação garantiria a continuidade das ações já implantadas e sua otimização, levando o município à melhoria contínua nos eixos de conhecimento.
2025-06-03 10:56:06 - Prefeitura ID: 34
2025-06-03 10:56:06 - Total de perguntas recuperadas: 9
2025-06-03 10:56:06 - Respostas recuperadas: {"1":"O convite foi enviado ao Chefe de Gabinete do Prefeito e estendido \u00e0 Procuradoria Geral.","2":"Sim","4":"N\u00e3o","5":"Sim","6":"Ideal seriam 2 horas semanais, mas caso haja necessidade, poder\u00e1 se estender a carga hor\u00e1ria","7":"Sim","8":"O maior desafio atual \u00e9 o engajamento dos servidores, apesar de conhecerem a import\u00e2ncia, o empenho e dedica\u00e7\u00e3o para implanta\u00e7\u00e3o das medidas as vezes passam por resist\u00eancias ou mesmo falta de empenho","9":"O munic\u00edpio tem se empenhado em ser modelo de transpar\u00eancia e gest\u00e3o, tendo participado de capacita\u00e7\u00f5es e implantado de algumas medidas. Por saber que o Compliance \u00e9 um programa cont\u00ednuo de melhoria e que a mudan\u00e7a de gest\u00e3o muda pessoas e consequentemente as pol\u00edticas p\u00fablicas, a capacita\u00e7\u00e3o garantiria a continuidade das a\u00e7\u00f5es j\u00e1 implantadas e sua otimiza\u00e7\u00e3o, levando o munic\u00edpio \u00e0 melhoria cont\u00ednua nos eixos de conhecimento."}
2025-06-03 10:56:06 - Processando pergunta 1, resposta_valor: O convite foi enviado ao Chefe de Gabinete do Prefeito e estendido à Procuradoria Geral.
2025-06-03 10:56:06 - Processando pergunta 2, resposta_valor: Sim
2025-06-03 10:56:06 - Pergunta 2 - resposta_sim_nao: Sim, justificativa_valor: 
2025-06-03 10:56:06 - Processando pergunta 14, resposta_valor: 
2025-06-03 10:56:06 - Processando pergunta 4, resposta_valor: Não
2025-06-03 10:56:06 - Pergunta 4 - resposta_sim_nao: Não, eixo_selecionado: , justificativa_valor: 
2025-06-03 10:56:06 - Processando pergunta 5, resposta_valor: Sim
2025-06-03 10:56:06 - Pergunta 5 - resposta_sim_nao: Sim, justificativa_valor: 
2025-06-03 10:56:06 - Processando pergunta 6, resposta_valor: Ideal seriam 2 horas semanais, mas caso haja necessidade, poderá se estender a carga horária
2025-06-03 10:56:06 - Processando pergunta 7, resposta_valor: Sim
2025-06-03 10:56:06 - Pergunta 7 - resposta_sim_nao: Sim, justificativa_valor: 
2025-06-03 10:56:06 - Processando pergunta 8, resposta_valor: O maior desafio atual é o engajamento dos servidores, apesar de conhecerem a importância, o empenho e dedicação para implantação das medidas as vezes passam por resistências ou mesmo falta de empenho
2025-06-03 10:56:06 - Pergunta 8 - resposta_valor: O maior desafio atual é o engajamento dos servidores, apesar de conhecerem a importância, o empenho e dedicação para implantação das medidas as vezes passam por resistências ou mesmo falta de empenho, outras_respostas_valor: 
2025-06-03 10:56:06 - Processando pergunta 9, resposta_valor: O município tem se empenhado em ser modelo de transparência e gestão, tendo participado de capacitações e implantado de algumas medidas. Por saber que o Compliance é um programa contínuo de melhoria e que a mudança de gestão muda pessoas e consequentemente as políticas públicas, a capacitação garantiria a continuidade das ações já implantadas e sua otimização, levando o município à melhoria contínua nos eixos de conhecimento.
2025-06-03 16:38:56 - Prefeitura ID: 56
2025-06-03 16:38:56 - Total de perguntas recuperadas: 9
2025-06-03 16:38:56 - Respostas recuperadas: {"1":"Positiva","2":"Sim","14":"ADMINISTRA\u00c7\u00c3O GERAL|177|80|0|257||257","4":"Sim|Transpar\u00eancia\/Ouvidoria|ESSENCIAL","5":"Sim","6":"3","7":"Sim","8":"RESPONSABILIDADE ADMINISTRATIVA","9":"TRANSPARENCIA COM O CIDAD\u00c3O"}
2025-06-03 16:38:56 - Processando pergunta 1, resposta_valor: Positiva
2025-06-03 16:38:56 - Processando pergunta 2, resposta_valor: Sim
2025-06-03 16:38:56 - Pergunta 2 - resposta_sim_nao: Sim, justificativa_valor: 
2025-06-03 16:38:56 - Processando pergunta 14, resposta_valor: ADMINISTRAÇÃO GERAL|177|80|0|257||257
2025-06-03 16:38:56 - Pergunta 14 (planilha) - linhas brutas: ["ADMINISTRA\u00c7\u00c3O GERAL|177|80|0|257||257"]
2025-06-03 16:38:56 - Pergunta 14 (planilha) - dados da linha: ["ADMINISTRA\u00c7\u00c3O GERAL","177","80","0","257","","257"]
2025-06-03 16:38:56 - Pergunta 14 (planilha) - planilha_data: [{"secretaria":"ADMINISTRA\u00c7\u00c3O GERAL","efetivos":"177","comissionados":"80","temporarios":"0","total_parcial":"257"}]
2025-06-03 16:38:56 - Processando pergunta 4, resposta_valor: Sim|Transparência/Ouvidoria|ESSENCIAL
2025-06-03 16:38:57 - Pergunta 4 - resposta_sim_nao: Sim, eixo_selecionado: Transparência/Ouvidoria, justificativa_valor: ESSENCIAL
2025-06-03 16:38:57 - Processando pergunta 5, resposta_valor: Sim
2025-06-03 16:38:57 - Pergunta 5 - resposta_sim_nao: Sim, justificativa_valor: 
2025-06-03 16:38:57 - Processando pergunta 6, resposta_valor: 3
2025-06-03 16:38:57 - Processando pergunta 7, resposta_valor: Sim
2025-06-03 16:38:57 - Pergunta 7 - resposta_sim_nao: Sim, justificativa_valor: 
2025-06-03 16:38:57 - Processando pergunta 8, resposta_valor: RESPONSABILIDADE ADMINISTRATIVA
2025-06-03 16:38:57 - Pergunta 8 - resposta_valor: RESPONSABILIDADE ADMINISTRATIVA, outras_respostas_valor: 
2025-06-03 16:38:57 - Processando pergunta 9, resposta_valor: TRANSPARENCIA COM O CIDADÃO
2025-06-05 14:17:11 - Prefeitura ID: 34
2025-06-05 14:17:11 - Total de perguntas recuperadas: 9
2025-06-05 14:17:11 - Respostas recuperadas: {"1":"O convite foi enviado ao Chefe de Gabinete do Prefeito e estendido \u00e0 Procuradoria Geral.","2":"Sim","4":"N\u00e3o","5":"Sim","6":"Ideal seriam 2 horas semanais, mas caso haja necessidade, poder\u00e1 se estender a carga hor\u00e1ria","7":"Sim","8":"O maior desafio atual \u00e9 o engajamento dos servidores, apesar de conhecerem a import\u00e2ncia, o empenho e dedica\u00e7\u00e3o para implanta\u00e7\u00e3o das medidas as vezes passam por resist\u00eancias ou mesmo falta de empenho","9":"O munic\u00edpio tem se empenhado em ser modelo de transpar\u00eancia e gest\u00e3o, tendo participado de capacita\u00e7\u00f5es e implantado de algumas medidas. Por saber que o Compliance \u00e9 um programa cont\u00ednuo de melhoria e que a mudan\u00e7a de gest\u00e3o muda pessoas e consequentemente as pol\u00edticas p\u00fablicas, a capacita\u00e7\u00e3o garantiria a continuidade das a\u00e7\u00f5es j\u00e1 implantadas e sua otimiza\u00e7\u00e3o, levando o munic\u00edpio \u00e0 melhoria cont\u00ednua nos eixos de conhecimento."}
2025-06-05 14:17:11 - Processando pergunta 1, resposta_valor: O convite foi enviado ao Chefe de Gabinete do Prefeito e estendido à Procuradoria Geral.
2025-06-05 14:17:11 - Processando pergunta 2, resposta_valor: Sim
2025-06-05 14:17:11 - Pergunta 2 - resposta_sim_nao: Sim, justificativa_valor: 
2025-06-05 14:17:11 - Processando pergunta 14, resposta_valor: 
2025-06-05 14:17:11 - Processando pergunta 4, resposta_valor: Não
2025-06-05 14:17:11 - Pergunta 4 - resposta_sim_nao: Não, eixo_selecionado: , justificativa_valor: 
2025-06-05 14:17:11 - Processando pergunta 5, resposta_valor: Sim
2025-06-05 14:17:11 - Pergunta 5 - resposta_sim_nao: Sim, justificativa_valor: 
2025-06-05 14:17:11 - Processando pergunta 6, resposta_valor: Ideal seriam 2 horas semanais, mas caso haja necessidade, poderá se estender a carga horária
2025-06-05 14:17:11 - Processando pergunta 7, resposta_valor: Sim
2025-06-05 14:17:11 - Pergunta 7 - resposta_sim_nao: Sim, justificativa_valor: 
2025-06-05 14:17:11 - Processando pergunta 8, resposta_valor: O maior desafio atual é o engajamento dos servidores, apesar de conhecerem a importância, o empenho e dedicação para implantação das medidas as vezes passam por resistências ou mesmo falta de empenho
2025-06-05 14:17:11 - Pergunta 8 - resposta_valor: O maior desafio atual é o engajamento dos servidores, apesar de conhecerem a importância, o empenho e dedicação para implantação das medidas as vezes passam por resistências ou mesmo falta de empenho, outras_respostas_valor: 
2025-06-05 14:17:11 - Processando pergunta 9, resposta_valor: O município tem se empenhado em ser modelo de transparência e gestão, tendo participado de capacitações e implantado de algumas medidas. Por saber que o Compliance é um programa contínuo de melhoria e que a mudança de gestão muda pessoas e consequentemente as políticas públicas, a capacitação garantiria a continuidade das ações já implantadas e sua otimização, levando o município à melhoria contínua nos eixos de conhecimento.
2025-06-05 14:18:13 - Prefeitura ID: 34
2025-06-05 14:18:13 - Total de perguntas recuperadas: 9
2025-06-05 14:18:13 - Respostas recuperadas: {"1":"O convite foi enviado ao Chefe de Gabinete do Prefeito e estendido \u00e0 Procuradoria Geral.","2":"Sim","4":"N\u00e3o","5":"Sim","6":"Ideal seriam 2 horas semanais, mas caso haja necessidade, poder\u00e1 se estender a carga hor\u00e1ria","7":"Sim","8":"O maior desafio atual \u00e9 o engajamento dos servidores, apesar de conhecerem a import\u00e2ncia, o empenho e dedica\u00e7\u00e3o para implanta\u00e7\u00e3o das medidas as vezes passam por resist\u00eancias ou mesmo falta de empenho","9":"O munic\u00edpio tem se empenhado em ser modelo de transpar\u00eancia e gest\u00e3o, tendo participado de capacita\u00e7\u00f5es e implantado de algumas medidas. Por saber que o Compliance \u00e9 um programa cont\u00ednuo de melhoria e que a mudan\u00e7a de gest\u00e3o muda pessoas e consequentemente as pol\u00edticas p\u00fablicas, a capacita\u00e7\u00e3o garantiria a continuidade das a\u00e7\u00f5es j\u00e1 implantadas e sua otimiza\u00e7\u00e3o, levando o munic\u00edpio \u00e0 melhoria cont\u00ednua nos eixos de conhecimento."}
2025-06-05 14:18:13 - Processando pergunta 1, resposta_valor: O convite foi enviado ao Chefe de Gabinete do Prefeito e estendido à Procuradoria Geral.
2025-06-05 14:18:13 - Processando pergunta 2, resposta_valor: Sim
2025-06-05 14:18:13 - Pergunta 2 - resposta_sim_nao: Sim, justificativa_valor: 
2025-06-05 14:18:13 - Processando pergunta 14, resposta_valor: 
2025-06-05 14:18:13 - Processando pergunta 4, resposta_valor: Não
2025-06-05 14:18:13 - Pergunta 4 - resposta_sim_nao: Não, eixo_selecionado: , justificativa_valor: 
2025-06-05 14:18:13 - Processando pergunta 5, resposta_valor: Sim
2025-06-05 14:18:13 - Pergunta 5 - resposta_sim_nao: Sim, justificativa_valor: 
2025-06-05 14:18:13 - Processando pergunta 6, resposta_valor: Ideal seriam 2 horas semanais, mas caso haja necessidade, poderá se estender a carga horária
2025-06-05 14:18:13 - Processando pergunta 7, resposta_valor: Sim
2025-06-05 14:18:13 - Pergunta 7 - resposta_sim_nao: Sim, justificativa_valor: 
2025-06-05 14:18:13 - Processando pergunta 8, resposta_valor: O maior desafio atual é o engajamento dos servidores, apesar de conhecerem a importância, o empenho e dedicação para implantação das medidas as vezes passam por resistências ou mesmo falta de empenho
2025-06-05 14:18:13 - Pergunta 8 - resposta_valor: O maior desafio atual é o engajamento dos servidores, apesar de conhecerem a importância, o empenho e dedicação para implantação das medidas as vezes passam por resistências ou mesmo falta de empenho, outras_respostas_valor: 
2025-06-05 14:18:13 - Processando pergunta 9, resposta_valor: O município tem se empenhado em ser modelo de transparência e gestão, tendo participado de capacitações e implantado de algumas medidas. Por saber que o Compliance é um programa contínuo de melhoria e que a mudança de gestão muda pessoas e consequentemente as políticas públicas, a capacitação garantiria a continuidade das ações já implantadas e sua otimização, levando o município à melhoria contínua nos eixos de conhecimento.
2025-06-05 14:33:25 - Prefeitura ID: 34
2025-06-05 14:33:25 - Total de perguntas recuperadas: 9
2025-06-05 14:33:25 - Respostas recuperadas: {"1":"O convite foi enviado ao Chefe de Gabinete do Prefeito e estendido \u00e0 Procuradoria Geral.","2":"Sim","4":"N\u00e3o","5":"Sim","6":"Ideal seriam 2 horas semanais, mas caso haja necessidade, poder\u00e1 se estender a carga hor\u00e1ria","7":"Sim","8":"O maior desafio atual \u00e9 o engajamento dos servidores, apesar de conhecerem a import\u00e2ncia, o empenho e dedica\u00e7\u00e3o para implanta\u00e7\u00e3o das medidas as vezes passam por resist\u00eancias ou mesmo falta de empenho","9":"O munic\u00edpio tem se empenhado em ser modelo de transpar\u00eancia e gest\u00e3o, tendo participado de capacita\u00e7\u00f5es e implantado de algumas medidas. Por saber que o Compliance \u00e9 um programa cont\u00ednuo de melhoria e que a mudan\u00e7a de gest\u00e3o muda pessoas e consequentemente as pol\u00edticas p\u00fablicas, a capacita\u00e7\u00e3o garantiria a continuidade das a\u00e7\u00f5es j\u00e1 implantadas e sua otimiza\u00e7\u00e3o, levando o munic\u00edpio \u00e0 melhoria cont\u00ednua nos eixos de conhecimento."}
2025-06-05 14:33:25 - Processando pergunta 1, resposta_valor: O convite foi enviado ao Chefe de Gabinete do Prefeito e estendido à Procuradoria Geral.
2025-06-05 14:33:25 - Processando pergunta 2, resposta_valor: Sim
2025-06-05 14:33:25 - Pergunta 2 - resposta_sim_nao: Sim, justificativa_valor: 
2025-06-05 14:33:25 - Processando pergunta 14, resposta_valor: 
2025-06-05 14:33:25 - Processando pergunta 4, resposta_valor: Não
2025-06-05 14:33:25 - Pergunta 4 - resposta_sim_nao: Não, eixo_selecionado: , justificativa_valor: 
2025-06-05 14:33:25 - Processando pergunta 5, resposta_valor: Sim
2025-06-05 14:33:25 - Pergunta 5 - resposta_sim_nao: Sim, justificativa_valor: 
2025-06-05 14:33:25 - Processando pergunta 6, resposta_valor: Ideal seriam 2 horas semanais, mas caso haja necessidade, poderá se estender a carga horária
2025-06-05 14:33:25 - Processando pergunta 7, resposta_valor: Sim
2025-06-05 14:33:25 - Pergunta 7 - resposta_sim_nao: Sim, justificativa_valor: 
2025-06-05 14:33:25 - Processando pergunta 8, resposta_valor: O maior desafio atual é o engajamento dos servidores, apesar de conhecerem a importância, o empenho e dedicação para implantação das medidas as vezes passam por resistências ou mesmo falta de empenho
2025-06-05 14:33:25 - Pergunta 8 - resposta_valor: O maior desafio atual é o engajamento dos servidores, apesar de conhecerem a importância, o empenho e dedicação para implantação das medidas as vezes passam por resistências ou mesmo falta de empenho, outras_respostas_valor: 
2025-06-05 14:33:25 - Processando pergunta 9, resposta_valor: O município tem se empenhado em ser modelo de transparência e gestão, tendo participado de capacitações e implantado de algumas medidas. Por saber que o Compliance é um programa contínuo de melhoria e que a mudança de gestão muda pessoas e consequentemente as políticas públicas, a capacitação garantiria a continuidade das ações já implantadas e sua otimização, levando o município à melhoria contínua nos eixos de conhecimento.
2025-06-05 15:18:00 - Prefeitura ID: 34
2025-06-05 15:18:00 - Total de perguntas recuperadas: 9
2025-06-05 15:18:00 - Respostas recuperadas: {"1":"O convite foi enviado ao Chefe de Gabinete do Prefeito e estendido \u00e0 Procuradoria Geral.","2":"Sim","4":"N\u00e3o","5":"Sim","6":"Ideal seriam 2 horas semanais, mas caso haja necessidade, poder\u00e1 se estender a carga hor\u00e1ria","7":"Sim","8":"O maior desafio atual \u00e9 o engajamento dos servidores, apesar de conhecerem a import\u00e2ncia, o empenho e dedica\u00e7\u00e3o para implanta\u00e7\u00e3o das medidas as vezes passam por resist\u00eancias ou mesmo falta de empenho","9":"O munic\u00edpio tem se empenhado em ser modelo de transpar\u00eancia e gest\u00e3o, tendo participado de capacita\u00e7\u00f5es e implantado de algumas medidas. Por saber que o Compliance \u00e9 um programa cont\u00ednuo de melhoria e que a mudan\u00e7a de gest\u00e3o muda pessoas e consequentemente as pol\u00edticas p\u00fablicas, a capacita\u00e7\u00e3o garantiria a continuidade das a\u00e7\u00f5es j\u00e1 implantadas e sua otimiza\u00e7\u00e3o, levando o munic\u00edpio \u00e0 melhoria cont\u00ednua nos eixos de conhecimento."}
2025-06-05 15:18:00 - Processando pergunta 1, resposta_valor: O convite foi enviado ao Chefe de Gabinete do Prefeito e estendido à Procuradoria Geral.
2025-06-05 15:18:00 - Processando pergunta 2, resposta_valor: Sim
2025-06-05 15:18:00 - Pergunta 2 - resposta_sim_nao: Sim, justificativa_valor: 
2025-06-05 15:18:00 - Processando pergunta 14, resposta_valor: 
2025-06-05 15:18:00 - Processando pergunta 4, resposta_valor: Não
2025-06-05 15:18:00 - Pergunta 4 - resposta_sim_nao: Não, eixo_selecionado: , justificativa_valor: 
2025-06-05 15:18:00 - Processando pergunta 5, resposta_valor: Sim
2025-06-05 15:18:01 - Pergunta 5 - resposta_sim_nao: Sim, justificativa_valor: 
2025-06-05 15:18:01 - Processando pergunta 6, resposta_valor: Ideal seriam 2 horas semanais, mas caso haja necessidade, poderá se estender a carga horária
2025-06-05 15:18:01 - Processando pergunta 7, resposta_valor: Sim
2025-06-05 15:18:01 - Pergunta 7 - resposta_sim_nao: Sim, justificativa_valor: 
2025-06-05 15:18:01 - Processando pergunta 8, resposta_valor: O maior desafio atual é o engajamento dos servidores, apesar de conhecerem a importância, o empenho e dedicação para implantação das medidas as vezes passam por resistências ou mesmo falta de empenho
2025-06-05 15:18:01 - Pergunta 8 - resposta_valor: O maior desafio atual é o engajamento dos servidores, apesar de conhecerem a importância, o empenho e dedicação para implantação das medidas as vezes passam por resistências ou mesmo falta de empenho, outras_respostas_valor: 
2025-06-05 15:18:01 - Processando pergunta 9, resposta_valor: O município tem se empenhado em ser modelo de transparência e gestão, tendo participado de capacitações e implantado de algumas medidas. Por saber que o Compliance é um programa contínuo de melhoria e que a mudança de gestão muda pessoas e consequentemente as políticas públicas, a capacitação garantiria a continuidade das ações já implantadas e sua otimização, levando o município à melhoria contínua nos eixos de conhecimento.
2025-06-06 08:25:11 - Prefeitura ID: 34
2025-06-06 08:25:11 - Total de perguntas recuperadas: 9
2025-06-06 08:25:11 - Respostas recuperadas: {"1":"O convite foi enviado ao Chefe de Gabinete do Prefeito e estendido \u00e0 Procuradoria Geral.","2":"Sim","4":"N\u00e3o","5":"Sim","6":"Ideal seriam 2 horas semanais, mas caso haja necessidade, poder\u00e1 se estender a carga hor\u00e1ria","7":"Sim","8":"O maior desafio atual \u00e9 o engajamento dos servidores, apesar de conhecerem a import\u00e2ncia, o empenho e dedica\u00e7\u00e3o para implanta\u00e7\u00e3o das medidas as vezes passam por resist\u00eancias ou mesmo falta de empenho","9":"O munic\u00edpio tem se empenhado em ser modelo de transpar\u00eancia e gest\u00e3o, tendo participado de capacita\u00e7\u00f5es e implantado de algumas medidas. Por saber que o Compliance \u00e9 um programa cont\u00ednuo de melhoria e que a mudan\u00e7a de gest\u00e3o muda pessoas e consequentemente as pol\u00edticas p\u00fablicas, a capacita\u00e7\u00e3o garantiria a continuidade das a\u00e7\u00f5es j\u00e1 implantadas e sua otimiza\u00e7\u00e3o, levando o munic\u00edpio \u00e0 melhoria cont\u00ednua nos eixos de conhecimento."}
2025-06-06 08:25:11 - Processando pergunta 1, resposta_valor: O convite foi enviado ao Chefe de Gabinete do Prefeito e estendido à Procuradoria Geral.
2025-06-06 08:25:11 - Processando pergunta 2, resposta_valor: Sim
2025-06-06 08:25:11 - Pergunta 2 - resposta_sim_nao: Sim, justificativa_valor: 
2025-06-06 08:25:11 - Processando pergunta 14, resposta_valor: 
2025-06-06 08:25:11 - Processando pergunta 4, resposta_valor: Não
2025-06-06 08:25:11 - Pergunta 4 - resposta_sim_nao: Não, eixo_selecionado: , justificativa_valor: 
2025-06-06 08:25:11 - Processando pergunta 5, resposta_valor: Sim
2025-06-06 08:25:11 - Pergunta 5 - resposta_sim_nao: Sim, justificativa_valor: 
2025-06-06 08:25:11 - Processando pergunta 6, resposta_valor: Ideal seriam 2 horas semanais, mas caso haja necessidade, poderá se estender a carga horária
2025-06-06 08:25:11 - Processando pergunta 7, resposta_valor: Sim
2025-06-06 08:25:11 - Pergunta 7 - resposta_sim_nao: Sim, justificativa_valor: 
2025-06-06 08:25:11 - Processando pergunta 8, resposta_valor: O maior desafio atual é o engajamento dos servidores, apesar de conhecerem a importância, o empenho e dedicação para implantação das medidas as vezes passam por resistências ou mesmo falta de empenho
2025-06-06 08:25:11 - Pergunta 8 - resposta_valor: O maior desafio atual é o engajamento dos servidores, apesar de conhecerem a importância, o empenho e dedicação para implantação das medidas as vezes passam por resistências ou mesmo falta de empenho, outras_respostas_valor: 
2025-06-06 08:25:11 - Processando pergunta 9, resposta_valor: O município tem se empenhado em ser modelo de transparência e gestão, tendo participado de capacitações e implantado de algumas medidas. Por saber que o Compliance é um programa contínuo de melhoria e que a mudança de gestão muda pessoas e consequentemente as políticas públicas, a capacitação garantiria a continuidade das ações já implantadas e sua otimização, levando o município à melhoria contínua nos eixos de conhecimento.
2025-06-06 16:15:22 - Prefeitura ID: 34
2025-06-06 16:15:22 - Total de perguntas recuperadas: 9
2025-06-06 16:15:22 - Respostas recuperadas: {"1":"O convite foi enviado ao Chefe de Gabinete do Prefeito e estendido \u00e0 Procuradoria Geral.","2":"Sim","4":"N\u00e3o","5":"Sim","6":"Ideal seriam 2 horas semanais, mas caso haja necessidade, poder\u00e1 se estender a carga hor\u00e1ria","7":"Sim","8":"O maior desafio atual \u00e9 o engajamento dos servidores, apesar de conhecerem a import\u00e2ncia, o empenho e dedica\u00e7\u00e3o para implanta\u00e7\u00e3o das medidas as vezes passam por resist\u00eancias ou mesmo falta de empenho","9":"O munic\u00edpio tem se empenhado em ser modelo de transpar\u00eancia e gest\u00e3o, tendo participado de capacita\u00e7\u00f5es e implantado de algumas medidas. Por saber que o Compliance \u00e9 um programa cont\u00ednuo de melhoria e que a mudan\u00e7a de gest\u00e3o muda pessoas e consequentemente as pol\u00edticas p\u00fablicas, a capacita\u00e7\u00e3o garantiria a continuidade das a\u00e7\u00f5es j\u00e1 implantadas e sua otimiza\u00e7\u00e3o, levando o munic\u00edpio \u00e0 melhoria cont\u00ednua nos eixos de conhecimento."}
2025-06-06 16:15:22 - Processando pergunta 1, resposta_valor: O convite foi enviado ao Chefe de Gabinete do Prefeito e estendido à Procuradoria Geral.
2025-06-06 16:15:23 - Processando pergunta 2, resposta_valor: Sim
2025-06-06 16:15:23 - Pergunta 2 - resposta_sim_nao: Sim, justificativa_valor: 
2025-06-06 16:15:23 - Processando pergunta 14, resposta_valor: 
2025-06-06 16:15:23 - Processando pergunta 4, resposta_valor: Não
2025-06-06 16:15:23 - Pergunta 4 - resposta_sim_nao: Não, eixo_selecionado: , justificativa_valor: 
2025-06-06 16:15:23 - Processando pergunta 5, resposta_valor: Sim
2025-06-06 16:15:23 - Pergunta 5 - resposta_sim_nao: Sim, justificativa_valor: 
2025-06-06 16:15:23 - Processando pergunta 6, resposta_valor: Ideal seriam 2 horas semanais, mas caso haja necessidade, poderá se estender a carga horária
2025-06-06 16:15:23 - Processando pergunta 7, resposta_valor: Sim
2025-06-06 16:15:23 - Pergunta 7 - resposta_sim_nao: Sim, justificativa_valor: 
2025-06-06 16:15:23 - Processando pergunta 8, resposta_valor: O maior desafio atual é o engajamento dos servidores, apesar de conhecerem a importância, o empenho e dedicação para implantação das medidas as vezes passam por resistências ou mesmo falta de empenho
2025-06-06 16:15:24 - Pergunta 8 - resposta_valor: O maior desafio atual é o engajamento dos servidores, apesar de conhecerem a importância, o empenho e dedicação para implantação das medidas as vezes passam por resistências ou mesmo falta de empenho, outras_respostas_valor: 
2025-06-06 16:15:24 - Processando pergunta 9, resposta_valor: O município tem se empenhado em ser modelo de transparência e gestão, tendo participado de capacitações e implantado de algumas medidas. Por saber que o Compliance é um programa contínuo de melhoria e que a mudança de gestão muda pessoas e consequentemente as políticas públicas, a capacitação garantiria a continuidade das ações já implantadas e sua otimização, levando o município à melhoria contínua nos eixos de conhecimento.
2025-06-09 15:06:20 - Sessão inválida ou usuário administrador. Redirecionando para logout.
